ce_id,ce_name,cmd_idx,japanese_text,vietnamese_translation
125,セラ行動_治療4,18,本当はセックスしたいんですよね？,
125,セラ行動_治療4,65,私と恋人みたいに濃厚なセックス、したいですか？,
125,セラ行動_治療4,106,じゃあ、私に身を任せてください。,
125,セラ行動_治療4,107,すぐに負かしてあげます。,
125,セラ行動_治療4,155,偉いですよ……ちょっと残念ですけど。,
125,セラ行動_治療4,175,決して怒ってなんていませんし。,
137,セラ行動_治療5,328,思いっきり腰を振りませんか？,
152,セラ行動_治療11,343,ここで甘やかして欲しい？,
152,セラ行動_治療11,363,恥ずかしい恰好しちゃお？,
152,セラ行動_治療11,383,残念。,
152,セラ行動_治療11,409,そろそろ本気パイズリでトドメ刺してもらう？,
154,セラ行動_治療15,384,おちんちんが反応するかしないかで賭けましょう。,
154,セラ行動_治療15,592,あなたが表情を崩すか崩さないかで賭けましょう。,
158,セラ行動_治療17,207,あなたもここにおちんちん入れたいですよね……？』,
158,セラ行動_治療17,228,セックスも偽物で良いですよね？,
162,セラ行動_治療19,468,触り心地がいいですよ。,
164,セラ行動_治療21,158,もう、いいですよね……？,
164,セラ行動_治療21,172,あなたのおちんちん、入れてくれますか……？,
164,セラ行動_治療21,192,そうですよね、あなたも我慢できないですよね……♡,
164,セラ行動_治療21,213,なんでぇ……。,
166,セラ行動_治療22,124,さすが変態マゾだね。,
166,セラ行動_治療22,138,サービスしてあげてもいいけど？,
166,セラ行動_治療22,158,じゃあ罵られて我慢汁漏らす準備しろ。,
166,セラ行動_治療22,234,生意気……。,
304,お金経験値付与,619,射精ゲージの最大値が999に到達した！,
304,お金経験値付与,633,射精ゲージの最大値が20増えた！,
304,お金経験値付与,648,射精ゲージの最大値が40増えた！,
304,お金経験値付与,653,射精ゲージの最大値が999に到達した！,
304,お金経験値付与,670,射精ゲージの最大値が60増えた！,
304,お金経験値付与,675,射精ゲージの最大値が999に到達した！,
304,お金経験値付与,688,射精ゲージの最大値が80増えた！,
304,お金経験値付与,693,射精ゲージの最大値が999に到達した！,
304,お金経験値付与,709,お金を\c[14]\v[74]\c[0]得た！,
310,アフターケア解放,6,※治療選択画面からプレイできます。,
364,アフターケア導入初回,51,というのは世の常です。,
364,アフターケア導入初回,65,その原因を早急に取り除かなくてはなりません。,
364,アフターケア導入初回,81,認識できていない可能性は十分にあります。,
364,アフターケア導入初回,95,あなたの心をケアできればと。,
364,アフターケア導入初回,109,疲れを自覚しているなら遠慮なく私に甘えてください。,
364,アフターケア導入初回,130,してさしあげられますので。,
364,アフターケア導入初回,151,魔法で録画させていただきますのでご了承ください。,
365,アフターケア導入,12,まずはお話をしてリラックスしましょう。,
366,アフターケア5導入初回,8,セラさん出かけて帰ってこないな……）,
366,アフターケア5導入初回,28,なんであなたがここに！？,
366,アフターケア5導入初回,44,気になって来ちゃった☆,
366,アフターケア5導入初回,58,今から「チリョー」してもらう予定なの？,
366,アフターケア5導入初回,61,癒してもらったりする、みたいな感じですけど……。,
366,アフターケア5導入初回,77,お兄さん、甘えん坊で恥ずかしー♡　くすくす♡,
366,アフターケア5導入初回,91,ほったらかしにされてかわいそ～。,
366,アフターケア5導入初回,107,代わりに私がやってあげよっか？♡,
366,アフターケア5導入初回,110,なんでですか！,
366,アフターケア5導入初回,137,スッキリしてみたいでしょ？♡,
366,アフターケア5導入初回,154,この欲しがりさんめ♡,
366,アフターケア5導入初回,168,早く案内してよ♡,
366,アフターケア5導入初回,185,いちゃいちゃしちゃお……？♡,
367,アフターケア5導入,13,いちゃいちゃしちゃお……？♡,
368,アフターケア1-1,16,知りたいんですか？,
368,アフターケア1-1,30,不安なんですね。,
368,アフターケア1-1,44,あなたのことを可愛いと思っています。,
368,アフターケア1-1,58,全て好意の裏返しです。,
368,アフターケア1-1,72,私に見せて欲しいくらいですが……。,
368,アフターケア1-1,99,ありませんので。,
368,アフターケア1-1,114,まずは私の方からきっかけを作りましょう。,
368,アフターケア1-1,131,よしよし。,
368,アフターケア1-1,145,ここにはあなたと優しいナースさんしかいませんから。,
368,アフターケア1-1,161,良かったです。,
368,アフターケア1-1,193,それは治療で意地悪をしているからでしょうか。,
368,アフターケア1-1,209,あなたが可愛い反応をするせいですよ？,
368,アフターケア1-1,228,軽くあなたの乳首をかりかりとしてみると……。,
368,アフターケア1-1,242,そういう反応が私をSにさせているんですよ。,
368,アフターケア1-1,256,私になら、そういった面を見せても良いです。,
368,アフターケア1-1,272,ふふ。,
368,アフターケア1-1,302,もちろん用意していますよ。,
368,アフターケア1-1,316,……一足先に味見してしまいますか？,
368,アフターケア1-1,333,にゅこにゅこちこちこ……。,
368,アフターケア1-1,347,あなた好みの粘度ではないですか？,
368,アフターケア1-1,361,お気に召したようですね。,
368,アフターケア1-1,394,私の膝の上で癒してあげますね。,
369,アフターケア1-2,16,どうですか？　心地良いですか？,
369,アフターケア1-2,43,その分私がたくさん撫でてあげます。,
369,アフターケア1-2,57,よしよし、と……。,
369,アフターケア1-2,72,ますます硬くなってきました。,
369,アフターケア1-2,102,元気よく吸い付いていますね。,
369,アフターケア1-2,131,精神の安定のために必要なことです。,
369,アフターケア1-2,186,しこ……しこ……。,
369,アフターケア1-2,200,おちんちんを撫でていきます。,
369,アフターケア1-2,214,格好いいですよ。,
369,アフターケア1-2,228,お精子を作ってください。,
369,アフターケア1-2,242,待っていてあげますからね。,
369,アフターケア1-2,271,しこしこしこしこ……。,
369,アフターケア1-2,285,気持ちいいですね。,
369,アフターケア1-2,299,刺激は強いのに痛くないでしょう？,
369,アフターケア1-2,313,伝えてあげます。,
369,アフターケア1-2,327,授乳手コキを楽しんでください。,
369,アフターケア1-2,361,いいですよ。,
369,アフターケア1-2,376,好きな時に出してください。,
369,アフターケア1-2,390,気持ちよくなってしまいましょう。,
369,アフターケア1-2,412,すごく飛んでます……♡,
369,アフターケア1-2,429,これで次の治療頑張れますね。,
370,アフターケア2-1,28,私を気にする必要はありません。,
370,アフターケア2-1,42,あえて感想を述べるというのもやぶさかではないですが……。,
370,アフターケア2-1,72,満足しましたか？,
370,アフターケア2-1,87,……この後、またしましょうね。,
370,アフターケア2-1,114,ふむ……。,
370,アフターケア2-1,128,私は他の人とえっちしたことがあると思いますか？,
370,アフターケア2-1,143,入れられたことがあると思いますか？,
370,アフターケア2-1,163,評価してくれているのですね。,
370,アフターケア2-1,179,あなたは自分が初めてであって欲しいんですね。,
370,アフターケア2-1,209,あなた専属ナースですから当然ですよね。,
370,アフターケア2-1,250,天使も生き物ですので。,
370,アフターケア2-1,264,時にはやきもちを焼くこともあります。,
370,アフターケア2-1,279,仲良く話しているとイライラしてしまいますね。,
370,アフターケア2-1,293,サキュバスは危険なのでできるだけ避けてください。,
370,アフターケア2-1,333,選ぶ時は苦労しました。,
370,アフターケア2-1,365,どうでしょうか？,
370,アフターケア2-1,380,歩いている時大変だったんですよ？,
370,アフターケア2-1,395,後日……やりますからね？,
371,アフターケア2-2,16,後ろからだとおっぱいが揉みやすいですか？,
371,アフターケア2-2,30,しっかりと甘えん坊さんですね。,
371,アフターケア2-2,44,今は甘えて大丈夫な時間なので。,
371,アフターケア2-2,58,こうした所作で感情を読み取れたほうが都合が良いです。,
371,アフターケア2-2,72,私に愛でさせてください。,
371,アフターケア2-2,100,恥ずかしいのですが……。,
371,アフターケア2-2,115,良い匂い、だったのでしょうか……？,
371,アフターケア2-2,130,オカズにされるのは想定していませんでした。,
371,アフターケア2-2,145,選ぶことにしましょう。,
371,アフターケア2-2,175,私のおまんこ、どうですか？,
371,アフターケア2-2,190,気持ちいいのではないでしょうか。,
371,アフターケア2-2,205,名残惜しそうにしつこく吸い付きますからね。,
371,アフターケア2-2,220,セックスお上手ですよ。,
371,アフターケア2-2,264,激しい……♡,
371,アフターケア2-2,279,ふふ……。,
371,アフターケア2-2,294,今は我慢しなくていいですから。,
371,アフターケア2-2,309,おちんちんを幸せにしてあげましょう。,
371,アフターケア2-2,324,私も、幸せな気持ちになります……♡,
371,アフターケア2-2,359,じゃあ、好きに腰を振って出してしまいましょう。,
371,アフターケア2-2,374,一番奥に、種付けしてください……♡,
371,アフターケア2-2,408,気持ちよくなれましたか……？♡,
372,アフターケア3-1,17,いかがでしたでしょうか？,
372,アフターケア3-1,39,初めての試みだったので少し緊張しましたが良かったです。,
372,アフターケア3-1,57,安心してください、私も緊張していましたから。,
372,アフターケア3-1,75,好きな人とお出かけするのならなおさらです。,
372,アフターケア3-1,90,あなたにリードしてもらったりして気がほぐれました。,
372,アフターケア3-1,106,ふふ。,
372,アフターケア3-1,133,確かに少々特殊な施術方法でしたからね。,
372,アフターケア3-1,147,あのように喘いでいたら可愛いなと思い、治療に組み込んでみました。,
372,アフターケア3-1,161,私の希望的観測で心情を想像しただけですが。,
372,アフターケア3-1,175,「早くセラさんに甘えたいよ～♡」って顔に書いてあります。,
372,アフターケア3-1,189,良い子にして待ちましょうね？,
372,アフターケア3-1,216,連戦連敗でしたね。,
372,アフターケア3-1,231,今は叱ったりしませんよ。,
372,アフターケア3-1,249,よしよし。,
372,アフターケア3-1,263,ナースさんしかいませんから。,
372,アフターケア3-1,277,また叱られないように頑張りましょうね。,
372,アフターケア3-1,306,正直なところ医療知識は少ないです。,
372,アフターケア3-1,320,治療する程度しか今はできません。,
372,アフターケア3-1,334,特にあなたのメンタルケアなら他の誰よりもできるはずです。,
372,アフターケア3-1,348,おっぱいを揉むと癒されることも把握しています。,
372,アフターケア3-1,364,この知識、合っていますか？,
372,アフターケア3-1,388,やっぱりそうですよね？,
372,アフターケア3-1,403,女性に揉む許可を貰う方が好きなのも知っています。,
372,アフターケア3-1,418,私だけは分かっていますからね。,
372,アフターケア3-1,434,あなたの照れをほだす方法をもっと勉強しないとですね。,
373,アフターケア3-2,15,とっても囁きやすいです。,
373,アフターケア3-2,29,注ぎ込んであげますね。,
373,アフターケア3-2,43,格好良いですね。,
373,アフターケア3-2,57,そのままじっくりお精子を作りましょう。,
373,アフターケア3-2,71,楽しみですね。,
373,アフターケア3-2,98,よしよし。,
373,アフターケア3-2,112,なでなで、なでなで。,
373,アフターケア3-2,126,ちゃんと受け止めていてあげます。,
373,アフターケア3-2,140,享受してください。,
373,アフターケア3-2,154,お気遣いなく。,
373,アフターケア3-2,183,どうですか？　気持ち良いですか？,
373,アフターケア3-2,197,お返事お上手ですね。,
373,アフターケア3-2,211,感じてしまって大丈夫です。,
373,アフターケア3-2,225,いたって普通の性癖です。,
373,アフターケア3-2,239,だから安心して精子のぼらせてください。,
373,アフターケア3-2,268,では……しこしこしこしこ。,
373,アフターケア3-2,282,丁寧に足を動かしますよ。,
373,アフターケア3-2,296,おちんちんに与えてあげます。,
373,アフターケア3-2,310,時には足に甘えたい時もありますもんね。,
373,アフターケア3-2,324,しこしこしこしこ……♡,
373,アフターケア3-2,358,私の足の間でぴゅってしましょう。,
373,アフターケア3-2,378,熱いお精子出せましたね。,
373,アフターケア3-2,394,ちゃんと搾り取ってあげます。,
374,アフターケア4-1,30,変なことを言ってしまっていませんか？,
374,アフターケア4-1,52,私がそんなことを……？,
374,アフターケア4-1,68,ナースである私がそんなふしだらなことをするはずが……！,
374,アフターケア4-1,100,そうですか。,
374,アフターケア4-1,114,なんだかもったいないですね。,
374,アフターケア4-1,129,自分の様子を録画してみても良いかもしれません。,
374,アフターケア4-1,161,お気に召していただいたみたいですね。,
374,アフターケア4-1,188,試してみましょう。,
374,アフターケア4-1,259,普通のちゅーよりドキドキしましたか？,
374,アフターケア4-1,300,ケアの最中は叱責しない約束でした。,
374,アフターケア4-1,314,私の時より距離が近い気がするのです。,
374,アフターケア4-1,328,友人のような空気感と言いますか……。,
374,アフターケア4-1,343,別の話をしましょう。,
374,アフターケア4-1,383,副産物として生まれたとか。,
374,アフターケア4-1,397,大きい私に甘えたいですか？,
374,アフターケア4-1,411,またしたいですか？,
374,アフターケア4-1,457,また私がお姉ちゃんになってあげます♡,
375,アフターケア4-2,16,そう呼ばれるのは効きますね……。,
375,アフターケア4-2,31,はい、お姉ちゃんですよ。,
375,アフターケア4-2,45,甘えたくてお姉ちゃんのこと呼んだのかな？,
375,アフターケア4-2,59,私はあなただけのお姉ちゃんだから。,
375,アフターケア4-2,73,お姉ちゃんは自分のものだって主張していいんだよ。,
375,アフターケア4-2,103,小さいおちんちんを頑張って奥に挿入していますね。,
375,アフターケア4-2,118,頑張っているんですか？,
375,アフターケア4-2,147,お股がきゅんきゅんしちゃいます……。,
375,アフターケア4-2,162,お腰ぐりぐりってしましょうね,
375,アフターケア4-2,189,ゆっくり慣らしていきましょう。,
375,アフターケア4-2,206,んっ……♡,
375,アフターケア4-2,221,大人ちんちんになっていると思います。,
375,アフターケア4-2,236,腰を引かないように頑張れますか？,
375,アフターケア4-2,251,恰好良いですよ。,
375,アフターケア4-2,281,身体は小さくても男の子ですね。,
375,アフターケア4-2,296,セックスがんばれ。,
375,アフターケア4-2,311,私の体はビクともしませんからご遠慮なくどうぞ。,
375,アフターケア4-2,326,乾いた音が鳴ってえっちですね。,
375,アフターケア4-2,341,あなたもお好きにお漏らししてくださいね。,
375,アフターケア4-2,376,はい、どうぞ中出ししてください。,
375,アフターケア4-2,396,沢山出てます、いい子ですよ。,
375,アフターケア4-2,411,甘えんぼするのがお上手になりますね。,
376,アフターケア5-1,15,すぐキレるし何がいいの？,
376,アフターケア5-1,31,苦労するよ～？,
376,アフターケア5-1,51,だって天使だもん。,
376,アフターケア5-1,65,他の天使よりはましだけど。,
376,アフターケア5-1,79,天使の中では一番好きだよ？,
376,アフターケア5-1,109,もちろんだ～い好きだよ♡,
376,アフターケア5-1,124,みんな大好き♡,
376,アフターケア5-1,138,大丈夫、一番好きなのはお兄さんだよ♡,
376,アフターケア5-1,152,イジっても面白いもん。,
376,アフターケア5-1,169,すぐ顔あか～くするんだもん……♡,
376,アフターケア5-1,183,いっそのこと私のものにしちゃおっかな～……♡,
376,アフターケア5-1,197,なんちゃって♡　くすくすくす……♡,
376,アフターケア5-1,227,お兄さん危機管理能力無いの？,
376,アフターケア5-1,242,サービスしてあげてもいいけど。,
376,アフターケア5-1,272,お兄さんはいつも頑張ってえらいね。,
376,アフターケア5-1,286,肩の力なんて抜いちゃえ。,
376,アフターケア5-1,300,ここから先は有料でーす♡,
376,アフターケア5-1,328,お兄さん悪いんだ～……♡,
376,アフターケア5-1,343,ただじゃ済まないんだよ？♡,
376,アフターケア5-1,358,こういうのはもっと背徳的な状況じゃないと♡,
376,アフターケア5-1,373,金玉に淫紋を刻んで奴隷にできちゃうかも？♡,
376,アフターケア5-1,388,冗談ですよ～ドMの変態さん♡,
376,アフターケア5-1,403,させてあげないと面白くないしね……？♡,
376,アフターケア5-1,436,しょうがないお兄さんだな～♡,
377,アフターケア5-2,17,お兄さんらしいね？♡　くすくす♡,
377,アフターケア5-2,31,お兄さんは勝てるかな～？♡,
377,アフターケア5-2,45,がんばれがんばれ～♡,
377,アフターケア5-2,59,こんなので背伸びしたつもり？♡,
377,アフターケア5-2,73,勝つ気ないんですか～？♡　あははっ♡,
377,アフターケア5-2,100,れろれろれろ……♡,
377,アフターケア5-2,113,出ちゃうのかな？,
377,アフターケア5-2,126,お兄さんみたいなマゾにぴったりだよ？♡,
377,アフターケア5-2,139,私が手伝ってあげる♡　れろれろれろ♡,
377,アフターケア5-2,152,だっさ～い♡,
377,アフターケア5-2,179,れろっ……ちゅっ……♡,
377,アフターケア5-2,192,もしかして、お口犯してるつもりだった？♡,
377,アフターケア5-2,205,ただへっぴり腰になっただけかと思ってた♡,
377,アフターケア5-2,218,もちろん舌の動きは止めてあげないけど♡,
377,アフターケア5-2,231,んふふ♡　そーそー、上手上手♡,
377,アフターケア5-2,258,くぽっ♡　やっ、んっ♡,
377,アフターケア5-2,271,お兄さんにお口犯されちゃう～♡,
377,アフターケア5-2,284,人間に負けるなんてやだやだぁ♡,
377,アフターケア5-2,297,何ムキになってるの？♡　真に受けた？♡,
377,アフターケア5-2,310,頑張って滑稽でちゅね～♡,
377,アフターケア5-2,342,もっといじめたかったのに、ちんちん雑魚すぎ～♡,
377,アフターケア5-2,355,お口で受け止めてあげる♡,
377,アフターケア5-2,373,精子おいし……っ♡,
377,アフターケア5-2,387,全部ちょうだい♡　ちゅ～……っ♡,
377,アフターケア5-2,403,煮詰まったお兄さんの子種だ～い好き……♡,
378,アフターケア6-1,16,えっと、それは……。,
378,アフターケア6-1,46,メロメロになって治療も上手くいくと言葉巧みに……。,
378,アフターケア6-1,62,なってはいますが……。,
378,アフターケア6-1,106,必要でないから使っていないだけで。,
378,アフターケア6-1,120,見えない手でものに触れる魔法などは便利ですよ。,
378,アフターケア6-1,134,こちょこちょこちょ～……と、くすぐったりできます。,
378,アフターケア6-1,151,おちんちんが大きく……。,
378,アフターケア6-1,166,どうして勃起させているんですか？,
378,アフターケア6-1,180,しっかりカルテに記録しておきますから。,
378,アフターケア6-1,208,私の演技力に驚かれましたか？,
378,アフターケア6-1,222,記録したものがありまして、参考にしました。,
378,アフターケア6-1,237,あるのですが、披露してよろしいでしょうか？,
378,アフターケア6-1,260,おまんこっ、変になっちゃうっ♡,
378,アフターケア6-1,275,イきたくなっ、もうイく♡　イくぅ……っ♡,
378,アフターケア6-1,291,お好きでしたか。,
378,アフターケア6-1,305,こほん。,
378,アフターケア6-1,321,ないんでしょうか。本当にマゾですね。,
378,アフターケア6-1,335,性癖歪みすぎです。,
378,アフターケア6-1,354,興奮しましたか？,
378,アフターケア6-1,386,急にどうされたんですか？,
378,アフターケア6-1,401,不器用な人。,
378,アフターケア6-1,416,いい子いい子。,
378,アフターケア6-1,431,じゃあ後でいっぱいハグしてあげます。,
378,アフターケア6-1,446,気持ちよくしちゃいますからね……♡,
378,アフターケア6-1,479,あなたは楽にしていてください。,
379,アフターケア6-2,15,どうですか？　安心しますか？,
379,アフターケア6-2,28,しかし鼻息が荒くなっているご様子。,
379,アフターケア6-2,41,いいですよ、この柔らかさを感じてください。,
379,アフターケア6-2,54,おっぱいで媚びられていますよ。,
379,アフターケア6-2,87,いいですよ。,
379,アフターケア6-2,101,じゅるっ、ちゅうっ……♡,
379,アフターケア6-2,114,れろれろ……じゅるる……っ♡,
379,アフターケア6-2,127,あなたのケアだというのに。,
379,アフターケア6-2,140,問題ないですよね？♡,
379,アフターケア6-2,153,好き……♡　好きですよ……♡,
379,アフターケア6-2,179,おちんちんをおまんこで、よしよし……♡,
379,アフターケア6-2,192,おちんちんを硬く育てていきましょう。,
379,アフターケア6-2,205,気持ちよくなれますからね。,
379,アフターケア6-2,218,引っかいています……♡,
379,アフターケア6-2,231,すごいですね。とっても偉い。,
379,アフターケア6-2,255,はぁ……んっ……♡,
379,アフターケア6-2,268,奥まで届いてしまいます……♡,
379,アフターケア6-2,281,おちんちんに響きます……♡,
379,アフターケア6-2,294,気持ちいい……♡,
379,アフターケア6-2,307,しれませんが、耐えて欲しいです……♡,
379,アフターケア6-2,339,分かりました。,
379,アフターケア6-2,352,お好きなタイミングでどうぞ。,
379,アフターケア6-2,370,出ていますね……♡,
379,アフターケア6-2,384,しっかり搾り取りますからね……♡,
380,アフターケア7-1,42,あなたとはしゃぐ時間の方が多かったです。,
380,アフターケア7-1,56,思っていましたが、人気な理由が分かりました。,
380,アフターケア7-1,70,見せるための装飾なのですね。,
380,アフターケア7-1,96,あぁ、食べ物の感想を述べることですか。,
380,アフターケア7-1,110,日記を付けているんです。,
380,アフターケア7-1,124,事細かく書いているのですが、,
380,アフターケア7-1,152,もっと適切な言葉で表現できますよ。,
380,アフターケア7-1,177,さ、さすがに恥ずかしいのですが……。,
380,アフターケア7-1,215,あるんですか……？,
380,アフターケア7-1,231,想像がつくでしょう……。,
380,アフターケア7-1,246,教えません。,
380,アフターケア7-1,264,あるんですか……？,
380,アフターケア7-1,280,……大体、毎日は……。,
380,アフターケア7-1,295,別にいいでしょう。,
380,アフターケア7-1,326,人間とは違う生き物です。,
380,アフターケア7-1,340,なんらおかしなことではありません。,
380,アフターケア7-1,354,私には不思議に思えます。,
380,アフターケア7-1,371,勃起が止まらない時はないのですか？,
380,アフターケア7-1,385,発情期ではないと？,
380,アフターケア7-1,399,考えるとえっちですね……。,
380,アフターケア7-1,414,愛らしく感じます。ふふ。,
380,アフターケア7-1,447,よしよししてあげますね。,
381,アフターケア7-2,15,れろれろれろ……♡,
381,アフターケア7-2,28,お気遣いはいりませんよ。,
381,アフターケア7-2,42,私だけが可愛がれて嬉しいです。,
381,アフターケア7-2,56,ふふ……ひくひくしています。,
381,アフターケア7-2,97,れろ、じゅるる……♡,
381,アフターケア7-2,110,紐付けるのが最も手っ取り早いです。,
381,アフターケア7-2,123,お尻を舐めることで、,
381,アフターケア7-2,136,気持ちいいと刷り込ませることができます。,
381,アフターケア7-2,149,「好きなプレイ」に変えていきましょう……♡,
381,アフターケア7-2,175,しこしこしこしこ……♡,
381,アフターケア7-2,189,こちらも速めに……れろれろれろ……♡,
381,アフターケア7-2,202,これ、効いちゃいますか？,
381,アフターケア7-2,215,サービスが捗ってしまいますね。,
381,アフターケア7-2,228,楽しんでください……♡,
381,アフターケア7-2,254,しこしこしこしこ……♡,
381,アフターケア7-2,267,感じているのがよく分かります。,
381,アフターケア7-2,281,ほぐしてあげます。れろれろれろ……♡,
381,アフターケア7-2,294,心が無防備になるでしょう？,
381,アフターケア7-2,307,とっても気持ち良いですね……♡,
381,アフターケア7-2,336,えぇ、お尻の反応で分かっていました。,
381,アフターケア7-2,349,れろれろれろれろ……♡,
381,アフターケア7-2,367,出し切ってください、れろっ、ちゅっ、じゅる♡,
381,アフターケア7-2,384,新しい扉を開けましたか？,
382,アフターケア8-1,18,えぇっと……。,
382,アフターケア8-1,34,「傷付きながら頑張っている人」なんです。,
382,アフターケア8-1,49,思いますから。,
382,アフターケア8-1,64,意地悪するのも好きになって……。,
382,アフターケア8-1,79,変態さんにはすごくきゅんとします。,
382,アフターケア8-1,95,ふふ。,
382,アフターケア8-1,122,彼女に相談しに行ったんですか……？,
382,アフターケア8-1,139,あなたの信頼を得ているんですか……！,
382,アフターケア8-1,160,嫌いです。,
382,アフターケア8-1,177,取り持ったことだけは感謝しますが……。,
382,アフターケア8-1,191,商売人としての資質は尊敬に値します。,
382,アフターケア8-1,207,出会えていないのが本当に腹立たしいです。,
382,アフターケア8-1,235,好きでしたから、惚れっぽく感じるかもしれません。,
382,アフターケア8-1,250,あなたが初めてなんです。,
382,アフターケア8-1,265,私が初めてじゃないですよね？,
382,アフターケア8-1,298,私が上書きしていきます、このように。,
382,アフターケア8-1,313,頭の中を私の記憶でいっぱいにします。,
382,アフターケア8-1,328,じっくり楽しみましょう？♡,
382,アフターケア8-1,358,ナースと患者という関係です。,
382,アフターケア8-1,372,許されませんが……、,
382,アフターケア8-1,386,今は思っています。,
382,アフターケア8-1,400,私たちは私たちです。,
382,アフターケア8-1,414,自分なりの方法で気持ちを伝えれば良いかと。,
382,アフターケア8-1,458,伝わりましたか？,
382,アフターケア8-1,473,ちゅっ、れろ……っ♡,
382,アフターケア8-1,488,受け取ってください……♡,
382,アフターケア8-1,522,私だけを頼ってください……♡,
383,アフターケア8-2,15,それでも言って欲しいんですか？,
383,アフターケア8-2,42,私ももっと言いたいと思っていました。,
383,アフターケア8-2,57,大好きです……♡,
383,アフターケア8-2,72,ピストンに込めてくださいね♡,
383,アフターケア8-2,99,私が愛してあげますね？,
383,アフターケア8-2,114,かりかりかりかり……♡,
383,アフターケア8-2,128,大好きですもんね。,
383,アフターケア8-2,142,かりっ……かりっ……♡,
383,アフターケア8-2,156,かりかりかりかり♡,
383,アフターケア8-2,185,おちんちんとっても硬いです……♡,
383,アフターケア8-2,200,その方がストロークが長くて気持ち良いですから。,
383,アフターケア8-2,215,上手にセックスしましょう。,
383,アフターケア8-2,230,素敵です♡,
383,アフターケア8-2,245,気持ち良くなれていい子ですね♡,
383,アフターケア8-2,275,んっ♡,
383,アフターケア8-2,290,普段とまた違った良さがあります。,
383,アフターケア8-2,305,ちょっとおまんこを締めますね。,
383,アフターケア8-2,320,大丈夫ですよ、あなたのペースで犯してください♡,
383,アフターケア8-2,335,ちゃんと見ていてあげますからね♡,
383,アフターケア8-2,370,精液出ちゃいますか？,
383,アフターケア8-2,403,イくっ……♡,
383,アフターケア8-2,418,よく頑張りましたね……♡,
404,ショップ初回,8,今のうちに補充しておこう。,
404,ショップ初回,11,入ってみよう。,
404,ショップ初回,77,剣構えないで！,
404,ショップ初回,92,そんなに睨んだら格好いい顔が台無しだよぉ？♡,
404,ショップ初回,123,挫折しちゃったっていうかぁ……。,
404,ショップ初回,140,生きていこうかなって思ったっていうかぁ……。,
404,ショップ初回,172,どっちでも勝てないなんてどうしようもないじゃん！！,
404,ショップ初回,186,退治しないでね♡,
404,ショップ初回,204,話が分かる～♡,
404,ショップ初回,218,冒険に必要なものは一通りそろってるよ。,
404,ショップ初回,234,ハイポーション10個セットがお得ですよー！,
404,ショップ初回,250,スペシャルアイテムなんだけど～、,
404,ショップ初回,271,魔物の間じゃ定番なんだぁ。,
404,ショップ初回,286,特におすすめだよ♡　なんちゃって♡,
404,ショップ初回,289,早漏の治療に使えるかもしれない）,
404,ショップ初回,312,本当に欲しいの？,
404,ショップ初回,329,お兄さんの癖にテクニシャンぶろうなんて生意気じゃーん♡,
405,メインストーリー1,28,お大事に。,
405,メインストーリー1,31,ありがとうございました。,
405,メインストーリー1,34,ナースとしてこういうことをされてるんですか？,
405,メインストーリー1,50,ナースになったのは最近です。,
405,メインストーリー1,64,ナースを名乗り始めたに過ぎません。,
405,メインストーリー1,78,迷う要因が早漏ならば、我々が治療しなくては。,
405,メインストーリー1,109,なのにモンスター娘のいる場所には行けないだなんて,
405,メインストーリー1,110,大きな損失でしょう。,
405,メインストーリー1,137,治療すべきなので仕方がありません。,
405,メインストーリー1,140,相変わらず真顔でそういうこと言いますね。,
405,メインストーリー1,158,私は「あなた専属ナース」だと先日ご説明したはずですが。,
405,メインストーリー1,172,ここはあなたのためのクリニックですので。,
405,メインストーリー1,175,なんで僕専属なんだ……）,
405,メインストーリー1,191,私を疑っているのですか？,
405,メインストーリー1,194,そういうわけでは！,
405,メインストーリー1,221,気が気ではないのではないですか？,
405,メインストーリー1,240,そう悩まれると少し困ってしまいます。,
405,メインストーリー1,257,治療に必要だと判断しました。,
405,メインストーリー1,306,聞いたことがあります。,
405,メインストーリー1,335,視線が泳いでいますね。,
405,メインストーリー1,349,じー……。,
405,メインストーリー1,352,緊張してしまって……。,
405,メインストーリー1,366,安心させるどころか逆効果だった、ということですか。,
405,メインストーリー1,386,すみません。,
405,メインストーリー1,452,間違ってないです！,
405,メインストーリー1,467,そう、ですか。,
405,メインストーリー1,482,そういうものなのでしょうか。,
405,メインストーリー1,504,天使は一切笑わないっていう話）,
405,メインストーリー1,507,騙されてるんだけどな）,
406,メインストーリー2-1,20,とても良いことです。,
406,メインストーリー2-1,34,行おうと考えています。,
406,メインストーリー2-1,63,あなたを虜にさせる……ということです。,
406,メインストーリー2-1,80,甘く意地悪してくる相手にも強くなれますよ。,
406,メインストーリー2-1,94,上書きしてしまうのですから。,
406,メインストーリー2-1,121,よろしいでしょうか。,
407,メインストーリー2-2,25,この後どこかお出かけするんですか？,
407,メインストーリー2-2,41,治療に必要な物資を街に買いに行こうかと。,
407,メインストーリー2-2,46,着いて行ってもいいですか？,
407,メインストーリー2-2,63,構いませんが、面白いことなど何もありませんよ。,
407,メインストーリー2-2,66,ご迷惑でなければですが。,
407,メインストーリー2-2,81,分かりました、少々お待ちください。,
407,メインストーリー2-2,86,見たことがないから、少し気になる）,
407,メインストーリー2-2,89,人となりを知ってみたい）,
407,メインストーリー2-2,114,あるらしいのですが……。,
407,メインストーリー2-2,117,このあたりの地理なら分かりますよ。,
407,メインストーリー2-2,140,すげースタイルいいな。,
407,メインストーリー2-2,143,でも彼氏が一緒か……。,
407,メインストーリー2-2,146,羨ましいな～。,
407,メインストーリー2-2,178,当然まんざらでもありませんが。,
407,メインストーリー2-2,194,セラさんみたいな人とそういう風に見てもらえるのは光栄です。,
407,メインストーリー2-2,229,そ、そういうわけでは……！,
407,メインストーリー2-2,275,あぁ、ここにありました。,
407,メインストーリー2-2,304,どうして少し恥ずかしそうな顔をしているんですか？,
407,メインストーリー2-2,320,初心な反応をしてしまうところも可愛いですね。,
407,メインストーリー2-2,334,少しこの棚を物色させてもらいます。,
407,メインストーリー2-2,348,特性の違う商品がたくさん置かれています。,
407,メインストーリー2-2,362,治療に最適なものを探したかったので。,
407,メインストーリー2-2,376,しっかりと確認が必要ですね。,
407,メインストーリー2-2,392,あなたに合わせたものを厳選しなくては……。,
407,メインストーリー2-2,410,しかしこちらも……治療によって使い分けるのも良いでしょうか……。,
407,メインストーリー2-2,428,あなたは早漏なので今はまだ重要視せずとも良いでしょうか。,
407,メインストーリー2-2,442,ねっとりと絡みつくように治療するのも捨てがたいですね。,
407,メインストーリー2-2,456,勃起をさらに促して敏感にし、弄ぶのも良い治療ができそうです。,
407,メインストーリー2-2,477,少し前屈みになっているの、バレていますよ。,
407,メインストーリー2-2,504,今は我慢してくださいね。,
407,メインストーリー2-2,553,僕が勝手についてきただけですから。,
407,メインストーリー2-2,567,なら、ついて来てもらって良かった、と言うべきでしょうか。,
407,メインストーリー2-2,591,あんまりセラさんのことは聞けなかった）,
407,メインストーリー2-2,636,それは何に対しての感謝ですか？,
407,メインストーリー2-2,639,そのお礼です。,
407,メインストーリー2-2,642,強くなってきました。,
407,メインストーリー2-2,671,ですが、そうですね……。,
408,メインストーリー3-1,20,そろそろ違った内容で処置を行っていこうと思います。,
408,メインストーリー3-1,36,分かりますか？,
408,メインストーリー3-1,52,つまりそこが対モンスター娘における最大の弱点ということです。,
408,メインストーリー3-1,66,避けて通れない道と言えます。,
408,メインストーリー3-1,80,「先っぽばっかり集中応援治療」とさせていただきます。,
408,メインストーリー3-1,94,前回とは違った形で施術を行いたいと思います。,
408,メインストーリー3-1,115,よりおちんちんに血が集まりやすいのでは？,
408,メインストーリー3-1,132,効果てきめん、と言ったところでしょうか。,
408,メインストーリー3-1,147,ある程度手加減はしますよ。ある程度は、ですが。,
408,メインストーリー3-1,161,私に差し出していただいてよろしいでしょうか。,
409,メインストーリー3-2,45,今日もえっちなやつ欲しいのぉ？♡,
409,メインストーリー3-2,61,最近熱心に集めてるよねぇ、エロテクの本。,
409,メインストーリー3-2,77,おちんちんはよわよわな癖に生意気～♡,
409,メインストーリー3-2,96,冗談冗談！,
409,メインストーリー3-2,111,大目に見ちゃってよぉ。,
409,メインストーリー3-2,148,こんにちは！,
409,メインストーリー3-2,162,このお店にはよく来られるのですか？,
409,メインストーリー3-2,208,色々ウチで買ってたわけ？,
409,メインストーリー3-2,224,良かった～気になってるのがこの人じゃなくて♡,
409,メインストーリー3-2,260,離れてください。,
409,メインストーリー3-2,299,このくらいいつも通りでしょ？♡,
409,メインストーリー3-2,371,お兄さんはいっつもウチに買い物しに来てくれるんですよぉ？♡,
409,メインストーリー3-2,411,人間には見えませんが……。,
409,メインストーリー3-2,427,私サキュバスなんだ～♡,
409,メインストーリー3-2,441,その度にお兄さんが守ってくれるんだ♡,
409,メインストーリー3-2,459,浅～いところしか知らないあなたには分からないだろうけど♡,
409,メインストーリー3-2,488,人をたぶらかす本能までは抑えられていないようですね。,
409,メインストーリー3-2,504,排除します。,
409,メインストーリー3-2,522,ななな何ムキになってんのバッカじゃない？,
409,メインストーリー3-2,556,ヤバ！！,
409,メインストーリー3-2,576,浄化される！！,
409,メインストーリー3-2,579,セラさんも落ち着いて！,
409,メインストーリー3-2,593,天使としての仕事ですので。,
409,メインストーリー3-2,596,勘弁してあげてください！,
409,メインストーリー3-2,613,2対1とか天使ちゃんかわいそ～、ぷぷぷ～。,
409,メインストーリー3-2,628,冒険者の……あなたの最大の敵でしょう。,
409,メインストーリー3-2,645,それならば強硬手段に……。,
409,メインストーリー3-2,648,次何かしたら引き渡すんで！　ね！？,
409,メインストーリー3-2,662,今は見逃して差し上げます。,
409,メインストーリー3-2,676,絶対にあなたより私の方がこの方のことを好きですから。,
409,メインストーリー3-2,694,私は別に好きじゃないけど。,
409,メインストーリー3-2,713,あなたも挑発しないでください！,
409,メインストーリー3-2,742,行きましょう、サキュバスは危険です。,
409,メインストーリー3-2,777,分かりやすく切れてる。,
409,メインストーリー3-2,793,趣味悪っ。顔は悪くないけど愛想無さ過ぎ～。,
409,メインストーリー3-2,826,お兄さんの好みなんてどうでもいいけどさー、気を付けなよ？,
409,メインストーリー3-2,882,強制的に自分のつがいにしたやつらがいて禁止になったとか。,
409,メインストーリー3-2,896,人間の前じゃぴくりとも笑わないんだって。,
409,メインストーリー3-2,910,どんな目的があるんだろーね。,
409,メインストーリー3-2,924,そもそも、あの子って本当に天使なのかな？,
409,メインストーリー3-2,972,善良なサキュバスちゃんがアドバイスしてあげただけ♡,
409,メインストーリー3-2,997,そもそも私たちは一緒に来たわけではないですから。,
409,メインストーリー3-2,1011,危険だと判断したので連れ出すことにしたまでです。,
409,メインストーリー3-2,1042,それならいいんです。誘惑に屈していなくて安心しました。,
409,メインストーリー3-2,1056,アレが何をしでかすか分かりません。,
410,メインストーリー4-1,33,私は思います。,
410,メインストーリー4-1,47,やってみますか？,
410,メインストーリー4-1,105,この程度の誘惑に負けてはいけません。,
410,メインストーリー4-1,119,耐える治療です。,
410,メインストーリー4-1,146,中出しをぴゅっぴゅ～ってできるらぶらぶえっちです。,
410,メインストーリー4-1,160,絶対に誘惑に負けてはいけませんよ？,
410,メインストーリー4-1,175,とっても気持ちよく食べられてしまいますから……♡,
411,メインストーリー4-2,18,……あっ。,
411,メインストーリー4-2,36,すみません、はしたないところを見せてしまいました。,
411,メインストーリー4-2,54,あなた専属ナースとしてお恥ずかしい限りです。,
411,メインストーリー4-2,59,初めて見たかもしれません。,
411,メインストーリー4-2,74,天使も食事くらいはしますが。,
411,メインストーリー4-2,77,なんだか浮世離れしているからイメージできなくて。,
411,メインストーリー4-2,92,栄養補給は他の生物同様に必須です。,
411,メインストーリー4-2,106,天使の世界のそれより圧倒的に発展しているので驚いています。,
411,メインストーリー4-2,122,とても気に入っています。,
411,メインストーリー4-2,125,大好物になっちゃうかもしれませんね。,
411,メインストーリー4-2,139,ケーキ、ですか。,
411,メインストーリー4-2,166,良ければ今度一緒に行きませんか？,
411,メインストーリー4-2,186,……いやしかし、これではまるで逢引きのようですね。,
411,メインストーリー4-2,200,困ってしまいます。,
411,メインストーリー4-2,218,ではこうしましょう。,
411,メインストーリー4-2,245,あなたは私にドキドキしないように我慢してください。,
411,メインストーリー4-2,259,そういった相手へ対抗するための治療です。,
411,メインストーリー4-2,275,一般人を装う必要がありますから。,
411,メインストーリー4-2,289,それこそ、逢引きに着ていくような一張羅が。,
411,メインストーリー4-2,324,好みですか？,
411,メインストーリー4-2,327,順当に女の子っぽい服でしょうか。,
411,メインストーリー4-2,341,参考にさせていただきます。,
411,メインストーリー4-2,361,中々悩ましいですが、治療のためですから仕方ありません。,
411,メインストーリー4-2,375,しばらく待っていてください。,
412,メインストーリー5-1,33,多くの被害者を出している種が分かりますか？,
412,メインストーリー5-1,49,サキュバスは生息数が多い上、その実力も侮れません。,
412,メインストーリー5-1,65,本当に悪質です。,
412,メインストーリー5-1,94,男性を誘惑するフェロモンを漂わせることができます。,
412,メインストーリー5-1,108,そのフェロモンに頼りきっている部分があります。,
412,メインストーリー5-1,122,フェロモンさえ封じれば無力も同然です。,
412,メインストーリー5-1,136,対サキュバス戦は大幅に有利になるということです。,
412,メインストーリー5-1,151,お香があります。,
412,メインストーリー5-1,165,シミュレーションしましょう。,
412,メインストーリー5-1,168,たかれてる気がするんですが……。,
412,メインストーリー5-1,182,ですから、この説明をしている間に準備は完了しているはずです。,
412,メインストーリー5-1,252,あなたを誘惑してしまいましょう。,
412,メインストーリー5-1,272,可愛い冒険者さん……♡,
413,メインストーリー5-2,44,あなたは私にドキドキしないように我慢してください。,
413,メインストーリー5-2,54,待ち合わせ場所へやってきていた。,
413,メインストーリー5-2,57,結局どんな服にしたんだろうか）,
413,メインストーリー5-2,128,恥ずかしいのですが……。,
413,メインストーリー5-2,160,安心しました。,
413,メインストーリー5-2,174,過度に気を取られないように気を付けてください。,
413,メインストーリー5-2,201,例のお店へのエスコート、よろしくお願いいたします。,
413,メインストーリー5-2,226,中は綺麗なものですね。,
413,メインストーリー5-2,244,メニューがあるので選びましょう。,
413,メインストーリー5-2,258,色々なケーキがあるのですね。,
413,メインストーリー5-2,274,どれも気になります……。,
413,メインストーリー5-2,288,どんな味ですか？,
413,メインストーリー5-2,320,これがショートケーキ……。,
413,メインストーリー5-2,334,いちごが堂々と上に乗っています。,
413,メインストーリー5-2,348,端から食べましょう。,
413,メインストーリー5-2,394,ケーキはもっと甘くて美味しいです。,
413,メインストーリー5-2,409,甘くて美味しいです。,
413,メインストーリー5-2,432,まさにそれです。,
413,メインストーリー5-2,446,さらに美味しいんです。,
413,メインストーリー5-2,449,次の一口がまた甘く感じますよ。,
413,メインストーリー5-2,463,ではコーヒーを飲んでから……ごくっ。,
413,メインストーリー5-2,492,今私はより甘さを感じています。,
413,メインストーリー5-2,509,大発見です。,
413,メインストーリー5-2,524,苦いや酸っぱいも織り交ぜると相乗効果が生まれるのですね。,
413,メインストーリー5-2,540,もぐもぐもぐ……。,
413,メインストーリー5-2,563,はい、あーん。,
413,メインストーリー5-2,566,は、恥ずかしいですよ……人目もありますし……。,
413,メインストーリー5-2,608,では、あーん。,
413,メインストーリー5-2,635,私の間接キス付きですよ？,
413,メインストーリー5-2,651,可愛いですね。,
413,メインストーリー5-2,667,やり返された……）,
413,メインストーリー5-2,711,お店を教えてくださってありがとうございます。,
413,メインストーリー5-2,714,セラさんは治療って言ってましたけど、普通に楽しんじゃいました。,
413,メインストーリー5-2,728,治療はここからが本番ですから。,
413,メインストーリー5-2,753,どうしてこんなところに？,
413,メインストーリー5-2,770,あなただけに見てもらいたいものがあるんです。,
413,メインストーリー5-2,813,あなたと甘い時間を過ごしたせいで、こんなにも濡れています。,
413,メインストーリー5-2,828,ここでいつものような実践治療を行いましょう。,
413,メインストーリー5-2,831,ここでするんですか！？,
413,メインストーリー5-2,846,丁度いいシチュエーションかと。,
413,メインストーリー5-2,861,おねだりしちゃいします。,
413,メインストーリー5-2,908,課外治療、開始です。,
414,メインストーリー6-1,26,あなたと甘い時間を過ごしたせいで、こんなにも濡れています。,
414,メインストーリー6-1,41,ここでいつものような実践治療を行いましょう。,
414,メインストーリー6-1,56,課外治療、開始です。,
415,メインストーリー6-2,30,お疲れ様です。,
415,メインストーリー6-2,46,……あくまで治癒効率の話ですが。,
415,メインストーリー6-2,88,直したいなと。,
415,メインストーリー6-2,105,少々恥ずかしいですから……。,
415,メインストーリー6-2,116,どこかに体液が付いてないか気が気じゃない……。,
415,メインストーリー6-2,119,ここで待っておこう。,
415,メインストーリー6-2,124,言ってたけど）,
415,メインストーリー6-2,127,治療は続いてるってことでいいのかな）,
415,メインストーリー6-2,149,僕が変なところを汚していなかったらいいんですが。,
415,メインストーリー6-2,163,あなたのために用意した服なので本望です。,
415,メインストーリー6-2,177,それで、今からどうしましょうか。,
415,メインストーリー6-2,193,あなたはこの後、用事はないのですか？,
415,メインストーリー6-2,209,それならいいんですが。,
415,メインストーリー6-2,223,ある程度治療はできましたし……。,
415,メインストーリー6-2,234,庭園があるんですが、行ってみませんか？,
415,メインストーリー6-2,250,いかにも男女が逢引に行きそうで非常に治療向きな場所です。,
415,メインストーリー6-2,253,そうですね、僕もそう思って言ってみました。,
415,メインストーリー6-2,267,早速向かいましょう。,
415,メインストーリー6-2,293,心が落ち着きます。,
415,メインストーリー6-2,296,まぁ、ちょっと人が多いので賑やかですが。,
415,メインストーリー6-2,310,若い男女が多いですね。,
415,メインストーリー6-2,328,僕らは逆に浮いてるかもしれませんよ。,
415,メインストーリー6-2,374,うーん……でもそれでは……。,
415,メインストーリー6-2,378,今日はなんだか様子が変だな）,
415,メインストーリー6-2,392,あの。,
415,メインストーリー6-2,406,変ではありませんか？,
415,メインストーリー6-2,409,むしろ馴染んでいると思います,
415,メインストーリー6-2,436,選びましたからね。,
415,メインストーリー6-2,450,女の子らしさを表現しています。,
415,メインストーリー6-2,453,色々考えているんですね。,
415,メインストーリー6-2,467,治療のためですから……。,
415,メインストーリー6-2,487,言える人なのに、なんで今日は言葉に詰まってるんだろう）,
415,メインストーリー6-2,535,「まだ一緒にいたい」って言って欲しかったのかな）,
415,メインストーリー6-2,538,もしそうなんだったら――）,
415,メインストーリー6-2,556,はい、なんでしょうか。,
415,メインストーリー6-2,574,はい、そうですよ。,
415,メインストーリー6-2,588,数多の候補から選び抜かれた一着です。,
415,メインストーリー6-2,602,これまでの傾向を分析して――。,
415,メインストーリー6-2,608,めちゃくちゃ僕のタイプです。,
415,メインストーリー6-2,658,よりよい治療を提供するのが私の使命ですから。,
415,メインストーリー6-2,673,次回の治療にも活かせますし、それに、ええと……。,
415,メインストーリー6-2,718,嬉しいです。,
415,メインストーリー6-2,733,しなさそうです。,
416,メインストーリー7-1,21,変ではありませんか？,
416,メインストーリー7-1,24,もしかしてこの間の治療の時に来ていた下着ですか？,
416,メインストーリー7-1,39,下着単体でも治療に使ってみようかと。,
416,メインストーリー7-1,54,何を考えているのか当ててあげましょうか？,
416,メインストーリー7-1,76,早く抱きたいっ、えっちしたい……っ♡」,
416,メインストーリー7-1,98,何せ私の選んだこの服は可愛いとのことですから。,
416,メインストーリー7-1,112,耳が赤くなっていますよ。,
416,メインストーリー7-1,126,羞恥心を煽られてしまいましたか？,
416,メインストーリー7-1,140,今から行うのは心を読んでくる魔物への耐性を付ける治療なのですから。,
416,メインストーリー7-1,154,考えている言葉は……、,
416,メインストーリー7-1,175,セラさんの下品なセリフ好きぃ……♡」,
416,メインストーリー7-1,211,ぜーんぶ丸裸にしてさしあげます。,
417,メインストーリー7-2,30,偉いですね。,
417,メインストーリー7-2,33,セラさんのおかげです。,
417,メインストーリー7-2,47,改善されてきたのではないでしょうか。,
417,メインストーリー7-2,76,あなたの様子をお聞かせ願います。,
417,メインストーリー7-2,81,その、油断してたのもあって負けちゃいましたね～……。,
417,メインストーリー7-2,84,負けちゃったっけ……。,
417,メインストーリー7-2,104,たまたま最近は負け続きだっただけなんです！,
417,メインストーリー7-2,120,本当に重症ですね、あなたは。,
417,メインストーリー7-2,149,恥ずかしいからって隠していましたね？,
417,メインストーリー7-2,178,あるみたいですね。,
418,メインストーリー8-1,22,治療をするということですか？,
418,メインストーリー8-1,36,少々趣が誓うかもしれませんが。,
418,メインストーリー8-1,50,試しにあなたの被暗示性を検証してみましょうか。,
418,メインストーリー8-1,64,コホン。,
418,メインストーリー8-1,87,うぅ……。,
418,メインストーリー8-1,106,やはりあなたは催眠に弱かったようです。,
418,メインストーリー8-1,120,行動させることができる魔法があるのです。,
418,メインストーリー8-1,147,どうか耐えてくださいね。,
418,メインストーリー8-1,182,このまま治療を始めてしまいましょう。,
419,メインストーリー8-2,29,今日も治療を……、,
419,メインストーリー8-2,59,どうしたんですか？,
419,メインストーリー8-2,64,切らしてしまったせいで手当できていなくて。,
419,メインストーリー8-2,67,包帯か何か置いてたり――。,
419,メインストーリー8-2,87,急いで手当をしなければ。,
419,メインストーリー8-2,101,私があなた専属ナースとして絶対に治してあげますからね。,
419,メインストーリー8-2,105,ってうわぁ！？,
419,メインストーリー8-2,128,少し沁みますよ。,
419,メインストーリー8-2,142,ここをこうして……。,
419,メインストーリー8-2,171,あなたがけがをした際のことも想定していました。,
419,メインストーリー8-2,185,物理的な手当になりますが。,
419,メインストーリー8-2,199,すべて私が治します。,
419,メインストーリー8-2,213,使わないようにしてください。,
419,メインストーリー8-2,218,ナースになったのは最近って言ってましたけど。,
419,メインストーリー8-2,245,あなたのために。,
419,メインストーリー8-2,259,そう思っているので。,
419,メインストーリー8-2,262,そんなに心配しなくても大丈夫ですよ。,
419,メインストーリー8-2,276,心配します。,
419,メインストーリー8-2,318,だめです。,
419,メインストーリー8-2,349,とても素敵だと思います。,
419,メインストーリー8-2,391,身体の傷もチェックしますからね。,
419,メインストーリー8-2,405,少々お待ちください。,
420,メインストーリー9-1,59,楽しんでいってください。,
420,メインストーリー9-1,75,施術を行おうと思います。,
420,メインストーリー9-1,91,私は気づきました。,
420,メインストーリー9-1,105,色仕掛けで騙されてしまうだろうということに。,
420,メインストーリー9-1,119,時には知らない町の夜のお店へ誘われる可能性があります。,
420,メインストーリー9-1,133,身ぐるみをはがされてしまわないよう、,
420,メインストーリー9-1,162,あなたには刺激が強過ぎます。,
420,メインストーリー9-1,176,冷静な判断ができるはずです。,
420,メインストーリー9-1,190,本来好きであるあなたからの誉め言葉も華麗にスルーします。,
420,メインストーリー9-1,204,あなたはいつもとは違う戦法で私に挑んできてください。,
420,メインストーリー9-1,225,私と一緒に楽しいひと時を過ごしましょうね。,
421,メインストーリー9-2,31,ショーをするお店ではお酒を飲むと聞きました。,
421,メインストーリー9-2,45,心配なので、一緒にお酒を飲みましょう。,
421,メインストーリー9-2,61,今のうちに耐性をつけておきましょう。,
421,メインストーリー9-2,77,おつぎしますね。,
421,メインストーリー9-2,91,良さそうなものを選びました。,
421,メインストーリー9-2,94,ご馳走になっちゃってなんだか悪いですね。,
421,メインストーリー9-2,112,私には美味しさが分からないかもしれませんが……。,
421,メインストーリー9-2,126,私も飲んだ方が実践に即しているかもしれませんね。,
421,メインストーリー9-2,155,乾杯。,
421,メインストーリー9-2,159,ん！　これ、美味しいです！,
421,メインストーリー9-2,187,やはり甘くはないのですね。,
421,メインストーリー9-2,190,でも料理に合うと思いますよ。,
421,メインストーリー9-2,204,良いですね。作りましょう。,
421,メインストーリー9-2,207,ここ、キッチンありましたっけ？,
421,メインストーリー9-2,222,なので作りません。,
421,メインストーリー9-2,225,セ、セラさん……？,
421,メインストーリー9-2,239,うふふ。,
421,メインストーリー9-2,257,ふわふわします。,
421,メインストーリー9-2,260,セラさん、もしかしてもう酔いました？,
421,メインストーリー9-2,289,ほら、お顔を見せてください。,
421,メインストーリー9-2,326,ちゅ……っ。,
421,メインストーリー9-2,352,ぶどうの味がしませんね。,
421,メインストーリー9-2,367,ごくっ……ごくっ……。,
421,メインストーリー9-2,370,今日はこれくらいにしておきましょう！,
421,メインストーリー9-2,385,飲みます。,
421,メインストーリー9-2,424,ごくっ……。ほら、飲みましたよ。,
421,メインストーリー9-2,439,んふふ。,
421,メインストーリー9-2,456,好き。,
422,メインストーリー10-1,25,難しい顔をして。,
422,メインストーリー10-1,39,文面では変化が表記しきれていないところがありまして。,
422,メインストーリー10-1,55,色々考えてもらってありがとうございます。,
422,メインストーリー10-1,82,お付き合いしていただきたいです。,
422,メインストーリー10-1,85,どんな方法ですか？,
422,メインストーリー10-1,106,明確な数値が記されていないことが挙げられます。,
422,メインストーリー10-1,122,想像できないですね。,
422,メインストーリー10-1,136,私があなたにカウントダウンを行うんです。,
422,メインストーリー10-1,194,どの数字まで耐えられたか数値を記録できますよね？,
422,メインストーリー10-1,208,身体がぶるりと震えましたね。,
422,メインストーリー10-1,222,これも記録しておきましょう。,
422,メインストーリー10-1,236,さっそく始めていきましょうか。,
423,メインストーリー10-2,14,店内にセラがいることに気づいた。,
423,メインストーリー10-2,39,そういうの冷やかしって言うんだよぉ？,
423,メインストーリー10-2,53,これは必要なことです。,
423,メインストーリー10-2,67,神に誓って言えますか？,
423,メインストーリー10-2,96,はいこの話おしまーい。,
423,メインストーリー10-2,123,私が許しませんからね。,
423,メインストーリー10-2,139,できないっての……。,
423,メインストーリー10-2,153,おすすめの商品を見せてください、店員さん。,
423,メインストーリー10-2,169,そーですねぇ、お客さんにおすすめなのは……。,
423,メインストーリー10-2,198,確かに治療に役立てられる可能性がありますね……。,
423,メインストーリー10-2,214,私は女ですから、サキュバス視点の方が良いのでは。,
423,メインストーリー10-2,228,やっぱり天使ちゃんはあの人のことぜーんぜん知らないんだね～♡,
423,メインストーリー10-2,270,律儀に勉強しているお兄さんの姿を想像するんです。,
423,メインストーリー10-2,286,マゾの癖に可愛い～って気持ちになれますよ♡,
423,メインストーリー10-2,315,サキュバスも販売員も同じ。,
423,メインストーリー10-2,357,このくらい余裕余裕♡,
423,メインストーリー10-2,399,本当は強いのに女性に弱いというギャップがまた愛らしいのです。,
423,メインストーリー10-2,428,裏ではあんあん鳴かされてるのが笑えるって感じ。,
423,メインストーリー10-2,442,案外私達の趣味は近しいのかもしれません。,
423,メインストーリー10-2,469,やっぱり自分の知らない一面とか気になっちゃう？♡,
423,メインストーリー10-2,483,魔物の名折れだしな～。,
423,メインストーリー10-2,497,特別特典としてお兄さんのマル秘情報が付いてくるけどどうする？♡,
423,メインストーリー10-2,512,やはり魔物は魔物ですね。,
423,メインストーリー10-2,540,じゃあまず手始めに棚のここからここまでを……。,
423,メインストーリー10-2,558,やっほー。,
423,メインストーリー10-2,576,みっともないところを見せてしまいましたね。,
423,メインストーリー10-2,592,自分以外へどう接しているかくらい、本人から聞けばいいことです。,
424,メインストーリー11-1,20,あなたに治療前の準備をしてもらわないといけません。,
424,メインストーリー11-1,36,ごくっ……。,
424,メインストーリー11-1,39,この薬、どんな効果が――。,
424,メインストーリー11-1,46,うわぁぁ……！？,
424,メインストーリー11-1,62,身体的能力が弱体化された状態を想定しておりまして。,
424,メインストーリー11-1,76,あなたへの試練として丁度いいでしょう。,
424,メインストーリー11-1,90,一緒にベッドの方に行こっか。,
424,メインストーリー11-1,107,今のあなたにはこういった言葉遣いが適切でしょう？,
424,メインストーリー11-1,121,年上のお姉さんに優しく手ほどきして欲しいよね？,
424,メインストーリー11-1,135,頑張って上向いてる。可愛い。,
424,メインストーリー11-1,149,お姉さんと一緒に、悪ーい早漏の病気、治していこうねー。,
425,メインストーリー11-2,31,いらっしゃいましたか。,
425,メインストーリー11-2,62,どうかしましたか？,
425,メインストーリー11-2,65,実はギルドからのクエストに失敗してしまって。,
425,メインストーリー11-2,68,久しぶりだったので、少しこたえてます……。,
425,メインストーリー11-2,82,心のケアが必要です。,
425,メインストーリー11-2,96,今は厳しい施術ではなく優しいお世話が必要です。,
425,メインストーリー11-2,141,苦しかったですよね。,
425,メインストーリー11-2,155,なので私が許します。,
425,メインストーリー11-2,200,胸に飛び込めてえらいえらい。,
425,メインストーリー11-2,214,治療してあげます。,
425,メインストーリー11-2,240,おかげ様で元気出ました。,
425,メインストーリー11-2,256,あなた専属のナースとして当然のことをしたまでです。,
425,メインストーリー11-2,259,早漏治療とは関係ないことですし……。,
426,メインストーリー12-1,39,少し監視しようと窓から覗いたのですが、,
426,メインストーリー12-1,68,あの、なんか怒ってます……？,
426,メインストーリー12-1,84,怒っていませんが……なんだかモヤモヤしています。,
426,メインストーリー12-1,98,あなたにぶつけたいと感じてしまっています。,
426,メインストーリー12-1,114,今日も変わらず治療にいそしみます。,
426,メインストーリー12-1,136,セ、セラさんなんで腕を掴んで……力強っ！,
426,メインストーリー12-1,150,人間の力では天使の私にはかないません。,
426,メインストーリー12-1,177,考えていませんのでご安心を。,
427,メインストーリー12-2,21,いえ、初めて聞きました。,
427,メインストーリー12-2,26,レベルドレインをされた冒険者が後を絶たないそうです。,
427,メインストーリー12-2,29,そうなのですが、,
427,メインストーリー12-2,32,「堕天使」と呼ばれているみたいです。,
427,メインストーリー12-2,37,一応天使らしいということで討伐ではなく捕縛の対象にされています。,
427,メインストーリー12-2,42,覚えておきます。,
427,メインストーリー12-2,66,えらいですよ。,
427,メインストーリー12-2,69,今日のクエストは平和でした。,
427,メインストーリー12-2,72,天使の中に堕天使っているんですか？,
427,メインストーリー12-2,139,そう呼んでいますから。,
427,メインストーリー12-2,142,人間を利用しちゃいけないってやつですか？,
427,メインストーリー12-2,159,どこでそれを……？,
427,メインストーリー12-2,192,他にも色々ありますが。,
427,メインストーリー12-2,206,天から追放されるのです。,
427,メインストーリー12-2,220,堕とされるなんて、天使からすれば恐怖でしかありません。,
427,メインストーリー12-2,236,元からここで生きてる僕らからすると不思議です。,
427,メインストーリー12-2,239,そんなことされないんですもんね。,
427,メインストーリー12-2,254,もちろんです。,
427,メインストーリー12-2,313,私もその話知ってるよ～。,
427,メインストーリー12-2,329,闇属性の魔導書がよく売れてるんだよね！,
427,メインストーリー12-2,358,だったらこの幸運を引き寄せる鈴なんてどう？,
427,メインストーリー12-2,361,結構です。,
427,メインストーリー12-2,364,お金で買ってもいいと思っています。,
427,メインストーリー12-2,378,随分熱心だね。,
427,メインストーリー12-2,392,サキュバスの真似事をしてるらしいって知ってるくらい。,
427,メインストーリー12-2,406,私は一人しか思いつかないんだけどな～？,
427,メインストーリー12-2,409,さすがに彼女は違うでしょう。,
427,メインストーリー12-2,438,お兄さんに疑われるとか天使ちゃんかわいそ～♡,
427,メインストーリー12-2,441,そういう煽りは効きませんから。,
427,メインストーリー12-2,483,獲物を盗られたくないからでも私は驚かないよ。,
427,メインストーリー12-2,503,僕に疑われたらかわいそうって。,
427,メインストーリー12-2,521,うっざ～い♡,
427,メインストーリー12-2,524,普通に腹が立ってきました……。,
428,メインストーリー13-1,20,ある程度あなたの負け癖を上書きできたと思います。,
428,メインストーリー13-1,34,上げましょう。,
428,メインストーリー13-1,48,大きくするだけですので問題ありませんよね？,
428,メインストーリー13-1,64,私に性癖を把握されているのに。,
428,メインストーリー13-1,78,それともこう言った方がよろしいでしょうか。,
428,メインストーリー13-1,95,この変態……。,
428,メインストーリー13-1,105,こくこくと頷いて情けないですね。,
428,メインストーリー13-1,125,しっかりと記録しておきます。,
428,メインストーリー13-1,139,強めの言葉を使って治療を行っていきましょう。,
428,メインストーリー13-1,158,ちんちん出せ、このマゾ……♡,
429,メインストーリー13-2,20,どうされましたか？　大丈夫ですか？,
429,メインストーリー13-2,23,助けてくれ……。,
429,メインストーリー13-2,38,ありがとうございます。,
429,メインストーリー13-2,41,しかし、ガリガリになるまで搾り取られていましたね、彼。,
429,メインストーリー13-2,46,相当厄介な相手ですね。,
429,メインストーリー13-2,49,集めていましたよね？,
429,メインストーリー13-2,52,共有していただきたいんですが……。,
429,メインストーリー13-2,55,実はあいつが堕天使だったんじゃないか！　みたいな！,
429,メインストーリー13-2,82,早く見つかるといいんですけどね。,
429,メインストーリー13-2,85,そうですね。,
429,メインストーリー13-2,95,セラさんがいない。,
429,メインストーリー13-2,146,気づいていませんでした。,
429,メインストーリー13-2,151,本……それも魔導書っぽかったけど……）,
429,メインストーリー13-2,175,それにしてはいつもより早く来られましたね。,
429,メインストーリー13-2,178,途中でクエストを中断して救助したんです。,
429,メインストーリー13-2,196,その、セラさんも気を付けてくださいね。,
429,メインストーリー13-2,210,聞くところによると男性ばかり狙っていると聞きましたが。,
429,メインストーリー13-2,228,もしセラさんがそいつに間違われたら大変だと思って。,
429,メインストーリー13-2,242,それは確かに問題です。,
429,メインストーリー13-2,258,絶対違うって分かるので、きっと大丈夫です。,
429,メインストーリー13-2,261,悪い天使じゃないって証明しますから！,
429,メインストーリー13-2,330,心配になって聞いてみただけです。,
429,メインストーリー13-2,333,うーん……。,
429,メインストーリー13-2,338,セラさんは多分僕に話せないことが色々あると思うんです。,
429,メインストーリー13-2,341,禁止されてるのかなって……。,
429,メインストーリー13-2,344,そういう事情で上手く弁明できないだけのはずです！,
429,メインストーリー13-2,373,仮定の話だと言っているのに。,
429,メインストーリー13-2,389,質問の答えにはなっていませんでしたが、構いません。,
429,メインストーリー13-2,415,もう出ないぃ……。,
429,メインストーリー13-2,426,期待外れですね。,
429,メインストーリー13-2,429,またレベルを貯めてきてください。,
429,メインストーリー13-2,443,もう少し品のある行動を心がけて欲しいものです。,
429,メインストーリー13-2,467,今はナースでもありますが。,
429,メインストーリー13-2,470,……あ、あぁ、なんだ、お仲間じゃないですか。,
429,メインストーリー13-2,473,あなたも手伝ってください。,
429,メインストーリー13-2,487,そのためにわざわざあなたを探していたのですから。,
429,メインストーリー13-2,503,少々時間がかかってしまいました。,
429,メインストーリー13-2,517,治療の合間にコツコツと探知を続けていて良かったです。,
429,メインストーリー13-2,531,あなた……堕天使ですらない、ただの魔物でしょう？,
429,メインストーリー13-2,534,私は悪者じゃないですよ……！,
429,メインストーリー13-2,544,天使ちゃんもいたのぉ？,
429,メインストーリー13-2,571,もしかして先越されちゃった？,
429,メインストーリー13-2,589,誰が偽天使ですか！,
429,メインストーリー13-2,592,良いんですかそこの天使さん、サキュバスと肩を並べて！,
429,メインストーリー13-2,606,今はあなたへの懲罰の方が重要です。天使を騙る魔物さん？,
429,メインストーリー13-2,620,私の同類じゃないわけないじゃん。,
429,メインストーリー13-2,634,別にどうでもよかったけどさぁ、,
429,メインストーリー13-2,648,だから、こうやってお灸を据えに来たってわけ。,
429,メインストーリー13-2,651,ですが、私を倒せると本気でお思いで？,
429,メインストーリー13-2,654,すさまじい強さを手に入れました。,
429,メインストーリー13-2,670,ナチュラルに私のこと無視しないでくれます？,
429,メインストーリー13-2,694,恐れられてきたんだけどなー？,
429,メインストーリー13-2,708,お似合いですね。,
429,メインストーリー13-2,726,馬鹿にしてるでしょあんた！,
429,メインストーリー13-2,731,血塗られた黒き翼ってまさか、,
429,メインストーリー13-2,734,誘いに乗らない男は全員拳で叩きのめしてきたというあの！？,
429,メインストーリー13-2,751,随分面白い経歴をお持ちで。ぷぷぷ。,
429,メインストーリー13-2,784,目的が一緒ってことでいいんだよね？,
429,メインストーリー13-2,798,こう見えて私、相当頭に来ていますので。,
429,メインストーリー13-2,812,立ち直れなかったかもしれません。,
429,メインストーリー13-2,828,天使ちゃんの落ち込んだところ見たかったのにざーんねん。,
429,メインストーリー13-2,912,ボッコボコにしてあげる☆,
429,メインストーリー13-2,930,例の堕天使、捕まったらしいですよ。,
429,メインストーリー13-2,935,そこでお店の宣伝をしだしたそうです。,
429,メインストーリー13-2,940,彼女は本当に今後悪いことをするつもりがないんでしょうね。,
429,メインストーリー13-2,954,逆にその名声を悪用しないことを祈ります。,
429,メインストーリー13-2,981,あなたに言いたいことがあるんでした。,
429,メインストーリー13-2,997,セ、セラさん？,
430,メインストーリー14-1,20,治療していこうと思います。,
430,メインストーリー14-1,34,いつだと思いますか？,
430,メインストーリー14-1,37,ピンチの時、ですかね？,
430,メインストーリー14-1,64,「イく直前」がそのピンチの時にあたるかと。,
430,メインストーリー14-1,80,つい従ってしまう男性が多いですから。,
430,メインストーリー14-1,94,そのような交渉術で出し抜かれた経験があるかもしれません。,
430,メインストーリー14-1,108,今日はあなたにしつこー……い寸止め治療を行うつもりです。,
430,メインストーリー14-1,147,ありますので、治療の前に少し下ごしらえしておきます。,
430,メインストーリー14-1,174,射精直前の気持ちよさを味合わせるんです。,
430,メインストーリー14-1,188,あともう少しで射精する寸前でおあずけされるつら～い寸止め……。,
430,メインストーリー14-1,222,頑張ってください。,
430,メインストーリー14-1,236,制限時間はありません。,
430,メインストーリー14-1,250,治療を突破する手段はありませんのでご注意を。,
430,メインストーリー14-1,264,寸止め快楽地獄、初めていきます。,
431,メインストーリー14-2,16,それなりの時間が経った。,
431,メインストーリー14-2,19,治療の効果は間違いなく出ている。,
431,メインストーリー14-2,28,「私欲のために人間を利用してはいけない」ということ。,
431,メインストーリー14-2,31,振舞っているらしい……。,
431,メインストーリー14-2,34,僕に言えない事情を色々抱えているらしい、というのも感じている。,
431,メインストーリー14-2,40,好きでいてくれているらしい、ということ。,
431,メインストーリー14-2,64,みんな大好きサキュバスちゃんのお店でーす☆,
431,メインストーリー14-2,80,お店の知名度が上がっちゃってさ～。,
431,メインストーリー14-2,100,もう人間の味方になるつもりなんですか？,
431,メインストーリー14-2,114,あれが商売の邪魔だっただけだけど。,
431,メインストーリー14-2,128,魔物より人間の方が好きかな～。,
431,メインストーリー14-2,142,堕天使じゃなくて良かったね？,
431,メインストーリー14-2,158,キャンキャン吠えてて面白かったよ～？,
431,メインストーリー14-2,163,疑っていたわけじゃないですけど。,
431,メインストーリー14-2,183,忘れてください。,
431,メインストーリー14-2,199,もったいぶらないでよ～。,
431,メインストーリー14-2,202,ただの言い間違いです。,
431,メインストーリー14-2,222,天使の中に堕天使っているんですか？,
431,メインストーリー14-2,264,そんなことされないんですもんね。,
431,メインストーリー14-2,279,もちろんです。,
431,メインストーリー14-2,285,意外だっただけなのか、それとも……）,
431,メインストーリー14-2,288,分からない……）,
431,メインストーリー14-2,301,あとは何が必要だっけ。,
431,メインストーリー14-2,304,あの店……。,
431,メインストーリー14-2,307,セラさんが真剣にローションを選別してたっけ）,
431,メインストーリー14-2,317,次は違うローションを試して欲しいのですか？,
431,メインストーリー14-2,324,セラさん！？,
431,メインストーリー14-2,338,ついお声がけしてしまいました。,
431,メインストーリー14-2,341,思い出して……。,
431,メインストーリー14-2,368,良ければご一緒していいでしょうか。,
431,メインストーリー14-2,419,もうそれなりに前のことですね。,
431,メインストーリー14-2,422,セラさんのことを探ろうとしていました。,
431,メインストーリー14-2,436,まぁ、無理もありません。,
431,メインストーリー14-2,463,最初から覚悟の上です。,
431,メインストーリー14-2,479,色仕掛けをしかけられてきたあなたなら、なおさら疑うでしょう。,
431,メインストーリー14-2,493,あなたが好きだと正直に伝えるようにしています。,
431,メインストーリー14-2,522,甘い考えは持ち合わせていませんが。,
431,メインストーリー14-2,536,誠意のある対応を心がけていきます。,
431,メインストーリー14-2,565,うーん、そうですね……。,
431,メインストーリー14-2,578,素敵なナースさん、だと思っています。,
431,メインストーリー14-2,613,そ、そういうわけでは……！,
431,メインストーリー14-2,627,冗談です。,
431,メインストーリー14-2,655,これからも精進します。,
431,メインストーリー14-2,664,今はただ純粋に……彼女のことが知りたいからだと思う）,
432,メインストーリー15-1,63,ニップレスを付けてるのが見えてる……ごくっ……）,
432,メインストーリー15-1,94,旅先で人間相手に騙されないための治療です。,
432,メインストーリー15-1,108,しかし、私は気づいたのです。,
432,メインストーリー15-1,124,あなたが油断していて危険なのではないか、と。,
432,メインストーリー15-1,138,バニーが色仕掛けしてくるような危険なカジノです。,
432,メインストーリー15-1,152,なんてことにならないように私が対策してあげます。,
432,メインストーリー15-1,155,カジノってそんなに危険なんですか？,
432,メインストーリー15-1,169,何せバニーガールがいますから。,
432,メインストーリー15-1,183,胸元がこんなに無防備です。,
432,メインストーリー15-1,193,簡単に男性を誘惑できてしまいます。,
432,メインストーリー15-1,203,掻き立てられでもしたら……。,
432,メインストーリー15-1,224,貢がせられないよう、治療を頑張っていきましょう。,
433,メインストーリー15-2,31,一つやらねばいけないことがありますね。,
433,メインストーリー15-2,47,トランプを用意しました。,
433,メインストーリー15-2,61,もとい、カジノで翻弄されないように予習をしましょう。,
433,メインストーリー15-2,77,私がディーラーをやりましょう。,
433,メインストーリー15-2,80,まさしくポーカーフェイスなセラさんは強そうですね。,
433,メインストーリー15-2,94,私たち天使の必須技術ですから。,
433,メインストーリー15-2,108,ゲームの始まりです。,
433,メインストーリー15-2,117,セラさんの方は……）,
433,メインストーリー15-2,164,それともブラフか……？）,
433,メインストーリー15-2,167,僕もこの手札で行きます！,
433,メインストーリー15-2,181,では、お互いの手札を公開しましょう。,
433,メインストーリー15-2,197,引き分けですね。,
433,メインストーリー15-2,200,多分僕の勝ちですね。,
433,メインストーリー15-2,217,同じ役なのに……！,
433,メインストーリー15-2,232,今のは前哨戦に過ぎませんから。,
433,メインストーリー15-2,287,しかもエース入りですよ。,
433,メインストーリー15-2,324,この勝負貰いました。,
433,メインストーリー15-2,340,どうですか、この手札に勝てますか？,
433,メインストーリー15-2,343,フルハウスより強いんでしたっけ？,
433,メインストーリー15-2,384,全然楽しくないです！,
433,メインストーリー15-2,398,しませんよね……？,
433,メインストーリー15-2,401,たまたまですよ！,
433,メインストーリー15-2,404,ね？,
433,メインストーリー15-2,418,まぁ、確率というものは収束しますからね。,
433,メインストーリー15-2,434,セラさんはどうだろう……？）,
433,メインストーリー15-2,467,あぁ……それなりの手札です。,
433,メインストーリー15-2,494,こちらはとっても強いですよ？,
433,メインストーリー15-2,497,本当ですかぁ……？,
433,メインストーリー15-2,511,嘘なんてついていません。,
433,メインストーリー15-2,529,あなたの手札と、「これ」を。,
433,メインストーリー15-2,533,セ、セラさん何を……,
433,メインストーリー15-2,543,ただ収まりが良かったのでここに入れただけです。,
433,メインストーリー15-2,553,こちらを手に取っていただけますか？,
433,メインストーリー15-2,556,役無しの手札だ……！）,
433,メインストーリー15-2,568,では、カードを谷間から抜き取ってください。,
433,メインストーリー15-2,588,私のおっぱいにないないしちゃいましょうね？,
433,メインストーリー15-2,609,はい、ありがとうございます。,
433,メインストーリー15-2,629,ではこのまま勝負しましょう。,
433,メインストーリー15-2,645,ふむ……勝利の味とは甘美なものですね。,
433,メインストーリー15-2,659,私が勝ち越すまで、何度でも。,
433,メインストーリー15-2,663,勃起した状態でポーカーを続けさせられた。,
434,メインストーリー16-1,20,心に付け入ってくるような相手への対策を行います。,
434,メインストーリー16-1,34,親切にしてくるものです……私は例外ですが。,
434,メインストーリー16-1,48,あなたが警戒すべき相手なのです。,
434,メインストーリー16-1,62,こんな言葉をかけてくる相手に気を付けてください。,
434,メインストーリー16-1,83,私があなたの、ママでちゅよー……。,
434,メインストーリー16-1,88,あ、赤ちゃん言葉……！？,
434,メインストーリー16-1,108,いけませんよ、そんな良い反応をしては。,
434,メインストーリー16-1,122,本当に危険なのは母性なんです。,
434,メインストーリー16-1,136,こういう言葉遣い、効いちゃいまちゅよね？,
434,メインストーリー16-1,153,そんなに私の赤ちゃんになりたいんでちゅか？,
434,メインストーリー16-1,180,（い、一体なにを……）,
434,メインストーリー16-1,183,（あれ！？　言葉が喋れない！？）,
434,メインストーリー16-1,197,赤ちゃんと同レベルにさせていただきました。,
434,メインストーリー16-1,211,良かったですね。,
434,メインストーリー16-1,225,全く無意味ですのでお気を付けください。,
434,メインストーリー16-1,239,あやしてあげまちゅね？,
435,メインストーリー16-2,14,そろそろクリニックに行こうかな。,
435,メインストーリー16-2,29,た、助けてぇ！,
435,メインストーリー16-2,32,街の結界を突破してきたのか！,
435,メインストーリー16-2,35,なんで剣を持ってきてないんだ！,
435,メインストーリー16-2,54,ここは危ないですよ！,
435,メインストーリー16-2,70,武器も持たずに立ち向かうなんて……全く、あなたという人は。,
435,メインストーリー16-2,97,精神に干渉して落ち着かせることにしましょう。,
435,メインストーリー16-2,143,「巣に帰りなさい」。,
435,メインストーリー16-2,170,これでもう大丈夫です。,
435,メインストーリー16-2,184,傷も治って大人しくなることでしょう。,
435,メインストーリー16-2,202,もしかして天使様……！？,
435,メインストーリー16-2,229,あのレベルの魔物は手に余ると思い少し手助けしたまでです。,
435,メインストーリー16-2,243,ではこれで。,
435,メインストーリー16-2,248,助けてくれたんだからお礼させてくれ！,
435,メインストーリー16-2,251,いつの間にか消えてる……！？,
435,メインストーリー16-2,294,他の方に囲まれてしまいましたので。,
435,メインストーリー16-2,297,持ち切りですよ。天使様が街を救ってくれた～って。,
435,メインストーリー16-2,300,みんなの信仰心が高まってます。,
435,メインストーリー16-2,303,魔物を退治したのは自分だって名乗り出なくて。,
435,メインストーリー16-2,317,この街は私の管轄ですから。,
435,メインストーリー16-2,333,まぁ、この場所が配属先だというだけです。,
435,メインストーリー16-2,347,削ぐことになりますから、干渉するのは必要最低限にしていますが。,
435,メインストーリー16-2,363,あなたには助けが必要ですので。,
435,メインストーリー16-2,368,他の人にも頼られちゃいそうですね。,
435,メインストーリー16-2,382,私を見ても私だと分からないようにしていますから。,
435,メインストーリー16-2,398,ご安心ください。,
435,メインストーリー16-2,401,僕にはその魔法、かけなくていいんですか？,
435,メインストーリー16-2,436,ご、ごめんなさいそんなつもりじゃ……！,
436,メインストーリー17-1,20,煽る治療を行ったのを覚えていますか？,
436,メインストーリー17-1,36,今度はシンプルな喘ぎ声の演技に挑戦してみようかと。,
436,メインストーリー17-1,50,強制的に高ぶらせるのです。,
436,メインストーリー17-1,64,お耳をこちらへ。,
436,メインストーリー17-1,81,おちんちんおっきくて、声、出……あぁんっ……♡」,
436,メインストーリー17-1,93,とんとんされたら墜ちちゃう……っ、うぅぅ……っ♡」,
436,メインストーリー17-1,96,それはそれで煽られてる感じがして……っ）,
436,メインストーリー17-1,116,本気にしましたか？,
436,メインストーリー17-1,130,黙ってしまいました。,
436,メインストーリー17-1,144,騙されないように気を付けてくださいね？,
437,メインストーリー17-2,17,あー……いたたた……。,
437,メインストーリー17-2,36,どこかぶつけましたか？,
437,メインストーリー17-2,39,発作みたいなものです。,
437,メインストーリー17-2,42,後遺症がずっと残ってるんですよね。,
437,メインストーリー17-2,64,失礼します。,
437,メインストーリー17-2,78,こんなになるまで頑張ってしまって……。,
437,メインストーリー17-2,92,勉強して痛みを和らげる方法を探してみます。,
437,メインストーリー17-2,108,でも、この傷とも長い付き合いですから。,
437,メインストーリー17-2,111,あんなに重い一撃をもらったのは初めてだったので。,
437,メインストーリー17-2,125,今のあなたなら大丈夫だと思いますが、気を付けてください。,
437,メインストーリー17-2,141,どうかしましたか？,
437,メインストーリー17-2,145,分かったんですか……？,
437,メインストーリー17-2,215,僕のことを知ってたんじゃないですか……？,
437,メインストーリー17-2,232,僕が自分でやっているやり方と全く同じで変だなって思ったんです。,
437,メインストーリー17-2,235,包帯の巻き方まで一緒でした。,
437,メインストーリー17-2,238,初対面だった僕に好きと言ってくれた理由が分からない。,
437,メインストーリー17-2,267,あなたからの信頼を無下にするだけかもしれませんね。,
437,メインストーリー17-2,281,私は昔からあなたのことをずっと見ていました。,
437,メインストーリー17-2,297,ここは、お互いの顔がはっきり見えすぎてしまいますから……。,
437,メインストーリー17-2,339,生まれ育ちます。,
437,メインストーリー17-2,353,あの空の向こう側にある訳ではありません。,
437,メインストーリー17-2,367,私はそこからあなたを見ていたんです。,
437,メインストーリー17-2,394,私は以前あなたに嘘をつきました。,
437,メインストーリー17-2,434,知って欲しかっただけなんです……。,
437,メインストーリー17-2,450,天使の使命を利用して行ってはいけないことです。,
437,メインストーリー17-2,464,あなたと会えない存在なんです。,
437,メインストーリー17-2,478,荒唐無稽な作り話にしか聞こえないかもしれませんが。,
437,メインストーリー17-2,481,僕は信じますよ、その話。,
437,メインストーリー17-2,508,全てを証明できればどれほど良かったか。,
437,メインストーリー17-2,522,モンスター娘たちと変わらないのかもしれません。,
437,メインストーリー17-2,536,「色仕掛けで近づいてくる怪しい女」でしかありませんから。,
437,メインストーリー17-2,539,モンスター娘たちと同じなんてありえないですよ！,
437,メインストーリー17-2,553,すみません、余計なことまで言ってしまいました。,
437,メインストーリー17-2,567,あなたに私の話が本当か確認する術はありませんので。,
437,メインストーリー17-2,581,疑ってしまったのも当然ですよね、確かめようがないのですから。,
437,メインストーリー17-2,597,それが作られた偽物の好意なのかどうか、あなたには分からない。,
437,メインストーリー17-2,611,その問いの答えは永遠に手に入りません。,
437,メインストーリー17-2,625,あなたのナースでいられなくなってしまうかもしれませんから。,
437,メインストーリー17-2,639,忘れてください。,
437,メインストーリー17-2,653,信じてくれているのに、,
437,メインストーリー17-2,680,「掟」に抵触しかねませんから。,
437,メインストーリー17-2,694,さようなら。,
437,メインストーリー17-2,703,思いつけなかったから）,
438,メインストーリー18-1,27,ローションです。,
438,メインストーリー18-1,30,桶いっぱいに入ってますけど。,
438,メインストーリー18-1,46,全て今日使う用です。,
438,メインストーリー18-1,49,まさか全身に塗りたくる、とか……？,
438,メインストーリー18-1,63,本日はローションプレイを行います。,
438,メインストーリー18-1,77,スライム娘との戦闘を疑似的に再現するんです。,
438,メインストーリー18-1,91,魅了されてしまう者も多いと効きます。,
438,メインストーリー18-1,105,あなたに慣れてもらいます。,
438,メインストーリー18-1,125,ローションをお塗りします。,
438,メインストーリー18-1,142,それでは、ローションを手に取り……、,
438,メインストーリー18-1,174,脇腹の方も、ぬりぬり……。,
438,メインストーリー18-1,222,これで問題なく治療ができることでしょう。,
438,メインストーリー18-1,236,早速始めていきましょうか……♡,
439,メインストーリー18-2,16,結構観光客がいるもんだ。,
439,メインストーリー18-2,19,海で遊ぶことなんて無かっただろうなぁ。,
439,メインストーリー18-2,41,次回の治療では海に行きませんか？,
439,メインストーリー18-2,55,ロケーションに慣れるだけでも効果があるはずです。,
439,メインストーリー18-2,66,着てくるかもしれない……！　ごくっ……）,
439,メインストーリー18-2,109,ガチな水着だったので、つい。,
439,メインストーリー18-2,153,ここに着くまで長かったのでお腹がすきましたね。,
439,メインストーリー18-2,225,こんなところまで私のこと追ってきたの？,
439,メインストーリー18-2,241,なぜあなたがここにいるんですか。,
439,メインストーリー18-2,270,がっぽり搾り取っちゃおうと思って♡,
439,メインストーリー18-2,273,ぼったくりだったら他で買いますよ。,
439,メインストーリー18-2,287,サキュバスちゃんの海の家は適正価格！,
439,メインストーリー18-2,301,私自身が料理の腕を磨くことでタダで品質向上してるよ！,
439,メインストーリー18-2,317,質の悪い商品で市場価格を破壊している可能性もあります。,
439,メインストーリー18-2,331,この……焼きそば？　というのを一つお願いします。,
439,メインストーリー18-2,348,はい喜んでー！,
439,メインストーリー18-2,365,焼きそばは火力が命！！,
439,メインストーリー18-2,368,ちゃんと覚えてるのか不安になるな……）,
439,メインストーリー18-2,384,焼きそば一丁！,
439,メインストーリー18-2,403,ですが問題は味です。,
439,メインストーリー18-2,420,んっ！？,
439,メインストーリー18-2,435,食べれば食べるほど食欲をそそられる……っ！,
439,メインストーリー18-2,450,食感のアクセントになって麺をサポートしています……っ！,
439,メインストーリー18-2,483,あの天使ちゃんが私に屈服してるなんて、最っ高♡,
439,メインストーリー18-2,497,まだお腹すいてるでしょ～？,
439,メインストーリー18-2,527,しかも可愛い♡,
439,メインストーリー18-2,533,セラさんは海の家を堪能させられた。,
439,メインストーリー18-2,563,屈辱です……！,
439,メインストーリー18-2,566,美味しくて良かったじゃないですか。,
439,メインストーリー18-2,581,いけません、本来の目的を忘れそうになっていました。,
439,メインストーリー18-2,595,あなたの治療を行いましょう。,
439,メインストーリー18-2,609,私とたくさん遊んで慣れていきましょう。,
439,メインストーリー18-2,623,薄くなってしまいますから。,
439,メインストーリー18-2,643,不意打ちやめてください！,
439,メインストーリー18-2,677,私がかけた水より多いじゃないですかっ。,
439,メインストーリー18-2,694,……ふふ。,
439,メインストーリー18-2,710,ちょうど暑くて良かったです。,
439,メインストーリー18-2,739,一緒に並んで砂浜に座って水平線を眺めたりしたいです。,
439,メインストーリー18-2,755,何せ、初めてあなたと一緒に来た場所ですから。,
439,メインストーリー18-2,799,もう少し青い海を見ていたかったです。,
439,メインストーリー18-2,813,良いものですね。,
439,メインストーリー18-2,816,そうしたら青い海も、夕陽も、また見れます。,
439,メインストーリー18-2,843,一緒に行ければいいのですが……。,
439,メインストーリー18-2,846,どうしま――。,
439,メインストーリー18-2,849,すぐに口をつぐんだ。,
439,メインストーリー18-2,901,そのために僕は何でもします。,
439,メインストーリー18-2,904,僕が勝手に連れていきますから。,
439,メインストーリー18-2,918,そうですか。,
439,メインストーリー18-2,945,それだけはお伝えしておきます。,
439,メインストーリー18-2,959,……いえ、あなたに倣って勝手に抱きしめます。,
439,メインストーリー18-2,1011,抱きしめただけです。,
439,メインストーリー18-2,1029,下腹部に何か硬いものが当たっていますね。,
439,メインストーリー18-2,1032,密着したら、つい……。,
439,メインストーリー18-2,1047,今はあくまで治療の最中ですから。,
439,メインストーリー18-2,1084,ここでシてしまいましょう。,
439,メインストーリー18-2,1099,念入りに施術させていただきます……♡,
440,メインストーリー19-1,20,ここでシてしまいましょう。,
440,メインストーリー19-1,36,念入りに施術させていただきます……♡,
441,メインストーリー19-2,15,やがて日が落ちた。,
441,メインストーリー19-2,34,夜空もよく見えます。,
441,メインストーリー19-2,63,喋りすぎてしまいましたね。,
441,メインストーリー19-2,77,吐露してしまったと反省しています。,
441,メインストーリー19-2,82,ずっと否定したかったんです。,
441,メインストーリー19-2,96,本質的には同じだという話に対してですか？,
441,メインストーリー19-2,116,四六時中考えていました。,
441,メインストーリー19-2,134,訂正させて欲しいんです。,
441,メインストーリー19-2,137,僕には分からないって、あの時言ってましたよね？,
441,メインストーリー19-2,151,私に好意を利用されている可能性を否定できませんから。,
441,メインストーリー19-2,171,本気で相手を好きになってしまっていました。,
441,メインストーリー19-2,174,僕は本当に好きになっちゃってるんです。,
441,メインストーリー19-2,177,この気持ちが嘘かどうか決めるのは、僕なんです。,
441,メインストーリー19-2,180,セラさんになら構いません。,
441,メインストーリー19-2,213,あなたなりの答えを考えてくださったんですね。,
441,メインストーリー19-2,227,何もないのが残念です。,
441,メインストーリー19-2,277,嬉しいです。,
441,メインストーリー19-2,325,失礼しました。,
441,メインストーリー19-2,328,撤収しましょうか。,
441,メインストーリー19-2,392,ずっと続けばいいのに……。,
442,メインストーリー20-1,19,先日、ずっと試行錯誤していた治療器具が完成したのです。,
442,メインストーリー20-1,22,どんな道具なんですか？,
442,メインストーリー20-1,38,透明な筒？,
442,メインストーリー20-1,52,柔らかい素材を魔法で形成しました。,
442,メインストーリー20-1,66,内部構造はこのような作りになっています。,
442,メインストーリー20-1,76,これは、女性の膣を再現した道具なんです。,
442,メインストーリー20-1,86,女性が男性を責める際に用いるそうです。,
442,メインストーリー20-1,105,あなたのおちんちんを包み込むんです。,
442,メインストーリー20-1,115,子種をおねだりしてくる……。,
442,メインストーリー20-1,125,あっという間にぴゅっぴゅーって中出しさせられちゃう……。,
442,メインストーリー20-1,138,ここに挿入してみたいですよね？,
443,メインストーリー20-2,31,……あれ？　セラさん、なんだか顔が赤くないですか？,
443,メインストーリー20-2,45,その……少々、体調が優れないので。,
443,メインストーリー20-2,48,そんな時に対応してもらってすみません……。,
443,メインストーリー20-2,51,何か僕にできることありませんか？,
443,メインストーリー20-2,65,何か病気をうつしては申し訳ないので結構です。,
443,メインストーリー20-2,83,でも無理しないでくださいね。,
443,メインストーリー20-2,92,ちゃんと休んでくれてたら良いんだけど……。,
443,メインストーリー20-2,95,そういえばなんか肌寒いような……,
443,メインストーリー20-2,102,セラさんのことも心配だし、一旦戻るか。,
443,メインストーリー20-2,109,どこで休んでるんだろう。,
443,メインストーリー20-2,121,はぁ……っ。,
443,メインストーリー20-2,152,というか、嗅いでる……？）,
443,メインストーリー20-2,166,ん、はぁ……っ♡,
443,メインストーリー20-2,185,はぁ……好き、好き……♡,
443,メインストーリー20-2,188,目が離せない……！）,
443,メインストーリー20-2,191,股の方をもっと……）,
443,メインストーリー20-2,232,取りに戻ってきて……。,
443,メインストーリー20-2,276,私が、その……シてるところ。,
443,メインストーリー20-2,307,あなたの前でとんだ醜態を晒してしまったではないですか。,
443,メインストーリー20-2,323,あぁ、もう、どうしてこんな時に限って……っ。,
443,メインストーリー20-2,326,こんな時っていうのは、どういう……。,
443,メインストーリー20-2,353,天使はその振れ幅がより大きいんです。,
443,メインストーリー20-2,369,どうしてオカズを置いて行ってしまうんですか……っ！,
443,メインストーリー20-2,385,この時期はつい気が立ってしまうんです。,
443,メインストーリー20-2,388,あの、僕に手伝えること、何でも言ってください。,
443,メインストーリー20-2,391,こう、症状を抑えるための薬とかあるなら買ってきますよ？,
443,メインストーリー20-2,405,何でも……？,
443,メインストーリー20-2,447,すぅ……はぁ……。,
443,メインストーリー20-2,461,それでは、今からまた治療を実施してもいいでしょうか？,
443,メインストーリー20-2,477,大丈夫、なはずです。,
444,メインストーリー21-1,9,クリニックに行ってないけど、セラさん大丈夫かな）,
444,メインストーリー21-1,31,施術を正しく行えない可能性があります。,
444,メインストーリー21-1,84,あれから体調は――。,
444,メインストーリー21-1,134,ぎゅ～……。,
444,メインストーリー21-1,138,セラさんっ、ハグが強すぎます……っ！,
444,メインストーリー21-1,152,あなたが恋しくておかしくなりそうでした。,
444,メインストーリー21-1,166,一緒にこちらへ来てください。,
444,メインストーリー21-1,169,もしかしてまだ発情期が終わってないのか？）,
444,メインストーリー21-1,189,身体が潰れますって！,
444,メインストーリー21-1,226,たくさんいちゃいちゃしましょう。,
444,メインストーリー21-1,255,そういう時の対策と言いますか。,
445,メインストーリー21-2,33,僕は気にしてないですけど……。,
445,メインストーリー21-2,62,うぅ……。,
445,メインストーリー21-2,99,これは……っ。,
445,メインストーリー21-2,102,頭が痛いんですか？,
445,メインストーリー21-2,152,身体の一部……っていうことでいいんでしょうか。,
445,メインストーリー21-2,181,天使の輪は「心」にかけられるものです。,
445,メインストーリー21-2,195,私たちを戒める役割を持っています。,
445,メインストーリー21-2,209,やがて砕け散る……。,
445,メインストーリー21-2,223,そうなってしまった者がいわゆる堕天使たちです。,
445,メインストーリー21-2,237,隠れて悪事を働けないようになっているんです。,
445,メインストーリー21-2,253,自身の欲望のままにあなたを求めてしまったからです。,
445,メインストーリー21-2,267,掟を破らぬよう戒められたのでしょう。,
445,メインストーリー21-2,281,やはり今までで一番輪が乱れましたね。,
445,メインストーリー21-2,297,私はご存じの通り優秀ですから、大丈夫なように立ち回っています。,
445,メインストーリー21-2,311,知っていてもらえると嬉しいです。,
445,メインストーリー21-2,318,その輪があったらできなさそうですけど……。,
445,メインストーリー21-2,332,全くぺらぺらと何でも口走って……。,
445,メインストーリー21-2,348,今は不可能ですが。,
445,メインストーリー21-2,375,時代と共に規制されていきました。,
445,メインストーリー21-2,402,後を絶たなかったそうですから。,
445,メインストーリー21-2,416,私たちは「天使の掟」と呼んでいます。,
445,メインストーリー21-2,430,なんでも人間と天使が共に冒険をしていた記録もあるとのこと。,
445,メインストーリー21-2,433,事実だったんですね。,
445,メインストーリー21-2,447,お互いに合意の上でパートナーになることもあったでしょうね。,
445,メインストーリー21-2,461,求めたとしても、それは叶わぬ願いです。,
445,メインストーリー21-2,475,その相手と一生会えない呪いをかけられますから。,
445,メインストーリー21-2,489,ナースと患者、という関係ではなかったかもしれませんね。,
445,メインストーリー21-2,505,そろそろ施術の準備を……、う……っ！,
445,メインストーリー21-2,522,まだ少し残っていたようです。,
445,メインストーリー21-2,539,ほら、ベッドに横になってください！,
445,メインストーリー21-2,554,お、押し倒さないでください……！,
445,メインストーリー21-2,583,こうしてるとセラさんが患者みたいですね。,
445,メインストーリー21-2,597,私はナースです。,
445,メインストーリー21-2,626,関係もあったのでしょうか。,
445,メインストーリー21-2,629,僕、戦いしか取り柄ないですから。,
445,メインストーリー21-2,632,セラさんがベッドに寝て、僕が看病してますよ。,
445,メインストーリー21-2,635,この時代でも。,
446,メインストーリー22-1,19,あなたもかなり耐性が付いて来たはずです。,
446,メインストーリー22-1,33,非常に厳しい言葉責めに挑戦してみましょう。,
446,メインストーリー22-1,36,どんな感じの口調なんですか？,
446,メインストーリー22-1,50,コホン……。,
446,メインストーリー22-1,64,何馬鹿みたいな顔してこっち見てんだよ。,
446,メインストーリー22-1,95,言いなりになりすぎでしょ。,
446,メインストーリー22-1,122,本当に格好悪い。,
446,メインストーリー22-1,136,せいぜい無様なところ晒さないようにね？　変態さん。,
447,メインストーリー22-2,19,なんか人だかりができてる。,
447,メインストーリー22-2,40,本日特価セール中でーす！,
447,メインストーリー22-2,56,買うなら今しかありませーん！,
447,メインストーリー22-2,74,それならこの杖が今流行りですよ～！,
447,メインストーリー22-2,94,何してるの？,
447,メインストーリー22-2,97,あなたこそ何をしてるんですか？,
447,メインストーリー22-2,111,サキュバスちゃんの道具屋、出張バージョンでーす♡,
447,メインストーリー22-2,127,もう繁盛しちゃって困っちゃう♡,
447,メインストーリー22-2,141,忙しいからお店手伝ってよ。,
447,メインストーリー22-2,144,なんで僕が。,
447,メインストーリー22-2,160,お客さんが多すぎて対応しきれないの。,
447,メインストーリー22-2,175,ね？　ね？,
447,メインストーリー22-2,196,じゃあまずはそっちの在庫持ってきて！,
447,メインストーリー22-2,239,おかげで商品ぜーんぶさばき切れたよ～。,
447,メインストーリー22-2,242,良かったですね……。,
447,メインストーリー22-2,273,今日のお給料だよ♪,
447,メインストーリー22-2,276,別にそんなつもりじゃ……。,
447,メインストーリー22-2,290,本当はちゃんと契約書交わした方がいいと思うけど。,
447,メインストーリー22-2,293,まさかあなたがくれるとは。,
447,メインストーリー22-2,310,精液だけじゃなくて労働力も搾り取ると思ってる？,
447,メインストーリー22-2,325,店の悪評が立つデメリットも無視できないし。,
447,メインストーリー22-2,341,どうせうちの店に還元してくれるでしょ？♡,
447,メインストーリー22-2,344,まぁその通りですけど……。,
447,メインストーリー22-2,347,あんなに忙しかったのに。,
447,メインストーリー22-2,361,だって楽しいもん♪,
447,メインストーリー22-2,375,誘惑が全然上手くいかなくってさ。,
447,メインストーリー22-2,389,薄い体質だから、誰もひっかかってくれなかったの。,
447,メインストーリー22-2,403,生活には困らなかったけど、楽しくはなかったよね。,
447,メインストーリー22-2,417,自分の思い通りにしたいって欲求があるわけ。,
447,メインストーリー22-2,431,お店をやるようになって初めて、充実感？　みたいの、感じたかな。,
447,メインストーリー22-2,447,すっごく嬉しいもん。,
447,メインストーリー22-2,476,退治しちゃだめだよ？♡,
447,メインストーリー22-2,507,そんな簡単に信用しちゃっていいの～？,
447,メインストーリー22-2,521,恐れられた大悪魔だよ？,
447,メインストーリー22-2,526,不思議とあまりそういう気にはならないので。,
447,メインストーリー22-2,529,あなたの商売人としての道を。,
447,メインストーリー22-2,543,変なの～。,
447,メインストーリー22-2,570,ちょっと嬉しいって思っちゃった。,
447,メインストーリー22-2,584,感覚が変になっちゃったのかな。,
447,メインストーリー22-2,598,血塗られた黒き翼なのにな～。,
447,メインストーリー22-2,612,私が転職したのは。,
447,メインストーリー22-2,654,もしかして今、私のこと可愛いって思った？,
447,メインストーリー22-2,672,「サキュバスちゃんのことしゅきしゅき～♡」って♡,
447,メインストーリー22-2,675,うっとうしい！,
448,メインストーリー23-1,63,さすがですね。,
448,メインストーリー23-1,79,その母性と大きなおっぱいが特徴のモンスター娘です。,
448,メインストーリー23-1,93,その胸で篭絡することを好みます。,
448,メインストーリー23-1,107,牛娘にとってはおっぱいが魅力的がどうかがステータスなのです。,
448,メインストーリー23-1,121,行っていこうと思います。,
448,メインストーリー23-1,136,この治療にもってこいの衣装です。,
448,メインストーリー23-1,146,おっぱいに甘えられると思って喜んでしまっていますね？,
448,メインストーリー23-1,158,牛娘のおっぱいに負けづらくなりますから。,
448,メインストーリー23-1,178,頑張ってくださいね？,
449,メインストーリー23-2,15,飲むだけで身体に色々影響があるなんて。,
449,メインストーリー23-2,32,上手く扱うことができれば良い薬にもなると聞きます。,
449,メインストーリー23-2,59,男性だけでなく女性にもありますから。,
449,メインストーリー23-2,62,男だと精液が濃くなりましたけど……。,
449,メインストーリー23-2,76,効果が強い余りに、母乳が出てしまうことがあります。,
449,メインストーリー23-2,90,中々常飲はできないでしょう。,
449,メインストーリー23-2,93,それは確かに困っちゃいますね。,
449,メインストーリー23-2,104,なんかビキニの先端が濡れてませんか？,
449,メインストーリー23-2,116,もしかして……。,
449,メインストーリー23-2,126,味も美味しいと耳にしたので……。,
449,メインストーリー23-2,136,身体に影響があるとは思わなかったんです……。,
449,メインストーリー23-2,139,牛娘のミルク……。,
449,メインストーリー23-2,149,また出てきてしまいました……。,
449,メインストーリー23-2,168,お嫌でなければで構わないのですが……、,
449,メインストーリー23-2,184,いいでしょうか……？,
449,メインストーリー23-2,202,口で直接吸っていただけると、助かるのですが……。,
449,メインストーリー23-2,241,……と、とりあえず、優しく吸いますね……？,
449,メインストーリー23-2,265,んっ、ふ……っ♡,
449,メインストーリー23-2,275,おっぱい吸うの、お上手です。,
449,メインストーリー23-2,285,あっ、ん……♡　そうです、良い調子です……♡,
449,メインストーリー23-2,295,授乳していると愛おしい気持ちになってしまいますね。,
449,メインストーリー23-2,305,おっぱい飲めてえらいね……♡,
449,メインストーリー23-2,324,あやされて嬉しかったんですか？,
449,メインストーリー23-2,343,私もお礼にあなたを甘やかして差し上げます。,
449,メインストーリー23-2,353,優しくとんとんと叩いていますね。,
449,メインストーリー23-2,363,よしよし……いい子、いい子……♡,
450,メインストーリー24-1,9,意外と落ち着いて対処できてしまったな……）,
450,メインストーリー24-1,90,私が二人になっただけだというのに。,
450,メインストーリー24-1,93,なんで二人いるんですか？,
450,メインストーリー24-1,112,片方は魔力で形作られた身体です。,
450,メインストーリー24-1,130,言動や振る舞いは本人と言っても差し支えありません。,
450,メインストーリー24-1,150,今から二人がかりで治療を行うのに、幸先が悪いですね。,
450,メインストーリー24-1,168,圧倒的に不利な状況ですから、中々厳しい戦いになるでしょう。,
450,メインストーリー24-1,182,あなたには効いてしまうかもしれません。,
450,メインストーリー24-1,276,俯いてしまいました。,
450,メインストーリー24-1,294,先行き不安ですね。,
451,メインストーリー24-2,16,では、失礼します。,
451,メインストーリー24-2,47,は、はい。,
451,メインストーリー24-2,74,最初と比べてあなたは格段に成長したと思います。,
451,メインストーリー24-2,91,早漏治療は次で最後とさせていただきます。,
451,メインストーリー24-2,107,もう治療は必要ないでしょう？,
451,メインストーリー24-2,125,それはできません。,
451,メインストーリー24-2,139,私は治療という名目でしかあなたに会えない存在です。,
451,メインストーリー24-2,153,元よりそういう関係だったというだけです。,
451,メインストーリー24-2,156,だとしても、早すぎやしませんか？,
451,メインストーリー24-2,159,セラさんの治療が必要ですよ！,
451,メインストーリー24-2,186,私たち天使のことを。,
451,メインストーリー24-2,200,そしてその全てをつまびらかにすることもまた、規制の範疇です。,
451,メインストーリー24-2,214,どうしようもないのですから。,
451,メインストーリー24-2,228,ですが、どうか納得してください。,
451,メインストーリー24-2,255,そろそろお引き取り願えますか？,
451,メインストーリー24-2,293,一番最初に会った時のことを思い出すな）,
451,メインストーリー24-2,306,本当は可愛い人で……）,
451,メインストーリー24-2,309,何度も治療を受けさせてもらった）,
451,メインストーリー24-2,318,分かってきたと思ったのに……）,
451,メインストーリー24-2,323,買い物にでも行って気晴らししよう。,
451,メインストーリー24-2,360,回復薬いる？　100ゴールドだけど。,
451,メインストーリー24-2,376,お店なんだから。,
451,メインストーリー24-2,390,ついに天使ちゃんにフられちゃった～？♪,
451,メインストーリー24-2,408,お兄さん何かやらかした？,
451,メインストーリー24-2,411,もう次で治療は終わりだからそれ以降は会えないって……。,
451,メインストーリー24-2,425,で、今日は何を買ってくれるの？♡,
451,メインストーリー24-2,428,えーっと、じゃあこの間気になってた指南書を……あ。,
451,メインストーリー24-2,449,帰ろうとしないでよ！,
451,メインストーリー24-2,464,買わないけど、それ以外の商品は眼中に無し！？,
451,メインストーリー24-2,479,お兄さんはウチの常連でい続けるんじゃなかったの！？,
451,メインストーリー24-2,484,セラさんが急に治療をやめようとしてる理由。,
451,メインストーリー24-2,503,さようなら。,
451,メインストーリー24-2,518,「私には」って言ってるでしょ！,
451,メインストーリー24-2,534,色々分かってる気がするんだけど。,
451,メインストーリー24-2,537,どういう意味ですか？,
451,メインストーリー24-2,551,言ったんでしょ？,
451,メインストーリー24-2,565,そうなんだろうなって思うんだけど。,
451,メインストーリー24-2,598,確信してるじゃん、おかしいってことを,
451,メインストーリー24-2,612,そこまで言い切れるんだったら逆に通じ合ってるよね。,
451,メインストーリー24-2,626,私じゃなくて自分の直感の方が信頼度高いでしょ。,
451,メインストーリー24-2,644,メンタルケアまでしないといけないなんて……。,
451,メインストーリー24-2,658,何も買わずに帰んないで。,
452,メインストーリー25-1,28,早漏治療は次で最後とさせていただきます。,
452,メインストーリー25-1,65,椅子に座って待っていてください。,
452,メインストーリー25-1,77,入らないでください。,
452,メインストーリー25-1,80,でも、ここから話すくらいはいいですよね？,
452,メインストーリー25-1,92,これで終わりなんて。,
452,メインストーリー25-1,102,むしろ、患者として治療が終わることを喜ぶべきです。,
452,メインストーリー25-1,125,嬉しく思っています。,
452,メインストーリー25-1,179,なぜ泣く必要があるんですか。,
452,メインストーリー25-1,189,いいからもう向こうに行ってください。,
452,メインストーリー25-1,196,思っています……。,
452,メインストーリー25-1,218,入らないでください。,
452,メインストーリー25-1,224,頭の中でこねくり回してきた。,
452,メインストーリー25-1,277,でも……。,
452,メインストーリー25-1,337,見ないでください……こんなみっともない姿……。,
452,メインストーリー25-1,354,あなたと離れ離れになるのがつらくないわけありません。,
452,メインストーリー25-1,369,あなたに見せたくなかったのに……。,
452,メインストーリー25-1,412,だって私がこの街へ来たのも、ナースになったのも、,
452,メインストーリー25-1,429,どうして急に治療を終わらせようとするんですか？,
452,メインストーリー25-1,446,例えどんな事情があっても、僕はセラさんの味方ですから。,
452,メインストーリー25-1,561,恋人にも、家族にもなれません。,
452,メインストーリー25-1,576,治療以上のことは何もできない……。,
452,メインストーリー25-1,591,もたらすことができないんです。,
452,メインストーリー25-1,606,ずっと幸せだと気付いてしまうかもしれない。,
452,メインストーリー25-1,635,壊したくなってしまうかもしれない……。,
452,メインストーリー25-1,652,知ってもらえればそれで良かったのに。,
452,メインストーリー25-1,681,離れたくなくなってしまったではないですか……っ！,
452,メインストーリー25-1,696,私の本意ではありません。,
452,メインストーリー25-1,745,そう思うだけです。,
452,メインストーリー25-1,748,思い続けた人のことを知っています。,
452,メインストーリー25-1,751,不可能じゃないと知っています。,
452,メインストーリー25-1,754,僕はあなただけの患者でい続けると誓います。,
452,メインストーリー25-1,757,あなたを信じました。,
452,メインストーリー25-1,778,どこまで私を惑わすつもりですか。,
452,メインストーリー25-1,853,あなたを犯します。,
452,メインストーリー25-1,867,いかに私の治療が必要か、徹底的に教え込みます。,
452,メインストーリー25-1,886,逃げられない！）,
452,メインストーリー25-1,913,私がいないとダメにしてしまえばいいだけのことでした……♡,
452,メインストーリー25-1,927,治療は終わりません。,
452,メインストーリー25-1,941,あなたに押し付けてあげるからです……♡,
452,メインストーリー25-1,955,私を本気にさせたあなたが悪いんですから……♡,
453,メインストーリー25-2,12,まとめてお会計お願いします。,
453,メインストーリー25-2,47,私に泣きついたと思ったらもうこれですか。,
453,メインストーリー25-2,63,すみません、心配をおかけして。,
453,メインストーリー25-2,79,常連さんを一人失うところだったじゃん！,
453,メインストーリー25-2,93,別にいなくなってくれても良かったけどさ～。,
453,メインストーリー25-2,107,いなくなったら喧嘩する相手がいなくて張り合いないし。,
453,メインストーリー25-2,140,はい、こちらお品物です♪,
453,メインストーリー25-2,143,じゃあ、セラさんのところに行ってきます。,
453,メインストーリー25-2,157,お買い上げありがとうございました～。,
453,メインストーリー25-2,173,まったく、幸せそうな顔しちゃってさー。,
453,メインストーリー25-2,189,あ～忙しい忙しい♪,
453,メインストーリー25-2,215,少し覗き見しようと思って下界を見ていました。,
453,メインストーリー25-2,246,使命感に溢れたのを覚えています。,
453,メインストーリー25-2,269,でも、弱いモンスターなら倒せるようになっていました。,
453,メインストーリー25-2,279,その時からだったと思います。,
453,メインストーリー25-2,289,なんとなく楽しかったんです。,
453,メインストーリー25-2,303,肩を並べる程度には強くなりました。,
453,メインストーリー25-2,322,すぐに勃起して力が抜けてしまう。,
453,メインストーリー25-2,342,なんなら自分も彼をからかってみたいとも思いました。,
453,メインストーリー25-2,355,自然と彼のいる街になりました。,
453,メインストーリー25-2,365,少しでも愛着のある相手が良かったから。,
453,メインストーリー25-2,379,ずっと彼のことを見続けました。,
453,メインストーリー25-2,389,……もちろん彼はずっとモンスター娘に弱いままだったけれど。,
453,メインストーリー25-2,409,会って話してみたくなった。,
453,メインストーリー25-2,419,だから私は天使の世界の掟を勉強しました。,
453,メインストーリー25-2,429,調べ続けました。,
453,メインストーリー25-2,439,ふとかえりみて……ようやく自覚したんです。,
453,メインストーリー25-2,484,気づいていませんでした。,
453,メインストーリー25-2,487,忙しかったですか？,
453,メインストーリー25-2,516,あなたがここへやってきてくれる日々がまだ続いている。,
453,メインストーリー25-2,531,クリニックは閉院しているはずだったのですが。,
453,メインストーリー25-2,548,不安にさせてしまいましたね。,
453,メインストーリー25-2,590,私はあなた専属のナースなんですから。,
453,メインストーリー25-2,609,やがてこの気持ちが朽ちるのを待つしかないと思っていました。,
453,メインストーリー25-2,619,あなたに覆されてしまいましたね。,
453,メインストーリー25-2,629,願った時点で確定していたのでしょう……。,
453,メインストーリー25-2,639,あなたとなら乗り越えていけます。,
456,メインストーリー2-1短縮版,19,よろしいでしょうか。,
457,メインストーリー3-1短縮版,19,私に差し出していただいてよろしいでしょうか。,
458,メインストーリー4-1短縮版,19,絶対に誘惑に負けてはいけませんよ？,
458,メインストーリー4-1短縮版,34,とっても気持ちよく食べられてしまいますから……♡,
459,メインストーリー5-1短縮版,19,あなたを誘惑してしまいましょう。,
459,メインストーリー5-1短縮版,39,可愛い冒険者さん……♡,
461,メインストーリー7-1短縮版,19,ぜーんぶ丸裸にしてさしあげます。,
462,メインストーリー8-1短縮版,35,このまま治療を始めてしまいましょう。,
463,メインストーリー9-1短縮版,22,私と一緒に楽しいひと時を過ごしましょうね。,
464,メインストーリー10-1短縮版,19,さっそく始めていきましょうか。,
465,メインストーリー11-1短縮版,19,一緒にベッドの方に行こっか。,
465,メインストーリー11-1短縮版,33,お姉さんと一緒に、悪ーい早漏の病気、治していこうねー。,
466,メインストーリー12-1短縮版,33,人間の力では天使の私にはかないません。,
467,メインストーリー13-1短縮版,19,強めの言葉を使って治療を行っていきましょう。,
467,メインストーリー13-1短縮版,39,ちんちん出せ、このマゾ……♡,
468,メインストーリー14-1短縮版,19,頑張ってください。,
468,メインストーリー14-1短縮版,33,制限時間はありません。,
468,メインストーリー14-1短縮版,47,治療を突破する手段はありませんのでご注意を。,
468,メインストーリー14-1短縮版,61,寸止め快楽地獄、初めていきます。,
469,メインストーリー15-1短縮版,19,なんてことにならないように私が対策してあげます。,
469,メインストーリー15-1短縮版,33,貢がせられないよう、治療を頑張っていきましょう。,
470,メインストーリー16-1短縮版,20,赤ちゃんと同レベルにさせていただきました。,
470,メインストーリー16-1短縮版,34,良かったですね。,
470,メインストーリー16-1短縮版,48,全く無意味ですのでお気を付けください。,
470,メインストーリー16-1短縮版,62,あやしてあげまちゅね？,
471,メインストーリー17-1短縮版,19,騙されないように気を付けてくださいね？,
472,メインストーリー18-1短縮版,18,スライム娘との戦闘を疑似的に再現するんです。,
472,メインストーリー18-1短縮版,38,ローションをお塗りします。,
474,メインストーリー20-1短縮版,18,柔らかい素材を魔法で形成しました。,
475,メインストーリー21-1短縮版,32,たくさんいちゃいちゃしましょう。,
476,メインストーリー22-1短縮版,18,何馬鹿みたいな顔してこっち見てんだよ。,
476,メインストーリー22-1短縮版,45,せいぜい無様なところ晒さないようにね？　変態さん。,
477,メインストーリー23-1短縮版,19,その母性と大きなおっぱいが特徴のモンスター娘です。,
477,メインストーリー23-1短縮版,33,行っていこうと思います。,
477,メインストーリー23-1短縮版,47,頑張ってくださいね？,
478,メインストーリー24-1短縮版,34,圧倒的に不利な状況ですから、中々厳しい戦いになるでしょう。,
479,メインストーリー25-1短縮版,30,私を本気にさせたあなたが悪いんですから……♡,
502,Hシーン1,17,やはり重症のようです。,
502,Hシーン1,49,セラさんっ、治療は終わりなんじゃ……っ！？,
502,Hシーン1,63,モンスター娘に搾り取られたのと変わりありません。,
502,Hシーン1,77,身体に叩き込ませていただきます。,
502,Hシーン1,109,このくらいしないと治せないと判断しましたので。,
502,Hシーン1,123,精神的な問題の両方を抱えています。,
502,Hシーン1,137,あなたは誘惑に弱すぎます。,
502,Hシーン1,151,まず誘いに乗らないようにできなければお話になりません。,
502,Hシーン1,165,強引に性的な行為をされた場合にもネックとなります。,
502,Hシーン1,179,抜け出すチャンスさえ逃してしまうでしょうから。,
502,Hシーン1,221,ある程度把握できてしまいました。,
502,Hシーン1,235,あなたの反応が分かりやすいからです。,
502,Hシーン1,249,裏筋をすりすりと意地悪されるのも弱いですよね？,
502,Hシーン1,263,全部、バレていますからね。,
502,Hシーン1,277,情けないですね。,
502,Hシーン1,280,余すところなく指摘されていく……）,
502,Hシーン1,283,当然だ、彼女の言う通り自分はすごく情けないんだから……）,
502,Hシーン1,299,恐らくモンスター娘どころか人間の女性にも勝てないでしょう。,
502,Hシーン1,313,勃起が萎えないどころか硬さが増している……。,
502,Hシーン1,327,どう思っているか理解できますよね。,
502,Hシーン1,369,抽象的な表現では伝わりませんでしたか？,
502,Hシーン1,383,それでも耐えられず絶頂してしまうところが可愛いです。,
502,Hシーン1,397,ずっと愛でていたいとさえ思います。,
502,Hシーン1,400,セラさん、何を言って……？,
502,Hシーン1,414,少し遠まわしに言い過ぎましたか。では簡潔に。,
502,Hシーン1,456,愛情を込めて丹念に行っていますよ。,
502,Hシーン1,470,気持ち良くしてあげたいですから。,
502,Hシーン1,486,気持ち良すぎてやばいです……っ！,
502,Hシーン1,500,私のご奉仕が。,
502,Hシーン1,516,スピードを少し上げさせていただきます。,
502,Hシーン1,532,このまま続けると長く持たなさそうですね。,
502,Hシーン1,559,プライドが傷ついてしまうかもしれませんが……、,
502,Hシーン1,586,可愛いと思っていますので。,
502,Hシーン1,600,あなたの一番恥ずかしい瞬間をじっくり堪能させていただきます。,
502,Hシーン1,614,嫌ですか？　見ないで欲しいですか？,
502,Hシーン1,641,図星、ですか。,
502,Hシーン1,655,本当は恥ずかしいことをされたいと思っている証左ですね。,
502,Hシーン1,669,私ならそんな繊細なあなたのマゾの部分を分かってあげられますから。,
502,Hシーン1,683,一番精液が濃くなる意地悪をしながら搾り取ってあげます。,
502,Hシーン1,697,構いませんよ。あなたは早漏さん、ですからね。,
502,Hシーン1,711,せーの……、,
502,Hシーン1,731,びゅるるる～……♡,
502,Hシーン1,748,早漏ではありますが、射精機能自体は健康そのものです。,
502,Hシーン1,762,お疲れ様でした。,
503,Hシーン2,18,カルテに書き加えておきます。,
503,Hシーン2,32,把握されてしまいましたね。,
503,Hシーン2,46,追加治療を行います。,
503,Hシーン2,77,いかがですか？,
503,Hシーン2,91,おちんちんはしっかり期待しているようです。,
503,Hシーン2,105,むしろ嬉しいようですね。,
503,Hシーン2,135,足蹴にされていることを温度でも感じられるでしょう？,
503,Hシーン2,149,弱いマゾのあなたは冷たい足に踏まれて可哀そうです。,
503,Hシーン2,163,本当はあなたのことが好きなのであしからず。,
503,Hシーン2,177,劣等感を煽られるのもお好きなんですか？,
503,Hシーン2,191,そういったところも可愛いですが。,
503,Hシーン2,205,しこ、しこ、ふみ、ふみ……。,
503,Hシーン2,219,足でもしごきやすいですね。,
503,Hシーン2,233,非常に助かります。,
503,Hシーン2,247,むしろ勃起して弱いところを晒すなんて不思議ですね。,
503,Hシーン2,261,ひたすら情けない恰好を女性に見てもらっている……。,
503,Hシーン2,301,この調子で少々アブノーマルな性癖も私で慣れていきましょう。,
503,Hシーン2,315,私が先手を打つという治療法です。,
503,Hシーン2,329,私に植え付けられた快感が上回りますから。,
503,Hシーン2,343,私があなたのどんな痴態も受け入れてくれるナースさんで。,
503,Hシーン2,357,驚いてしまうかもしれませんが、,
503,Hシーン2,373,弱々しいあなたをいじめてくれますよ。,
503,Hシーン2,388,感謝する必要は……、,
503,Hシーン2,404,なぜ私のパンツを凝視して……。,
503,Hシーン2,421,ぬ、濡れているのは、その……。,
503,Hシーン2,455,治療のためだからという口ぶりをしていましたが、,
503,Hシーン2,472,高ぶりを感じてしまっています……。,
503,Hシーン2,489,いじめているだけですので、勘違いなさらないでくださいね。,
503,Hシーン2,522,あなたが可愛く誘惑してくるのが悪いんです。,
503,Hシーン2,538,決して照れ隠しではありませんよ。,
503,Hシーン2,552,それに応えているだけにすぎません。,
503,Hシーン2,579,あなたがお馬鹿さんな証拠です。,
503,Hシーン2,593,彼女たちからすればあなたは絶好の餌です。,
503,Hシーン2,607,呼び寄せていると言っても過言ではありません。,
503,Hシーン2,621,真っ先に搾り取られてしまうんです。,
503,Hシーン2,661,私にごめんなさいしてください。,
503,Hシーン2,675,ごめんなさい」ってしてください。,
503,Hシーン2,689,射精して情けなく謝る準備ができましたか？,
503,Hシーン2,703,踏みつけていてあげます。,
503,Hシーン2,717,余すところなく観察されてしまいますね。,
503,Hシーン2,731,ずっと深くあなたの心に刻まれるはずです。,
503,Hシーン2,745,ですので……、,
503,Hシーン2,759,マゾの変態さん。,
503,Hシーン2,783,ぴゅっぴゅ～……。,
503,Hシーン2,801,これで追加治療は終了です。,
503,Hシーン2,815,全て治療のためですので勘違いです。,
504,Hシーン3,31,ここを鍛えることは、精神を鍛えるよりもよっぽど簡単です。,
504,Hシーン3,45,単純な方法で強くできるのですから。,
504,Hシーン3,75,亀頭へさらなる刺激を与えていきます。,
504,Hシーン3,89,すぐにお射精してしまい治療になりません。,
504,Hシーン3,103,おっぱいを使って亀頭をほぐしていきます。,
504,Hシーン3,119,おちんちんを挿入していただいていいでしょうか。,
504,Hシーン3,133,奥まで入れるのは禁止ですからね。,
504,Hシーン3,150,お上手ですよ。,
504,Hシーン3,164,もう腰が引けそうになっていますね。,
504,Hシーン3,178,でも、決して亀頭を引き抜いてはいけませんよ。,
504,Hシーン3,192,いきますよ。,
504,Hシーン3,224,先っぽばっかりしつこくいじめる意地悪パイズリですよ。,
504,Hシーン3,238,一番敏感なところだけしか入れてもらえないと切ないでしょう？,
504,Hシーン3,252,お利口さんですよ。,
504,Hシーン3,266,パイズリに耐える姿、とっても可愛いです。,
504,Hシーン3,280,治療していきますからね。,
504,Hシーン3,294,強くなぁれ……。,
504,Hシーン3,308,温かい谷間でこね回していきます。,
504,Hシーン3,335,申し訳ありません。,
504,Hシーン3,349,よりパイズリしやすくなってしまいますよ。,
504,Hシーン3,363,ぬーり、ぬーり……。,
504,Hシーン3,377,気持ち良さも上がってしまったかと。,
504,Hシーン3,391,竿は空気にさらされて寂しそうです。,
504,Hシーン3,405,切ないともっと我慢汁出ちゃいますね。,
504,Hシーン3,419,早く強くならないと悪循環が止まりませんよ。,
504,Hシーン3,433,成長を促した方が良い、ということかもしれません。,
504,Hシーン3,447,少々スピードを上げましょうか。,
504,Hシーン3,461,わがままを言ってはいけません。,
504,Hシーン3,475,膝が曲がらないようにぴんと伸ばしてください。,
504,Hシーン3,504,こねこね、すりすり。,
504,Hシーン3,518,突き出したままにできて格好いいですよ。,
504,Hシーン3,532,今にも降参しそうですが、ぎりぎり耐えれていますね。,
504,Hシーン3,546,押しとどめているということでしょうか。,
504,Hシーン3,560,今の内に先っぽいじめに慣れておきましょう。,
504,Hシーン3,574,温かいところだけに集中ですよ。,
504,Hシーン3,588,優しく愛撫していますね。,
504,Hシーン3,602,そんな風にいらいらしちゃだめですよー。,
504,Hシーン3,629,今日のところはこれで十分でしょう。,
504,Hシーン3,643,射精をして終わりとさせていただきます。,
504,Hシーン3,657,いいですよ、真面目に治療を受けたご褒美です。,
504,Hシーン3,671,ぜーんぶよしよししてあげます。,
504,Hシーン3,685,それでは入れてしまいましょうか。せーの……、,
504,Hシーン3,715,にゅるにゅるにゅる～……。,
504,Hシーン3,729,密着させて可愛がります。,
504,Hシーン3,743,よっぽど限界が近かったのでしょうか。,
504,Hシーン3,757,このまま好きに出してください。,
504,Hシーン3,772,あなたの情けないところは全て、私が包み込みますので……♡,
504,Hシーン3,796,おっぱいの中、熱いです……♡,
504,Hシーン3,812,せっかくいただいた子種ですから、一滴もこぼしません。,
504,Hシーン3,828,今回もお疲れ様でした。,
505,Hシーン4,17,負けてしまいましたね。,
505,Hシーン4,32,治療だというのに困ります。,
505,Hシーン4,47,これより追加治療を行います。,
505,Hシーン4,78,少しばかり気恥ずかしいですね。,
505,Hシーン4,92,生唾を飲み込んでいるようですのでいいでしょう。,
505,Hシーン4,106,中はぬるぬるほかほかで、きっとすごー……く、気持ち良いですよ。,
505,Hシーン4,120,できるだけ長く、私とつながっていてください……。,
505,Hシーン4,137,あなたのが、入ってきた……。,
505,Hシーン4,151,格好良いおちんちんにできて素敵です。,
505,Hシーン4,165,腰を振ってください。,
505,Hシーン4,183,そう、その調子です……。,
505,Hシーン4,197,上手な腰振りはモンスター娘への対抗策の一つになります。,
505,Hシーン4,211,隙を作って逃げることができますから。,
505,Hシーン4,225,先っぽでとんとんってするんですよ。,
505,Hシーン4,239,相手を気持ちよくする余裕なんてありませんか？,
505,Hシーン4,253,同時に弱点でもありますからね。仕方ありません。,
505,Hシーン4,267,これはたくさん治療する必要がありそうです。,
505,Hシーン4,281,気持ちよくなれてしまうので、練習相手としては最適ですよ。,
505,Hシーン4,295,もっと強い男の子になりましょうね。,
505,Hシーン4,309,おちんちんを挿入しきってください。,
505,Hシーン4,323,引き抜いてください。,
505,Hシーン4,337,でも我慢ですよ。我慢我慢。,
505,Hシーン4,351,ふふ……情けない擬音を付けられるのは恥ずかしかったですか？,
505,Hシーン4,365,あまりに可愛かったもので、つい。,
505,Hシーン4,379,セックスお上手です。,
505,Hシーン4,393,相手の快感の波を逃してしまうでしょうね。,
505,Hシーン4,407,我慢して強い腰振り、できそうですか？,
505,Hシーン4,424,そうそう、良い調子です……♡,
505,Hシーン4,439,相手を気持ちよくするチャンスでもあります。,
505,Hシーン4,454,とても、あっ……♡　大事ですよ……♡,
505,Hシーン4,470,あまり乱れるのはよろしくないのですが……、,
505,Hシーン4,486,少々、反応を抑えるのが難しいです……♡,
505,Hシーン4,503,私は真面目に治療をしています。,
505,Hシーン4,517,……気持ちいいのは事実ですが……。,
505,Hシーン4,531,モンスター娘を想定して治療がしたいだけなのですが……、,
505,Hシーン4,547,両方とも、です……。,
505,Hシーン4,565,恋人のような振る舞いをしてくる魔物がいるためで……。,
505,Hシーン4,581,これであなたは絶体絶命のピンチの状態になりました。,
505,Hシーン4,595,逃げるには相手をイかせて手の力を緩めさせるしかありません。,
505,Hシーン4,609,本気えっちしてください。,
505,Hシーン4,623,まともに受けることになりますが、ピンチなので仕方ありません。,
505,Hシーン4,637,ピストンどーぞ。,
505,Hシーン4,655,いいですね、お上手です……♡,
505,Hシーン4,670,情けないお顔になっていますね。,
505,Hシーン4,685,くすくす……♡,
505,Hシーン4,700,この程度は叱らないでおいてあげます。,
505,Hシーン4,715,安心して負けていいですよ……♡,
505,Hシーン4,730,敗北の証、出してしまってください……♡,
505,Hシーン4,745,気持ち良い射精、しちゃいましょうね。,
505,Hシーン4,760,んっ……♡　あぁ……っ♡,
505,Hシーン4,817,ふふ……♡,
506,Hシーン5,18,搾り取られているんですね。,
506,Hシーン5,32,今後も――。,
506,Hシーン5,87,そんなに我慢できませんでしたか？,
506,Hシーン5,90,抑えられなくて……！,
506,Hシーン5,100,すみません、調整を間違えたようです。,
506,Hシーン5,119,発散すれば精液と共に解毒されますから。,
506,Hシーン5,127,おまんこ……っ！,
506,Hシーン5,137,構いませんが。,
506,Hシーン5,147,私のせいですよね、申し訳ありません。,
506,Hシーン5,157,全て出し切ってくださいね。,
506,Hシーン5,170,通常時より力強いピストンですね。,
506,Hシーン5,180,見なくても分かります。,
506,Hシーン5,190,性欲が上回ってピストンが止まらない、といったところですか。,
506,Hシーン5,200,必死に甘えています。,
506,Hシーン5,210,「甘えている」などと形容されては恥ずかしいですよね。,
506,Hシーン5,220,ついついそのような言葉選びになってしまいました。,
506,Hシーン5,230,こう見えて私も感じていますから。,
506,Hシーン5,240,子宮の入り口と何度もキスしてきゅんきゅんしています。,
506,Hシーン5,250,今回はナースとして冷静に施術しているだけです。,
506,Hシーン5,269,このような状況も嫌いではないのでは？,
506,Hシーン5,288,私は予想していますが、違いますか？,
506,Hシーン5,298,見透かされて恥ずかしい、といったところでしょうか。,
506,Hシーン5,308,今回は平然とあなたの本気ピストンをあしらってあげます。,
506,Hシーン5,318,勝手に追い詰められていてください。,
506,Hシーン5,328,愛液が溢れてしまっていますが……。,
506,Hシーン5,338,よしとしましょう。,
506,Hシーン5,348,落ち着きませんね。,
506,Hシーン5,358,少々手持ち無沙汰です。,
506,Hシーン5,377,気持ち良いです……。,
506,Hシーン5,387,頭変になっちゃいそうです……。,
506,Hシーン5,397,お好きですか？,
506,Hシーン5,407,腰をくねらせているのですから、聞くまでもありませんね。,
506,Hシーン5,417,より情けなさが際立ってしまいましたね。,
506,Hシーン5,427,声が勝手に出ちゃいます……。,
506,Hシーン5,437,セックス強すぎ、もう降参ですー……。,
506,Hシーン5,456,もっと腰を振って本当に喘がせていただいても構いませんよ？,
506,Hシーン5,470,本当に動きが速くなってしまいました。,
506,Hシーン5,480,そんな強いピストンされたら……。,
506,Hシーン5,505,コホン。,
506,Hシーン5,515,忘れてください。,
506,Hシーン5,529,ちょっと、嬉しくなってピストン強めないでください……！,
506,Hシーン5,542,私にご奉仕できて嬉しいんですか？,
506,Hシーン5,552,別に構いませんけど……。,
506,Hシーン5,562,そこまでしなくても気持ち伝わっていますから……♡,
506,Hシーン5,572,どうぞ、中に全部注いでください。んっ……♡,
506,Hシーン5,582,言ってあげますね。,
506,Hシーン5,615,イく……♡,
507,Hシーン6,18,搾り取られているということがよーく分かりました。,
507,Hシーン6,32,丁度いいスパイスになっていた可能性すらありますね。,
507,Hシーン6,70,ごくっ……。,
507,Hシーン6,86,あなたが隣にいるならなおさらです。,
507,Hシーン6,102,あなたの可愛い反応を見る度、下着が濡れてしまって大変なんです。,
507,Hシーン6,118,きっと入れたら気持ちいいでしょうね。,
507,Hシーン6,134,気づかれてしまうでしょうから、残念ながらそれはできません。,
507,Hシーン6,148,あなたのことが大好きなナースさんと今すぐセックスできなくて。,
507,Hシーン6,162,目の前にいるのにつらいですよね。,
507,Hシーン6,178,いかがしますか？,
507,Hシーン6,196,そんなに我慢なりませんでしたか？,
507,Hシーン6,210,私があなたの自慰をする姿を見ていてあげます。,
507,Hシーン6,227,私の声に合わせて手を上下に……そうです、お上手です。,
507,Hシーン6,241,オナニーのサポートくらいはしてさしあげます。,
507,Hシーン6,255,今日はこの服装に合わせて甘く治療していきましょうか。,
507,Hシーン6,269,硬く勃起して、とってもいい子です。,
507,Hシーン6,283,嬉しい。,
507,Hシーン6,297,もっとしこしこして欲しいです。,
507,Hシーン6,311,触りたいところ、あるでしょう？,
507,Hシーン6,325,揉みながらオナニーしてもいいんですよ。,
507,Hシーン6,342,そのままオナニー頑張ってください。,
507,Hシーン6,356,夢見ながら格好いい射精して欲しいです。,
507,Hシーン6,370,こういったわざとらしい誘惑もお好きですか？,
507,Hシーン6,384,嬉しくなっちゃだめですからね。,
507,Hシーン6,424,可愛いと思っているのも全部、です。,
507,Hシーン6,438,その証拠ですよ。,
507,Hシーン6,452,このほかほかのおまんこで犯してあげたいです。,
507,Hシーン6,466,逆レイプじみたいちゃらぶセックスをしたいです。,
507,Hシーン6,480,甘くてちょっと意地悪な言葉をお耳に注ぎ込みながら、,
507,Hシーン6,494,ぱん、ぱんとえっちな音を響かせて……、,
507,Hシーン6,508,ぴゅるる～……♡　っと中でお漏らしさせるんです。,
507,Hシーン6,522,おちんちんが落ち着くまで交尾は終わらない……。,
507,Hシーン6,536,股間に悪い妄想煽り、効いたみたいですね。,
507,Hシーン6,550,オナニーするんですよ。,
507,Hシーン6,564,ちこちこ、ちこちこ。,
507,Hシーン6,591,あなたの自分を慰める姿が可愛くて、つい。,
507,Hシーン6,605,にちにち、ちゅこちゅこ、といった風に形容するのがより正確でしょうか。,
507,Hシーン6,619,偉いですよ。,
507,Hシーン6,633,おかげでおちんちんがずっとかちかちです。,
507,Hシーン6,647,おっぱいにたくさん甘えてください。,
507,Hシーン6,663,そろそろイきそうなのでしょうか。,
507,Hシーン6,694,びゅー、びゅーってするの、きっと気持ちいいですよ？,
507,Hシーン6,708,女の子のぱんつを贅沢に使っちゃいましょう？,
507,Hシーン6,722,上手にしーしーしてください。,
507,Hシーン6,736,あー、もう無理、イくイくイく～……♡,
507,Hシーン6,759,いい子ですね……♡,
507,Hシーン6,792,ふふ。,
508,Hシーン7,18,気持ちよくしてください～♡」って言ってますね。,
508,Hシーン7,32,暴いていきましょう。,
508,Hシーン7,65,追加治療を行っていきます。,
508,Hシーン7,79,把握できていますか？,
508,Hシーン7,93,苦しそうにしていますよ。,
508,Hシーン7,107,嬉しいよ～♡」って伝えてくれています。,
508,Hシーン7,138,太ももの力加減、丁度いいですか？,
508,Hシーン7,152,私が勝手にあなたの顔から読み取ればいいだけでした。,
508,Hシーン7,166,おちんちん大きくなっちゃう～……♡」,
508,Hシーン7,180,されるのがお好きなようですね。,
508,Hシーン7,194,より快感を得てしまう、と。,
508,Hシーン7,221,今のも図星ですね？,
508,Hシーン7,235,治療がしやすくて助かります。,
508,Hシーン7,275,女の子に腰振ってもらうの好きぃ……♡」,
508,Hシーン7,289,すぐ負けたくなっちゃうよぉ……♡」,
508,Hシーン7,303,でもすぐ負けるのが恥ずかしくて言えない……♡」,
508,Hシーン7,317,僕のことめちゃくちゃにしてぇ……♡」,
508,Hシーン7,331,ですが大方合っているでしょう？,
508,Hシーン7,358,腰を振るわけがありません。,
508,Hシーン7,372,ただ気持ちよくなるためだけの腰振り……。,
508,Hシーン7,386,心の中まで把握されている人にバレないわけありませんよね。,
508,Hシーン7,400,そんなに見られたら、精液上がってきちゃうよぉ……♡」,
508,Hシーン7,414,今度は快感に耐えかねて腰が横にくねくねと……。,
508,Hシーン7,428,大人しくらぶらぶハグ素股の餌食になってください。,
508,Hシーン7,442,従順になっちゃうぅ……♡」,
508,Hシーン7,456,屈服させられちゃうよぉ……♡」,
508,Hシーン7,470,「敗北」を意識させられるのはやはり効きますか。,
508,Hシーン7,484,悔しくて涙が出てしまったようです。,
508,Hシーン7,498,勝手に射精の準備始めちゃうぅ……♡」,
508,Hシーン7,512,好きになっちゃうからぁ……♡」,
508,Hシーン7,526,溢れてきてしまいました。,
508,Hシーン7,540,おちんちんがぬるぬるになっています。,
508,Hシーン7,567,そんな期待した表情をしないでください。,
508,Hシーン7,594,あなたはおちんちんを勃起させているだけでいいんです。,
508,Hシーン7,608,見栄を張って強がりを言う必要もありません。,
508,Hシーン7,622,ぜーんぶ代弁してあげますから……♡,
508,Hシーン7,638,本気の素股が来ちゃいましたよー……♡,
508,Hシーン7,652,おちんちん変になるぅ……♡」,
508,Hシーン7,666,これ逃げないとやばいぃ……♡」,
508,Hシーン7,680,射精できない、情けないマゾになっちゃうぅ……♡」,
508,Hシーン7,694,観念してくださいね。,
508,Hシーン7,708,お精子を無駄うちぴゅっぴゅさせられるんです。,
508,Hシーン7,737,また負け癖付けられちゃうぅ♡」,
508,Hシーン7,753,イっちゃうイっちゃう……っ♡」,
508,Hシーン7,808,全部私に堪能されてしまいましたね。,
509,Hシーン8,23,このような四つん這いの姿勢をとっていただきます。,
509,Hシーン8,37,そうそう受けることのない恥辱で性癖を歪めることで、,
509,Hシーン8,51,治療していきます。,
509,Hシーン8,65,このくらいしないと効かないようですので仕方がありません。,
509,Hシーン8,79,どうやら全く反省していないご様子……。,
509,Hシーン8,109,悪い子ですね。,
509,Hシーン8,123,弱ーい負け癖つけてきたんですか？,
509,Hシーン8,137,最低です。,
509,Hシーン8,164,私に晒してください。,
509,Hシーン8,178,「さわってさわって～」って差し出していたんでしょう？,
509,Hシーン8,192,しませんよね？,
509,Hシーン8,206,しこしこしこしこ……。,
509,Hシーン8,220,無慈悲な手コキが気持ちいいんですか？,
509,Hシーン8,234,おちんちんが私の手に懐いているということですから。,
509,Hシーン8,248,今日の私はお叱りモードなので。,
509,Hシーン8,262,今までの行いを悔い改めてもらわないと。,
509,Hシーン8,276,今は事務的で冷たい手コキに興奮していてください。,
509,Hシーン8,290,しつこ～……い手コキで追い詰めてあげます。,
509,Hシーン8,304,こうしているとまるで乳搾りのようですね。,
509,Hシーン8,318,マゾのあなたによくお似合いです。,
509,Hシーン8,332,前に手を引っ張ってきてわがままなところでしょうか。,
509,Hシーン8,346,格好良くおちんちんを上に向けるなんて禁止です。,
509,Hシーン8,360,情けなく下を向けて格好悪いおちんちんにしてください。,
509,Hシーン8,376,とろりと我慢汁を床に垂らしましたね。,
509,Hシーン8,390,くすくす……。,
509,Hシーン8,406,少し速めに……しこしこしこしこ。,
509,Hシーン8,420,ちゅこちゅこちゅこちゅこ……。,
509,Hシーン8,434,ちょうど良いのでこちらを潤滑剤にさせていただきます。,
509,Hシーン8,448,自分を追い詰めるための液体を自ら差し出すなんて面白いですね。,
509,Hシーン8,462,音もより煽情的になってしまいました。,
509,Hシーン8,476,耳でも感じ取ることができますね。,
509,Hシーン8,490,ちゃんと自覚してください。,
509,Hシーン8,504,自分専属のナースさんだけってしっかり言い聞かせてください。,
509,Hシーン8,518,再教育が必要なんです。,
509,Hシーン8,532,ちゅこちゅこ攻撃でたっぷり反省してくださいね。,
509,Hシーン8,546,ちゃんと手コキしやすいように腰を上げていてください。,
509,Hシーン8,562,仕方ありません、言うことを聞けない子はお仕置きします。,
509,Hシーン8,606,もっと身体がくねくねしてしまいました。,
509,Hシーン8,620,このまま格好悪くお精子を搾り取られましょうか。,
509,Hシーン8,634,負かされているとっても弱いマゾです。,
509,Hシーン8,648,優しく叱ってくれるのは私だけですよね？,
509,Hシーン8,662,脳みそに刻み込んでください。,
509,Hシーン8,676,頭の中を私でいっぱいにしてください。,
509,Hシーン8,690,そろそろ仕上げといきましょうか。,
509,Hシーン8,704,情けなくお射精してください。,
509,Hシーン8,718,この変態マゾ。,
509,Hシーン8,740,手から溢れてしまいます。,
509,Hシーン8,758,……くす。ひどいお顔。すっかり改心できたみたいです。,
509,Hシーン8,776,頑張りましたね。,
510,Hシーン9,17,無防備なままではいけません。,
510,Hシーン9,31,たー……っぷり、もてあそんであげますね。,
510,Hシーン9,88,そうそうないと思いますが、,
510,Hシーン9,102,高頻度で遭遇すると思います。,
510,Hシーン9,120,セラさんっ、何ですかこれ……っ！？,
510,Hシーン9,123,セラさんのおまんこに入れたい……っ！）,
510,Hシーン9,156,少々くすぐってあげました。,
510,Hシーン9,172,すぐ襲うだなんてたるんでいますね、全く。,
510,Hシーン9,192,こら、勝手に動いて悪い子ですね。,
510,Hシーン9,195,我慢できなくて……っ！,
510,Hシーン9,212,まだまだ治療はこれからですし。,
510,Hシーン9,226,あなたの好きなように動いてください。,
510,Hシーン9,240,よっぽど催眠が効いたようです。,
510,Hシーン9,257,私まで気持ちよくなってしまいます……。,
510,Hシーン9,273,ん……あっ……。,
510,Hシーン9,287,あっという間に限界が来てしまうのは？,
510,Hシーン9,301,やっぱり早漏さんですね……可愛い。,
510,Hシーン9,315,おちんちんが「精子出したいよ～」って訴えているみたいです。,
510,Hシーン9,331,分かりました。それでは……、,
510,Hシーン9,349,あ、あれっ……！？,
510,Hシーン9,365,思った通りの反応というのは気持ちがいいものですね。,
510,Hシーン9,379,今、絶対に射精ができない催眠をかけました。,
510,Hシーン9,393,良かったですね。,
510,Hシーン9,407,まるで駄々をこねる赤ん坊のようですよ。,
510,Hシーン9,421,……可愛いお顔です……。,
510,Hシーン9,435,その間、好きに腰を振っていいですよ。,
510,Hシーン9,449,くすくす……。,
510,Hシーン9,476,それは咎めません。,
510,Hシーン9,490,射精によるレベルドレインもされないので大して危険ではないからです。,
510,Hシーン9,504,相手の言いなりになることです。,
510,Hシーン9,531,勃起したおちんちんをパンツにしまう選択。,
510,Hシーン9,545,その後私からの厳しい射精管理を受ける選択。,
510,Hシーン9,559,次いつ射精できるかは私の気分次第です。,
510,Hシーン9,573,とても苦しい思いをするでしょうね。,
510,Hシーン9,587,私がずー……っとあなたの性欲を刺激して、狂わせてあげますので。,
510,Hシーン9,601,射精を諦めるか、射精管理を代償に射精するか。,
510,Hシーン9,615,ピストンを続けて射精欲を育てながらしっかりと、ね。,
510,Hシーン9,618,けど、射精したら終わりの分からない射精管理なんて……っ）,
510,Hシーン9,621,セラさんの一番奥に出したい、のに……っ！）,
510,Hシーン9,667,もう他はどうでもいいっ！　射精したいっ！）,
510,Hシーン9,681,意志が固まったのでしょうか。,
510,Hシーン9,684,セラさん……っ！,
510,Hシーン9,698,全く仕方ありませんね……くす。,
510,Hシーン9,712,長く余韻に浸れるようにお射精がんばりましょうか……♡,
510,Hシーン9,726,最高のタイミングで催眠を解除してあげます。,
510,Hシーン9,744,本能のままにピストンしてください。,
510,Hシーン9,758,優しいナースさんが解放してあげましょうね。,
510,Hシーン9,772,せーの……、,
510,Hシーン9,798,あっ、んぅっ……♡,
510,Hシーン9,815,私までイってしまったじゃないですか……♡,
510,Hシーン9,830,後先考えない背徳感で満たされた絶頂は気持ち良かったですか？,
510,Hシーン9,845,射精管理の始まりです……♪,
510,Hシーン9,849,つらい日々が始まったが……、,
510,Hシーン9,852,よしよしと慰めながら射精させてくれた。,
511,Hシーン10,18,あなたのことを大好きなナースさんが悲しんでいますよ。,
511,Hシーン10,33,そんなに楽しかったですか？,
511,Hシーン10,55,\N[1]の意識が急速に遠のいた。,
511,Hシーン10,70,あれ、ここは……？,
511,Hシーン10,84,気分はどうですか、お兄さん。,
511,Hシーン10,87,確かさっきまでセラさんと一緒にいたはずじゃ……。,
511,Hシーン10,114,あなたはうちのお店で裏メニューを注文したところですよ。,
511,Hシーン10,128,始めていきますね。,
511,Hシーン10,146,お、踊り子さんっ、何を……！？,
511,Hシーン10,160,内容をご存じなかったんですか？,
511,Hシーン10,177,お兄さんのおちんちん、お世話していきますね……ずろろ……。,
511,Hシーン10,180,うぁ、舐めながら喋らないで……っ！,
511,Hシーン10,190,可愛いお兄さん。,
511,Hシーン10,203,裏筋を舌で、れろれろれろ……。,
511,Hシーン10,216,私のフェラ、気に入ってもらえて何よりです。,
511,Hシーン10,226,それとも、してくれる誰かがいらっしゃるとか？,
511,Hシーン10,255,その方がお兄さんのお気に入りのようですね。,
511,Hシーン10,280,満足させられていないのがだめなんですし。,
511,Hシーン10,292,ギンギンにさせながら言っても説得力がないですよ。,
511,Hシーン10,307,反応しちゃってるだけで……！,
511,Hシーン10,337,唇でカリ首をいじめるように……じゅぷっ、じゅぽっ……。,
511,Hシーン10,350,やっぱり私の方があなたと相性がいいみたいです。,
511,Hシーン10,367,……なんだか、自分自身に嫉妬してしまいます……。,
511,Hシーン10,382,あなたを私のとりこにしてあげます。,
511,Hシーン10,395,れろれろれろ……じゅぷっ、じゅぷっ、じゅぷっ。,
511,Hシーン10,408,こんなの味わったことないでしょう？,
511,Hシーン10,418,温かくて気持ちいいですよね。,
511,Hシーン10,431,身体は降参したがってるみたいですね。,
511,Hシーン10,444,最後までしてあげるんですけど……どうしますか？,
511,Hシーン10,457,傷つきますよ。,
511,Hシーン10,470,罪悪感が湧いているみたいですね。,
511,Hシーン10,480,そういう気持ちでするお射精が一番気持ち良いんですよ？,
511,Hシーン10,493,全身がぴくぴく震えながら精液が漏れ出るんです。,
511,Hシーン10,506,マゾのお兄さん……♡,
511,Hシーン10,521,じゅるるるっ、じゅぷっ、じゅぽっ、ずるるっ♡,
511,Hシーン10,534,あなたの子種においでって言ってあげます。,
511,Hシーン10,544,ただ気持ち良いだけですからねー……ちゅっ、ずるる……っ♡,
511,Hシーン10,557,これ、もう射精の準備しちゃってますね。,
511,Hシーン10,570,出るの確定しちゃってるんですから、もう諦めましょうね。,
511,Hシーン10,580,心の中でごめんなさいしながらぴゅっぴゅ～、ですよ。,
511,Hシーン10,595,この浮気マゾ♡,
511,Hシーン10,617,じゅるるる……っ♡,
511,Hシーン10,638,こんなに濃厚なのが出ましたよ。,
511,Hシーン10,675,セラさんからネタバラシされた。,
511,Hシーン10,678,意外と彼女の機嫌は悪くないように見えた。,
512,Hシーン11,17,不思議なものですね。,
512,Hシーン11,31,弱いマゾさんなのかもしれません。,
512,Hシーン11,45,もてあそんであげます。,
512,Hシーン11,73,本日は私が上で腰を振らせていただきます。,
512,Hシーン11,87,金玉の中でお精子をぐつぐつと煮詰めてください。,
512,Hシーン11,104,ん……っ。,
512,Hシーン11,118,おまんこは愛液で満たされているはずですが。,
512,Hシーン11,132,敗北感を煽っています。,
512,Hシーン11,146,より数字で操りやすいように下ごしらえをしているんです。,
512,Hシーン11,160,マゾさんの大好きなカウントダウンを。,
512,Hシーン11,187,早くなっていきますので、精液も同時にせり上がらせてください。,
512,Hシーン11,201,ゆーっくりとあなたの勃起おちんちんを育てていきます。,
512,Hシーン11,241,犯されていることを自覚するんです。,
512,Hシーン11,268,大きくなってきた証拠ですね。,
512,Hシーン11,282,そのまま期待を膨らませてください。,
512,Hシーン11,311,ん……ふっ……。,
512,Hシーン11,325,持ち上げてください。,
512,Hシーン11,352,卑猥な音が出ていますね。,
512,Hシーン11,366,ご自身の性欲を高ぶらせてください。,
512,Hシーン11,393,まだまだお射精は我慢ですよ。,
512,Hシーン11,407,どれだけ気持ちいいんでしょうね。,
512,Hシーン11,434,むずむずと切ない気持ちが湧いてきましたね？,
512,Hシーン11,448,一緒に頑張りましょうね。,
512,Hシーン11,477,言いつけ通り数字と共に射精感を高めているようで何よりです。,
512,Hシーン11,492,私まで気持ちよくなってしまいます……ん……っ。,
512,Hシーン11,520,腰に力を入れて耐えて下さい。,
512,Hシーン11,534,お漏らしは絶対だーめ……。,
512,Hシーン11,561,本気のピストンですよ。,
512,Hシーン11,575,1、1、いーち……。,
512,Hシーン11,589,苦しいですね。,
512,Hシーン11,618,カウントダウンは中断です。,
512,Hシーン11,632,可哀そうに。,
512,Hシーン11,646,お約束していませんよね？,
512,Hシーン11,660,数字が大きくなることも想定していただかないと。,
512,Hシーン11,690,せっかく1まで耐えたのに残念ですね。,
512,Hシーン11,705,あーあ、大好きなお射精がどんどん遠ざかっていきます。,
512,Hシーン11,719,自分の首を絞めるだけなのに金玉さんが頑張っていますね。,
512,Hシーン11,733,お尻をぱんぱんってして犯して欲しいですか？,
512,Hシーン11,749,あなたの愛らしさに免じて……3♡,
512,Hシーン11,763,良かったですね、いきなり小さい数字に進めてもらえて。,
512,Hシーン11,777,待ちに待ったお射精の時間ですよ。,
512,Hシーン11,791,ぎりっぎりのところでお精子待機させてください。,
512,Hシーン11,805,おあずけ無しでちゃんと言ってもらえるでしょうか？,
512,Hシーン11,819,もう意地悪しませんから安心してください。,
512,Hシーン11,833,ほら、ちゃんと耳を澄まして聞いてください。,
512,Hシーン11,848,イ・け♡,
512,Hシーン11,871,ぴゅっぴゅ～……♡,
512,Hシーン11,888,一滴残らず出させてあげます……んっ……。,
512,Hシーン11,903,偉いですよ。,
513,Hシーン12,17,やはり耐えるのは難易度が高いようですね。,
513,Hシーン12,44,とってもえっちなこと、教えてあげるね？,
513,Hシーン12,72,全然重くないね。,
513,Hシーン12,86,お姉さんに何されちゃうか分からなくて怖い？,
513,Hシーン12,100,僕くんのおちんちんを挟んじゃうんだよ。,
513,Hシーン12,114,僕の皮かむりで小さいおちんちんじゃ勝てっこないって。,
513,Hシーン12,128,埋もれちゃうんだろうね。,
513,Hシーン12,142,亀頭も竿もこね回されて、,
513,Hシーン12,156,谷間に閉じ込められちゃうことを、,
513,Hシーン12,183,パイズリ、して欲しい？,
513,Hシーン12,197,じゃあしてあげる。,
513,Hシーン12,211,おちんちんを捕まえて……、,
513,Hシーン12,240,がんばれ、耐えて耐えて。,
513,Hシーン12,254,挟んだだけで出しちゃったら恥ずかしかったよ？,
513,Hシーン12,285,全部むき出しになっちゃった。,
513,Hシーン12,299,不意打ちで動かされてびっくりしちゃったかな。,
513,Hシーン12,313,君が翻弄されて悶えているお顔が好きなの。,
513,Hシーン12,327,お姉さんはそれを格好悪いって思わないから。,
513,Hシーン12,354,お姉さんに可愛がられるの、僕くんは好き？,
513,Hシーン12,368,でも、おちんちんが正直すぎて隠せてないよ。,
513,Hシーン12,395,おちんちんが捕まえられてるから逃げられないね。,
513,Hシーン12,409,先っぽが中でくるくるしちゃって力抜けちゃうね。,
513,Hシーン12,423,お利巧さんにして大人しくパイズリしててもらおっか。,
513,Hシーン12,437,挟んでもらってるんだって興奮高めてようね。,
513,Hシーン12,451,そうしたらもっと気持ちよくなれるから。,
513,Hシーン12,465,つらいつらいだから甘えん坊したいのかな？,
513,Hシーン12,479,お姉さんに力いっぱい抱き着いて。,
513,Hシーン12,493,パイズリで悶えてるのがバレちゃうけどね。,
513,Hシーン12,507,僕くんは非力だから全然痛くないし、遠慮はいらないよ。,
513,Hシーン12,521,挟まれるの好き～」って脚で教えて？,
513,Hシーン12,535,気持ちよくてたまらないんだね。,
513,Hシーン12,549,頑張って上を向こうと頑張ってるのが分かるよ。,
513,Hシーン12,563,おちんちんそんな風にしたらおっぱいに引っかかって,
513,Hシーン12,564,もっと気持ちよくなっちゃうよ？,
513,Hシーン12,578,おねだりしてるのかな。可愛いね。,
513,Hシーン12,594,ぱちゅんぱちゅんって激しくピストンするよ。,
513,Hシーン12,608,下半身が幸せだね。,
513,Hシーン12,622,もう超えちゃってるかもしれないけど、射精まで我慢だよ。,
513,Hシーン12,636,偉い子は弱音吐いちゃ、めっ、だよ。,
513,Hシーン12,650,僕くん頑張れ、おちんちんさん頑張れ。,
513,Hシーン12,664,逃げずに最後まで治療頑張って。,
513,Hシーン12,678,うん、いいんだよ。僕くんはおっぱいに弱いもんね。,
513,Hシーン12,692,女の子に負けないもんって腰に力入れられる？,
513,Hシーン12,706,射精した時の敗北感が強くなるから。,
513,Hシーン12,720,勝てないって記憶に刻み込まれちゃうの。,
513,Hシーン12,735,一生治らない負け癖を植え付けてあげる……♡,
513,Hシーン12,749,年上のお姉さんのパイズリに敗北しちゃえ。,
513,Hシーン12,763,男の子のプライドずたずたにされちゃえ……♡,
513,Hシーン12,785,はい、僕くんの負け……♡,
513,Hシーン12,803,じゃあ、負けちゃった可哀そうなおちんちんのこと、見てみよっか。,
513,Hシーン12,820,皮も巻き戻っちゃって、情けない恰好だね。,
513,Hシーン12,836,付いちゃいました……♡　くす……♡,
514,Hシーン13,5,　視点移動が可能\C[0]なシーンがあります。,
514,Hシーン13,35,今日は「ごめんなさい」は禁止です。,
514,Hシーン13,47,迷惑だとは思っていません。,
514,Hシーン13,59,むしろ、母性本能が内から湧いてきます。,
514,Hシーン13,81,もう怖くありませんよ。,
514,Hシーン13,91,吸って～……吐いて～……。,
514,Hシーン13,101,お利巧さんですね。,
514,Hシーン13,121,後は全部私が導いてあげますので。,
514,Hシーン13,137,今日は私の役目です。,
514,Hシーン13,150,ひたすら元気いっぱいにされてください。,
514,Hシーン13,163,一番効果があるのでしょう？,
514,Hシーン13,188,負けるなあなた～……♡,
514,Hシーン13,200,これがお好きなんですね。,
514,Hシーン13,212,それすらも私が探り当てて差し上げます。,
514,Hシーン13,224,がんばれがんばれおちんちん……♡,
514,Hシーン13,247,ちょっとだけ恥ずかしいですもんね。,
514,Hシーン13,259,専属のナースですので。,
514,Hシーン13,283,恥ずかしさと嬉しさで、もっと顔を胸に埋めたくなったんですね。,
514,Hシーン13,293,素直な子は大好きですよ。,
514,Hシーン13,307,ほら、むぎゅ～……。,
514,Hシーン13,318,柔らかくて気持ちいいですね。,
514,Hシーン13,328,がんばれ、がんばれ……♡,
514,Hシーン13,338,私も気持ちいいです。,
514,Hシーン13,372,全部を癒してあげますよ。,
514,Hシーン13,385,少し元気が出てきたようで何よりです。,
514,Hシーン13,397,いけませんね。,
514,Hシーン13,409,らぶらぶえっち、頑張りましょうね。,
514,Hシーン13,423,あなたのが奥をとんとんって突いてきます。,
514,Hシーン13,436,えらいえらい。,
514,Hシーン13,449,私のおまんこがたっぷり絡みついてしまいますね。,
514,Hシーン13,462,それとも、もうちょっと応援欲しいですか？,
514,Hシーン13,486,あなたはとっても賢い子です。,
514,Hシーン13,496,甘々で愛情たっぷりなエールを送ってあげましょう。,
514,Hシーン13,510,おちんちんがんばれ……♡,
514,Hシーン13,526,濃ゆーい精液、たくさん煮詰めろー……♡,
514,Hシーン13,536,金玉さんも応援してあげないと不平等ですからね。,
514,Hシーン13,546,精液を吐き出す準備をしているところが見えないのが残念です。,
514,Hシーン13,556,私にとっては至上の喜びですが。,
514,Hシーン13,566,甘えんぼ上手、勃起するの上手……♡,
514,Hシーン13,576,こうやって元気を出させてあげます。,
514,Hシーン13,586,私の胸に甘えてください。約束ですよ。,
514,Hシーン13,596,では私はあなたが果ててしまうまで応援していてあげましょう。,
514,Hシーン13,606,白いおしっこぴゅってしろー……♡,
514,Hシーン13,616,射精がんばれー……♡,
514,Hシーン13,626,ぴゅっぴゅがんばれー……♡,
514,Hシーン13,636,おまんこを締めて応援してあげますね。,
514,Hシーン13,660,ぜーんぶ出せ出せー……♡,
514,Hシーン13,681,えらい子です。,
515,Hシーン14,18,あっけないですね。,
515,Hシーン14,32,このまま追加治療を始めていきます。,
515,Hシーン14,46,覚悟してください。,
515,Hシーン14,55,　視点移動が可能\C[0]なシーンがあります。,
515,Hシーン14,103,そんなに楽しいですか？,
515,Hシーン14,119,ただ、節操無しなのはいかがなものかと思っているだけです。,
515,Hシーン14,152,本当は犯されて嬉しい癖に。,
515,Hシーン14,166,劣等感で興奮しようとしているのでしょうか。,
515,Hシーン14,180,勝手に一人で楽しまないでください。,
515,Hシーン14,194,そんな風に喜んでいたらだめでしょう。,
515,Hシーン14,208,一生勝てませんよ。,
515,Hシーン14,222,一度色仕掛けされて負けたことがあるそうですね？,
515,Hシーン14,238,私への嫌味をたっぷり込めて。,
515,Hシーン14,252,どうしてよりによって彼女に負けているんですか。,
515,Hシーン14,266,それも私と出会うよりも前に。,
515,Hシーン14,280,はらわたが煮えくり返ります。,
515,Hシーン14,294,彼女とのえっちは。,
515,Hシーン14,310,やましいことでもあるんですか？,
515,Hシーン14,341,言え。,
515,Hシーン14,344,気持ちよかったです……っ！,
515,Hシーン14,371,私との記憶で上書きしてしまいましょう。,
515,Hシーン14,385,負けっぱなしの雑魚マゾさん。,
515,Hシーン14,418,負けて当然ですね。,
515,Hシーン14,435,このまま再び逆レイプを続けます。,
515,Hシーン14,449,肝心の症状が改善されていないのですから。,
515,Hシーン14,463,大人しく犯されなさい。,
515,Hシーン14,477,そんなに乱暴されるのが好きですか？,
515,Hシーン14,480,だって、セラさんが可愛いから……っ！,
515,Hシーン14,511,全く、油断も隙もありません。,
515,Hシーン14,527,彼女たちの手口を覚えてしまったのでしょうか。,
515,Hシーン14,542,卑怯な人です。,
515,Hシーン14,557,取得しているというのなら、まぁ、いいでしょう。,
515,Hシーン14,571,許してあげないこともありません。,
515,Hシーン14,585,もっと言ってください。,
515,Hシーン14,588,モンスター娘なんかよりセラさんが良いです！,
515,Hシーン14,591,気持ちい……っ、セラさん、好きぃ……っ！,
515,Hシーン14,638,あなたの交渉力の高さは十分測れたので。,
515,Hシーン14,652,私の中でお精子を注いでくれたら許してあげます。,
515,Hシーン14,666,反省できるように私が根こそぎ搾り取ってさしあげます。,
515,Hシーン14,680,精子出せ……。,
515,Hシーン14,719,熱いの、出てる……♡,
515,Hシーン14,749,忘れないでくださいね。,
516,Hシーン15,18,まさかここまでマゾがひどくなっているとは。,
516,Hシーン15,34,負け癖を上書きするしかないようですね。,
516,Hシーン15,37,本当に可哀そうって思ってますか……？,
516,Hシーン15,51,徹底的に教育してさしあげます。,
516,Hシーン15,84,治療の方法は簡単です。,
516,Hシーン15,98,快楽と屈服を紐付けるんです。,
516,Hシーン15,112,他の女にはなびかなくなるはずですので。,
516,Hシーン15,129,あなたの顔、足置きにしてあげます。,
516,Hシーン15,143,私に踏まれて鼻の下を伸ばすなんて、とっても格好悪いです。,
516,Hシーン15,157,敗北する喜びを脳みそに覚え込ませていきましょうね。,
516,Hシーン15,171,足から顔を離したらお仕置きですからね。,
516,Hシーン15,188,では、あなたのへたくそピストンでえっち始めてください。,
516,Hシーン15,204,本当はあなたのことを素敵だと思っていることはご留意ください。,
516,Hシーン15,224,相変わらず弱々しい腰使いですね。,
516,Hシーン15,238,あるようで何よりです。,
516,Hシーン15,252,ほら、私の足の下で深呼吸してください。,
516,Hシーン15,266,私のフェロモンを肺いっぱいに吸い込みなさい。,
516,Hシーン15,280,こんなので喜ぶなんて本当にお馬鹿さん。,
516,Hシーン15,294,命令されたってこんな恥ずかしいことしませんから。,
516,Hシーン15,308,このままだと私にくすくす笑われっぱなしですよ。,
516,Hシーン15,322,恥ずかしい気持ちで金玉さんをきゅんきゅんさせたいんですか？,
516,Hシーン15,336,みっともない人ですね。,
516,Hシーン15,350,罵ってもらえて良かったですね。,
516,Hシーン15,364,ほら、ぐりぐりぐり……。,
516,Hシーン15,378,抵抗しているつもりでしょうか？　くす……。,
516,Hシーン15,392,もしかしたら見直してもらえるかもしれませんね？,
516,Hシーン15,406,「お顔がぺちゃんこになるまで押し付けて格好いいー」って。,
516,Hシーン15,420,私の足に犬みたいに懐いちゃってください。,
516,Hシーン15,434,マゾらしい馬鹿みたいな表情になっていますよ。,
516,Hシーン15,448,はい、吸って～……。,
516,Hシーン15,462,情けない勃起しても隠すの禁止です。,
516,Hシーン15,476,たくさん馬鹿にしてもらいましょうね。,
516,Hシーン15,492,それなら……、,
516,Hシーン15,506,このマゾ……♡,
516,Hシーン15,522,賢い負け犬さんです。,
516,Hシーン15,536,格好良さとは無縁ですが。,
516,Hシーン15,550,普通は強い腰振りで女の子を喘がせるものなんですよ？,
516,Hシーン15,564,ありえないことなんですが……、,
516,Hシーン15,578,とても滑稽ですよ。,
516,Hシーン15,592,あなたは歯を食いしばりながらひぃひぃと嬌声をあげている……。,
516,Hシーン15,619,治療として生易しすぎます。,
516,Hシーン15,633,私への負け癖が定着しませんから。,
516,Hシーン15,647,はしたなく射精懇願をするところ、笑ってもらいましょうか。,
516,Hシーン15,661,この人には勝てないっておちんちんに覚え込ませるんです。,
516,Hシーン15,675,「射精させてください、お願いします」と言ってください。,
516,Hシーン15,691,誠心誠意、私への忠誠の意志を込めて言いなさい。,
516,Hシーン15,724,いい子です♡,
516,Hシーン15,738,嬉しいですね。,
516,Hシーン15,752,私に感謝しながら精子をひりだしてください。,
516,Hシーン15,768,このばーか……♡,
516,Hシーン15,794,出てる……♡,
516,Hシーン15,814,本当に可愛い人……♡,
516,Hシーン15,834,私のせいで歪められちゃいましたね……♡,
517,Hシーン16,17,心が折れてしまうようですね。,
517,Hシーン16,31,これで耐性を付けてください。,
517,Hシーン16,74,こんなに勃起して……。,
517,Hシーン16,88,可愛いですね。,
517,Hシーン16,118,おちんちんとっても硬いですね。,
517,Hシーン16,132,胸の鼓動も伝わってきます。,
517,Hシーン16,146,好きなだけドキドキしてください。,
517,Hシーン16,160,治療の効果も大きくなります。,
517,Hシーン16,174,赤子のようにおねだりする状態まで追い詰めるのが理想です。,
517,Hシーン16,188,鼻息が荒くなっていますよ。,
517,Hシーン16,202,私の治療に芯まで染められてきている証拠ですよ。,
517,Hシーン16,216,モンスター娘など眼中にも無くなりますからね。,
517,Hシーン16,230,快楽が心に沁みついて取れないようにしてあげます。,
517,Hシーン16,244,早漏さんは寸止め治療が楽で助かります……ふふ。,
517,Hシーン16,258,そうしたら私が……、,
517,Hシーン16,287,とっても愛らしくて素敵です。,
517,Hシーン16,301,射精はさせてあげません。,
517,Hシーン16,315,切ない気持ちでいっぱいになりましょうね。,
517,Hシーン16,331,ではしこしこ再開します。,
517,Hシーン16,345,少し休憩しましたが硬いままですね。,
517,Hシーン16,359,おちんちんを追い詰める必要があります。,
517,Hシーン16,391,れろ、れろ……。,
517,Hシーン16,404,唾液たっぷりで舐めしゃぶっていきます。,
517,Hシーン16,417,女の子の舌の感触を受けようと必死になっていますよ。,
517,Hシーン16,430,私も可愛がらずにはいられませんね。ちゅっ、じゅるる……。,
517,Hシーン16,443,身体の小さな反応までよく伝わってきます。,
517,Hシーン16,456,マゾであることを全く隠せていませんね。,
517,Hシーン16,469,無駄ですよ。観念してください。,
517,Hシーン16,482,精液を濃くすることだけです。,
517,Hシーン16,495,瞳をうるませていればいいんです。,
517,Hシーン16,508,私の目を盗んで出そうとしても絶対に無理ですよ。,
517,Hシーン16,518,ぜーんぶ把握されちゃってますからね。,
517,Hシーン16,531,イくイくイっちゃう、お精子出るでる～……。,
517,Hシーン16,546,寸止めです。,
517,Hシーン16,559,格好いいですよ。,
517,Hシーン16,572,刺激をないないされて辛いんですね。,
517,Hシーン16,599,手コキ再開されましたね。,
517,Hシーン16,612,女の子の気まぐれ一つでまた引き戻されちゃいますね。,
517,Hシーン16,622,嬉しいですよね、あなたは可愛い可愛いマゾですから。,
517,Hシーン16,635,精子搾り取られちゃう～……。,
517,Hシーン16,650,イってはいけません。,
517,Hシーン16,663,取り上げられてつらいですね。,
517,Hシーン16,676,真摯に治療へ取り組んでいただけて嬉しいです。,
517,Hシーン16,689,では、そろそろご褒美に射精させてあげましょうか。,
517,Hシーン16,702,可愛い……。,
517,Hシーン16,715,導いてあげたくなっちゃいますね。,
517,Hシーン16,728,愛情たっぷりの乳首舐め手コキでイってくださいね。,
517,Hシーン16,741,イっていいですよ……たくさんびゅーってしましょうね。,
517,Hシーン16,768,イくな、このばーか。,
517,Hシーン16,782,良いお顔をしてますよ……♡,
517,Hシーン16,796,両方でいっぱいいっぱいなんですね……♡,
517,Hシーン16,810,でないと、こうやって遊ばれてしまいますから。,
517,Hシーン16,825,マゾの弱虫さん……♡,
517,Hシーン16,838,本気手コキで瞬殺してさしあげます。,
517,Hシーン16,851,一滴残らず私に捧げてください。,
517,Hシーン16,871,ぴゅっぴゅ～……♡,
517,Hシーン16,890,今日は特に頑張りましたね。,
517,Hシーン16,906,たくさん甘やかしてさしあげますからね。,
518,Hシーン17,18,こんな調子では全財産を搾り取られてしまいますよ。,
518,Hシーン17,32,耐性を付けてもらいましょうね。,
518,Hシーン17,74,男性にとってかなりの屈辱ではないでしょうか。,
518,Hシーン17,88,今回はチャンスをあげましょう。,
518,Hシーン17,102,特別にバニーガール治療はクリアということにして差し上げます。,
518,Hシーン17,129,耐えられればのお話ですが。,
518,Hシーン17,146,私の生足の踏まれ心地はいかがでしょうか。,
518,Hシーン17,160,あなたのおちんちんへの施術に問題はなさそうです。,
518,Hシーン17,174,むしろ蒸れている方が嬉しい、とまで思っていそうですね。,
518,Hシーン17,188,耐えきることができるのでしょうか。,
518,Hシーン17,202,先行き不安ですね。,
518,Hシーン17,216,そういう顔をしていますよ。,
518,Hシーン17,230,あなたがずっと気になっているであろうものを使いましょうか。,
518,Hシーン17,244,診療室に入った時からちらちらと見ていましたよね？,
518,Hシーン17,258,うっすら見える乳輪を目で追っていたのでしょう？,
518,Hシーン17,272,もっとじっくり見たくはありませんか？,
518,Hシーン17,286,素直な人。,
518,Hシーン17,300,自分の首を絞めることになりかねません。,
518,Hシーン17,314,あなたの賢い頭でよーく考えてくださいね。,
518,Hシーン17,332,セラさんっ、それ速いっ……やめて……っ！,
518,Hシーン17,346,私はただ足コキをしているだけですよ？,
518,Hシーン17,360,強い男の人なら正常な判断ができますよね？,
518,Hシーン17,374,しごいてもらう方が気持ちいいに決まってますよね？,
518,Hシーン17,377,ま、待って……！,
518,Hシーン17,391,ぴゅっぴゅ～……ってしたいでしょう？,
518,Hシーン17,405,頑張ってバニーさんにお願いしましょうね。せーの……。,
518,Hシーン17,428,お馬鹿さんですね。,
518,Hシーン17,444,わざと自分に不利な行動をするなんて駄目じゃないですか。,
518,Hシーン17,458,まだまだあなたには挽回のチャンスがあります。,
518,Hシーン17,472,耐えることができるはずです。,
518,Hシーン17,486,足裏をぴっとりくっつけられたって平気ですよね？,
518,Hシーン17,500,私を油断させるための演技でしょうか。,
518,Hシーン17,514,私の胸から目を離さないのもきっと余裕の現れなのでしょうね。,
518,Hシーン17,528,余裕を持っているか、よほど頭が悪いかのどちらかですから。,
518,Hシーン17,542,たっぷりハンデをくださいね？,
518,Hシーン17,556,滑りをよくするためのお気遣いありがとうございます。,
518,Hシーン17,570,にちゅにちゅとおちんちんをこね回していきます。,
518,Hシーン17,584,耐える姿も素敵ですね。,
518,Hシーン17,598,私が負けてしまいそうです。,
518,Hシーン17,612,でないとあなたを退屈させてしまいますから。,
518,Hシーン17,654,ご興味があるご様子。,
518,Hシーン17,698,お上手です……あ……っ。,
518,Hシーン17,712,はぁ、んっ……♡,
518,Hシーン17,726,声が出てしまいます……あっ……♡,
518,Hシーン17,742,少しめくれてきましたか？,
518,Hシーン17,756,つまんでください。,
518,Hシーン17,807,見れて良かったですね。,
518,Hシーン17,827,おちんちんが限界になっていますね。,
518,Hシーン17,841,あきらめて乳首をオカズに射精しちゃいましょうか。,
518,Hシーン17,855,お金と一緒に全部お貢ぎしてください。,
518,Hシーン17,880,お精子、飛び出てきた……♡,
518,Hシーン17,897,幸せそうなお顔ですね。,
518,Hシーン17,913,このあなた専属バニーガールが待っていますよ。,
519,Hシーン18,18,偉いでちゅよ。,
519,Hシーン18,32,恥ずかしがっているようです。,
519,Hシーン18,46,わがままな子。,
519,Hシーン18,61,ママが優しく躾してあげまちゅね。,
519,Hシーン18,70,　視点移動が可能\C[0]なシーンがあります。,
519,Hシーン18,113,ママの胸の中、温かくて気持ちいいでちゅか？,
519,Hシーン18,123,くす……。,
519,Hシーン18,133,「嬉しいでちゅ～」って言ってくれてる。,
519,Hシーン18,143,勃起できていい子いい子。,
519,Hシーン18,153,うんと甘やかしてあげまちゅからね。,
519,Hシーン18,188,ママがお世話してあげないと。,
519,Hシーン18,200,しなくちゃいけないこと、ありまちゅよね？,
519,Hシーン18,223,どうしてお休みしてるのかな？,
519,Hシーン18,235,もっともっと赤ちゃんになっちゃお？,
519,Hシーン18,252,お口あーんってできまちゅか？,
519,Hシーン18,285,ふふ……おっぱい飲むのとってもお上手でちゅねー。,
519,Hシーン18,295,えらいえらい、いい子だね。,
519,Hシーン18,305,お耳が赤くなってるの、隠せてないでちゅよ。,
519,Hシーン18,315,頑張ったんだ？,
519,Hシーン18,325,僕ちゃんはすごいね。,
519,Hシーン18,335,大きくなろうね。,
519,Hシーン18,350,おっぱい飲んだらもっと背伸びしちゃったみたい。,
519,Hシーン18,360,ママ嬉しい。,
519,Hシーン18,370,いい子いい子。,
519,Hシーン18,380,甘えることしかできなくなってる。,
519,Hシーン18,390,離れないようにしてる。,
519,Hシーン18,400,まだ心の奥底では赤ちゃんになり切れてない、でちゅよね。,
519,Hシーン18,410,部分的に解除します。,
519,Hシーン18,434,しゃべれまちゅよ。良かったでちゅね。,
519,Hシーン18,467,もう喋れるはずなのにうーうーって言って俯いちゃいまちたね。,
519,Hシーン18,486,一緒におちんちんを甘やかしながら。,
519,Hシーン18,501,ほら、合図してあげるから言ってみましょうね。,
519,Hシーン18,540,とってもいい子。,
519,Hシーン18,550,僕ちゃんはママって言えるんだ。偉いねー。,
519,Hシーン18,560,縋りつくみたいに「ママ～」って……。,
519,Hシーン18,570,僕ちゃんすごい。格好いい。,
519,Hシーン18,598,赤ちゃんの教育はママの仕事だもん。,
519,Hシーン18,608,お漏らしはめっ、でちゅよ。,
519,Hシーン18,618,か弱い赤ん坊だって自覚しようね。,
519,Hシーン18,646,赤ちゃんになりながらのしーしーに興味津々でちゅね。,
519,Hシーン18,662,ママのものになる準備はできまちたか？,
519,Hシーン18,672,さん、はい……。,
519,Hシーン18,694,ご褒美あげましょうね♡,
519,Hシーン18,706,お漏らしどうぞ♡,
519,Hシーン18,726,おちっこ上手……♡,
519,Hシーン18,744,たくさん出せまちたね。えらいえらい。,
519,Hシーン18,754,本気の赤ちゃんごっこ、とっても楽しかったでちゅね……♡,
520,Hシーン19,31,すぐ嬉しくなってはいけませんよ。,
520,Hシーン19,45,たくさん聞いて慣れてくださいね。,
520,Hシーン19,75,脳が騙されないようにする治療です。,
520,Hシーン19,89,あなたはこちらにおちんちんを挿乳し、腰を振ってください。,
520,Hシーン19,105,ご遠慮なく。,
520,Hシーン19,129,谷間への挿乳、お上手です。,
520,Hシーン19,143,おちんちん全体が温かく包まれ、心地良いかと思います。,
520,Hシーン19,157,本当にセックスをしているのかのようにピストンをお願いします。,
520,Hシーン19,174,そうそう、その調子です。,
520,Hシーン19,188,中々良い気分ですね。,
520,Hシーン19,202,吐息のペースが乱れ、汗をじわりとかいていますね。,
520,Hシーン19,216,さらに本能に訴えかけていきましょう。,
520,Hシーン19,230,あなたのおちんちん、おっきい……♡」,
520,Hシーン19,244,恥ずかしい声出ちゃうよぉ……♡」,
520,Hシーン19,258,セックスしている気分になれますか？,
520,Hシーン19,272,効いている、と解釈させていただきます。,
520,Hシーン19,286,種付け欲求を煽っていきます。,
520,Hシーン19,300,勝手におまんこが子作りの準備しちゃう……♡」,
520,Hシーン19,314,そこ、だめ……弱いか、らぁ……っ♡」,
520,Hシーン19,328,私の谷間の中で翻弄されているだけなのに、可笑しいですね。,
520,Hシーン19,342,逆に私の肌が弱いところに吸い付いて返り討ち……。,
520,Hシーン19,356,味合わせてあげましょう。,
520,Hシーン19,370,それ頭ふわふわしちゃう……んぁっ♡」,
520,Hシーン19,384,こんなの絶対勝てない……っ♡」,
520,Hシーン19,398,おまんこが服従しちゃうぅ……♡」,
520,Hシーン19,412,ずいぶん余裕のないお顔ですね。,
520,Hシーン19,426,マゾ性癖を刺激され、興奮しているんですか？,
520,Hシーン19,440,病みつきになっている……といったところでしょうか。,
520,Hシーン19,454,情けないあなたを見て楽しませていただきます。,
520,Hシーン19,468,強いオスに犯されるの好きっ♡」,
520,Hシーン19,482,おちんちんで頭いっぱいになっちゃう……っ♡」,
520,Hシーン19,496,だめっ、はぁん……っ♡」,
520,Hシーン19,510,あっ、んっ♡　戻れなくなるからぁ……っ♡」,
520,Hシーン19,524,ふふ。,
520,Hシーン19,538,終盤に差し掛かる頃でしょうか。,
520,Hシーン19,552,きゅっと縮こまってきているのではありませんか？,
520,Hシーン19,566,子種を注ぎ込むフェーズへ入りましょう。,
520,Hシーン19,580,格好いいぴゅっぴゅ目指して頑張ってください。,
520,Hシーン19,596,あぁんっ♡　子宮降りてきちゃうぅ♡」,
520,Hシーン19,610,んっ♡　はぁっ♡　弱点見つけないでぇ♡」,
520,Hシーン19,624,おちんちんおっきくて逃げられないぃ……♡」,
520,Hシーン19,651,深く突いてもずっと柔らかいですよね。,
520,Hシーン19,665,精液を奥まで注いでいただけると助かります。,
520,Hシーン19,679,満足に種付けごっこもできないかもしれませんが。,
520,Hシーン19,693,ラストスパート、頑張ってください。,
520,Hシーン19,707,あぁっ♡　ぞりぞりってしないでっ♡」,
520,Hシーン19,721,んっ♡　深いの来るっ♡」,
520,Hシーン19,735,イくイくイくぅ……♡」,
520,Hシーン19,751,お馬鹿さん……♡,
520,Hシーン19,771,イっ……くぅぅ……っ♡」,
520,Hシーン19,787,私のセリフを本気にしてお出しする姿、ご立派でしたよ。,
520,Hシーン19,801,奥には届かなかったようですが。ふふ……。,
521,Hシーン20,18,あっけなくやられてしまいますよ？,
521,Hシーン20,32,耐えなくてはだめですよ。,
521,Hシーン20,46,ねっとりとお身体をほぐしていきます。,
521,Hシーン20,82,あなたは動いてはいけませんよ。,
521,Hシーン20,96,そのまま何もしなければ治療は勝手に終わりますから。,
521,Hシーン20,141,ここ、やっぱりお好きですか？,
521,Hシーン20,155,ぞく、ぞくと鳥肌が立ってしまいますね。,
521,Hシーン20,169,ぞくぞくは身体の奥にしまってください。,
521,Hシーン20,183,ぬるぬるマッサージ気持ちいいですね。,
521,Hシーン20,197,とても喜んでもらっているご様子。,
521,Hシーン20,211,嬉しそうですね。,
521,Hシーン20,225,爪を立ててみましょうか。,
521,Hシーン20,239,いかがですか？,
521,Hシーン20,253,乳首かりかり、効いちゃいましたか。,
521,Hシーン20,267,何せ、今日はずーっとここをいじめるつもりですから。,
521,Hシーン20,281,ねっとりと、じっくりと、乳首だけを可愛がるんです。,
521,Hシーン20,295,注ぎ込むことができそうですね？,
521,Hシーン20,311,それはまさかおちんちんのことでしょうか。,
521,Hシーン20,325,手コキは施術内容に含まれていませんので。,
521,Hシーン20,352,そんなことをしても私のSっ気を煽るだけですから。,
521,Hシーン20,366,発散する方法くらいは与えてあげましょう。,
521,Hシーン20,380,おっぱいを揉みしだいていいですよ。,
521,Hシーン20,383,結局おちんちんは放置ですか……！？,
521,Hシーン20,397,そういう治療ですので。,
521,Hシーン20,411,揉まないならないないしちゃいますよ？,
521,Hシーン20,428,文句は言いつつ、揉んじゃうんですね。,
521,Hシーン20,442,おちんちんのいら立ちが伝わってくるようです。,
521,Hシーン20,456,気持ちよくなりましょうね？,
521,Hシーン20,470,私のおっぱいだけじゃなくて、自分の胸にも集中してください。,
521,Hシーン20,484,敏感にさせられていますから、お辛いですよね。,
521,Hシーン20,498,かりかりかりかり、かりかりかりかり～……。,
521,Hシーン20,512,「乳首責め気持ちいいー」って伝えてくれてますね。,
521,Hシーン20,526,気持ちいいんでしょうね？,
521,Hシーン20,540,おっぱいを揉んで気を紛らわせてください。,
521,Hシーン20,554,お射精のことを考えているでしょう？,
521,Hシーン20,568,お精子は金玉の中で煮詰めるだけにしてください。,
521,Hシーン20,582,理性を働かせてとどめるんです。,
521,Hシーン20,596,上下にびくんびくんってさせて空気でしごいていればいいです。,
521,Hシーン20,610,頭の中で唱えて耐えてください。,
521,Hシーン20,624,そろそろ仕上げにいたしましょう。,
521,Hシーン20,641,人差し指と親指で、こねこね……。,
521,Hシーン20,655,強い刺激で一気に潰されるの、気持ちいいですか？,
521,Hシーン20,669,喜んでいただけて光栄です。,
521,Hシーン20,683,頭がちかちかしちゃいますよね。,
521,Hシーン20,697,おちんちんも好きなだけ振ってください。,
521,Hシーン20,737,触ってないのにお漏らししちゃいましたね……♡,
521,Hシーン20,754,少々驚いてしまいました。,
521,Hシーン20,768,可愛いところが見れたので良しとしましょう。,
522,Hシーン21,19,水着がお好きなようで。,
522,Hシーン21,33,免除したりはしませんよ。,
522,Hシーン21,83,そちらからお尻がよく見えるでしょう？,
522,Hシーン21,97,……早速視線が釘付けになっているようですね。,
522,Hシーン21,111,このまま背面騎乗位で犯していきますよ。,
522,Hシーン21,125,おちんちんが非常に硬いですね。,
522,Hシーン21,139,すぐ射精しないようにお気を付けください。,
522,Hシーン21,156,んっ……ふっ……。,
522,Hシーン21,170,最大限味わっていただきます。,
522,Hシーン21,184,ん……っ、セックスがお上手で素敵です。,
522,Hシーン21,198,私を責めると同時にご自身の弱点を刺激してしまっていますが。,
522,Hシーン21,212,声が出ないように唇を噛んでいますね？,
522,Hシーン21,226,躊躇しているのですか。,
522,Hシーン21,240,大きな嬌声を出してしまえば誰か来てしまうかもしれません。,
522,Hシーン21,254,女の子が乱暴されていると思われてしまうでしょうね。,
522,Hシーン21,281,そのあなたの羞恥心を治療に利用しましょう。,
522,Hシーン21,295,あなたは声が漏れないよう耐えてください。,
522,Hシーン21,309,自身のマゾ性癖を刺激する悪循環となってしまいます。,
522,Hシーン21,336,少々恥ずかしく思っていましたが……、,
522,Hシーン21,350,このらぶらぶえっちを見せつけても良いとさえ思っています。,
522,Hシーン21,364,えい、えい。,
522,Hシーン21,378,柔らかい感触をあなたの鼠径部にご提供します。,
522,Hシーン21,392,幸せになっちゃうでしょう？,
522,Hシーン21,406,目をつぶらずにしっかり見てください。,
522,Hシーン21,420,余さず楽しむんですよ？,
522,Hシーン21,436,甘い吐息が漏れてしまいましたね。,
522,Hシーン21,450,確実にマゾな気持ちが膨らんできているようです。,
522,Hシーン21,464,もっとお腹に力を入れて我慢しないとだめなんじゃないですか？,
522,Hシーン21,478,快楽によがる声を引きずり出されてしまいますよ。,
522,Hシーン21,492,大変です。,
522,Hシーン21,506,変な癖が付いちゃうかもしれません。,
522,Hシーン21,520,……おや？,
522,Hシーン21,538,それも二人組のようです。,
522,Hシーン21,552,大きな声を出したら気づかれてしまうかもしれません。,
522,Hシーン21,568,くすくすと笑われてしまうでしょうね。,
522,Hシーン21,571,あぁ……っ！,
522,Hシーン21,585,まだ見つかっていないというのに。,
522,Hシーン21,599,でないと恥をかいてしまいます。,
522,Hシーン21,613,プライドがぐずぐずになっちゃいますよ。,
522,Hシーン21,627,私に本気ピストンされても耐えてください。,
522,Hシーン21,645,言葉が聞き取れるくらい近くまで来ています。,
522,Hシーン21,660,涙目で必死に口を閉じて、本当に可愛い……♡,
522,Hシーン21,674,搾り取りたくなってしまうではありませんか。,
522,Hシーン21,677,セラさん、もう……！,
522,Hシーン21,691,あなたの情けないイき顔、見られなければいいですね？,
522,Hシーン21,714,腰、ぐりぐりって押し付けておきますね。,
522,Hシーン21,737,良かったですね？,
522,Hシーン21,751,見られなくて安心しています。,
522,Hシーン21,765,少々妬けてしまいますから。,
523,Hシーン22,19,偽物にも負けてしまうとは。,
523,Hシーン22,33,心配になってしまいます。,
523,Hシーン22,76,おちんちんの反応がよく見えますから。,
523,Hシーン22,90,あなたが気持ちよくなっていることを素直に教えてくれますしね。,
523,Hシーン22,106,おちんちんを入れてしまいますね。,
523,Hシーン22,136,びっくりしちゃったんですね。,
523,Hシーン22,150,怖くないですよ。,
523,Hシーン22,164,恐れをなして受け身になってしまうようですね。,
523,Hシーン22,178,「自信のなさ」があるのではないかと推察しています。,
523,Hシーン22,192,優しい言葉をかけて励ましていこうと思います。,
523,Hシーン22,222,気持ちいいことなんですよー。,
523,Hシーン22,236,勃起してたらご奉仕してもらえるだけですよ。,
523,Hシーン22,250,慰められて自尊心を取り戻したということでしょうか。,
523,Hシーン22,264,甘やかしオナホ治療、続けていきます。,
523,Hシーン22,278,オナホでセックスごっこするの気持ちいいですねー。,
523,Hシーン22,292,オナホさんも気持ちよくなっていますよ。,
523,Hシーン22,306,セックス上手。格好いいです。,
523,Hシーン22,309,逆に恥ずかしいんですが……っ。,
523,Hシーン22,323,自己肯定感が低い証拠です。,
523,Hシーン22,337,優しく導く必要がありますね。,
523,Hシーン22,353,カリ高でとっても気持ちよさそうなおちんちんですね。,
523,Hシーン22,367,中のつぶつぶを一つ一つひっかいていきます。,
523,Hシーン22,381,一所懸命に先っぽを大きくしているんですね。,
523,Hシーン22,395,このように頑張っている、ということですか。,
523,Hシーン22,422,いい子いい子。,
523,Hシーン22,436,くびれを優しく、にゅこにゅこ。,
523,Hシーン22,450,にゅるにゅる、ちゅこちゅこ。,
523,Hシーン22,464,優しく刺激されると気持ちいいですよね。,
523,Hシーン22,478,敏感さんでもローションのおかげで痛くないですね。,
523,Hシーン22,507,お返しのピストンをしてあげているんでしょうか。,
523,Hシーン22,521,なんて紳士な男の子なんでしょうか。,
523,Hシーン22,535,格好いいですよ。,
523,Hシーン22,551,ちゅこちゅこちゅこちゅこ～……。,
523,Hシーン22,565,夢中でセックスごっこしちゃってますね。,
523,Hシーン22,579,もっと本気ピストン見せてください。,
523,Hシーン22,593,頑張って腰を振りましょう。,
523,Hシーン22,607,少し疲れてしまったのでしょうか。,
523,Hシーン22,621,頑張ってください、偽物おまんこに負けないでください。,
523,Hシーン22,635,絶頂まであと少しですから、力を振り絞ってください。,
523,Hシーン22,649,一番奥にぴゅ～ってできたら格好いいですよ。,
523,Hシーン22,663,オナホさんのちゅこちゅこ攻撃に負けるな。,
523,Hシーン22,677,そろそろ出ますか？,
523,Hシーン22,691,オナホ越しに見ていてあげますからね。,
523,Hシーン22,713,はい、お射精上手ですね。,
523,Hシーン22,729,これで自信が付きましたか？,
523,Hシーン22,745,どうしてそんなにお顔を真っ赤にしているんですか？,
524,Hシーン23,47,できれば奥まで一気に……。,
524,Hシーン23,50,入れますね。,
524,Hシーン23,84,おちんちん、硬い……。,
524,Hシーン23,99,勃起していたんですか？,
524,Hシーン23,122,私は本気で苦しんでるんですよ？,
524,Hシーン23,138,勝手にのぞき見して勃起したり……。,
524,Hシーン23,152,えい。,
524,Hシーン23,157,セ、セラさん、何を……！？,
524,Hシーン23,184,自分の身体がどうなってしまったのか。,
524,Hシーン23,198,喉を鳴らしていないで腰を振ったらどうですか？,
524,Hシーン23,207,くっ……あぁ……っ！？,
524,Hシーン23,221,腰を引いただけでその反応……♡,
524,Hシーン23,235,中の感触がいつもよりよく分かるんじゃないですか？,
524,Hシーン23,249,強制的に刻み込まれてしまうくらいに。,
524,Hシーン23,263,状態異常で身体がいつも以上に弱くなった場合の対策です。,
524,Hシーン23,269,ひっ、あぁ……！,
524,Hシーン23,283,そんなにゆっくりで情けないピストン、初めて見ました……♡,
524,Hシーン23,298,あなたを見てると幸福感が溢れてきてしまいます……♡,
524,Hシーン23,314,へこへこ止めちゃだめですよ。,
524,Hシーン23,328,すぐお漏らししたらもっと格好悪いですから。,
524,Hシーン23,342,セックスしてください。,
524,Hシーン23,356,強烈な快感が襲ってきているのでしょう？,
524,Hシーン23,370,出す時はカリ首をねちっこくいじめられて身体が震えてしまう……。,
524,Hシーン23,384,ず～っと息も絶え絶えの状態です。,
524,Hシーン23,398,ちゃんと毎回竿から先っぽまで出し入れしてください。,
524,Hシーン23,412,そうです、その調子です……♡,
524,Hシーン23,426,ゆっくりでもごりごりと良いところを圧迫してきます……♡,
524,Hシーン23,440,ぎゅ～……。,
524,Hシーン23,448,だめだめだめっ！　それ無理ですっ！,
524,Hシーン23,462,そんなに効いちゃいましたか？,
524,Hシーン23,476,さぁ、もう一度挑戦してください。,
524,Hシーン23,506,んっ……♡,
524,Hシーン23,523,せーの、にゅるる～……♡,
524,Hシーン23,539,くす……あははっ……♡,
524,Hシーン23,553,申し訳ありません。,
524,Hシーン23,567,一緒にイってしまいましょう……♡,
524,Hシーン23,581,私の一番奥、突いて欲しいです。,
524,Hシーン23,599,お上手ですよ♡,
524,Hシーン23,614,可愛いっ♡　好きっ♡,
524,Hシーン23,629,弱々なピストンでぴゅるるって白いの出してください♡,
524,Hシーン23,654,んあぁぁ……っ♡,
524,Hシーン23,671,んっ……♡,
525,Hシーン24,19,精液の匂い……頭がくらくらします……♡,
525,Hシーン24,34,私も気持ちよくなったって……。,
525,Hシーン24,78,つらそうですよ……？,
525,Hシーン24,88,たまらなかったんですから……。,
525,Hシーン24,98,入れてくれないとつらいの治りません。,
525,Hシーン24,101,じゃあ入れますよ……？,
525,Hシーン24,128,気持ちいいぃ……♡,
525,Hシーン24,142,これ、ずっと欲しかったんです……♡,
525,Hシーン24,152,乱暴にしてもいいですから……♡,
525,Hシーン24,165,気持ちいい♡　んっ♡,
525,Hシーン24,175,本能が刺激されちゃってます……♡,
525,Hシーン24,178,締め付け強っ……！,
525,Hシーン24,188,ちょっとでも緩めたらおまんこが寂しくなっちゃいます……♡,
525,Hシーン24,198,可愛い表情をして私を誘惑した分、たくさんご奉仕してください♡,
525,Hシーン24,208,腰を押し付けてください♡　んっ♡,
525,Hシーン24,218,ピストンするんです♡,
525,Hシーン24,228,気持ちよくなれますから……♡,
525,Hシーン24,241,いいですよ……♡　もっとです……♡,
525,Hシーン24,254,子宮口以外にも好きってアピールしてください♡,
525,Hシーン24,264,ほら、カリで圧迫するように腰を引いて……♡,
525,Hシーン24,277,く、うぅ……♡,
525,Hシーン24,290,さすがあなたです♡　本当に素敵……♡,
525,Hシーン24,303,あっ、んぅぅ……っ♡,
525,Hシーン24,313,あぁ……っ♡　ふぅぅ……っ♡,
525,Hシーン24,316,イっちゃいそうです……っ！,
525,Hシーン24,329,欲しい……♡　欲しいです……♡,
525,Hシーン24,339,中にびゅ～ってしてください♡,
525,Hシーン24,352,いいですよ♡　イって♡　出して♡,
525,Hシーン24,377,私も、イく……っ♡,
525,Hシーン24,395,全身ぞくぞくって……♡　これ好き……♡,
525,Hシーン24,408,セックス続けてください♡,
525,Hシーン24,420,腰振りなさいっ♡,
525,Hシーン24,425,うぅぅ……っ！,
525,Hシーン24,435,本気セックスじゃないと満足できませんから♡,
525,Hシーン24,445,膣をかき回しなさい♡,
525,Hシーン24,458,まだです、もっとです……♡,
525,Hシーン24,471,一番奥に入れるのを繰り返しなさい♡,
525,Hシーン24,481,ちゃんと私のおまんこの形に合うようにしなさいっ♡,
525,Hシーン24,491,ちゃんと責任を取って私専用のおちんちんにしてください♡,
525,Hシーン24,504,格好いいですよ……あぁんっ♡,
525,Hシーン24,514,あなたの亀頭にキスしようとしてる……っ♡,
525,Hシーン24,524,うっ、んぁぁ……っ♡,
525,Hシーン24,534,好き……っ♡　大好きっ、うぅぅ……っ♡,
525,Hシーン24,537,イきそうになっちゃいますって……っ！,
525,Hシーン24,547,精液搾り取らせてっ♡,
525,Hシーン24,557,本気ピストンしろっ♡,
525,Hシーン24,569,これ、深いの来る……っ♡,
525,Hシーン24,579,好きっ♡　んぁぁっ♡,
525,Hシーン24,589,出せっ♡　イけっ♡,
525,Hシーン24,612,イ……っ、くうぅっ……～～～っ♡,
525,Hシーン24,630,……っ♡,
525,Hシーン24,640,んぅぅ……っ♡,
526,Hシーン25,31,力づくで治療するしかないね。,
526,Hシーン25,45,お前の負け癖全部上書きするから。,
526,Hシーン25,79,ちんちんだけじゃなくて力まで弱いんだね。,
526,Hシーン25,93,お前はマゾだから嬉しくなってドキドキしてるでしょ？,
526,Hシーン25,107,太ももの間でおちんちんが熱くなってるもん。,
526,Hシーン25,121,代わりにこのまま脚でちんちん挟んでしごいてあげる。,
526,Hシーン25,139,むちむちの太ももで、ずりずり……。,
526,Hシーン25,153,それはね、お前が悔しそうに射精する惨めなところが見たいから。,
526,Hシーン25,167,大事に作った精子をびゅーって無駄撃ちするの。,
526,Hシーン25,181,女の子に尊厳踏み荒らしてもらえて。,
526,Hシーン25,197,ばーか。,
526,Hシーン25,213,私にちんちん差し出せよ。,
526,Hシーン25,227,ちゃんと服従の意思を態度で示さないと。,
526,Hシーン25,241,負ける気満々のポーズ見せろ。,
526,Hシーン25,257,だっさ。,
526,Hシーン25,271,腰密着させて根本までしっかりしごいてあげる。,
526,Hシーン25,285,自分が犯されてる時の音、ちゃんと聞いて？,
526,Hシーン25,299,お前は女の子にしてもらわないとこの音聞けないもんね。,
526,Hシーン25,313,情けない擬音を女の子にアテレコされるだけ。,
526,Hシーン25,329,マゾはセックス下手くそでちゅねー。,
526,Hシーン25,345,勃起すら女の子に罵ってもらわないとできないんだ。,
526,Hシーン25,362,負けるの大好きな早漏ちんちん……。,
526,Hシーン25,379,そんなに嬉しいんだ。,
526,Hシーン25,393,感謝の言葉くらい欲しいんだけど。,
526,Hシーン25,407,「ありがとうございます」って言ってみて？,
526,Hシーン25,423,本当はそういうのも好きだよね。,
526,Hシーン25,437,「恥をかかせていただいてありがとうございます」に変更。,
526,Hシーン25,451,「恥をかかせていただいてありがとうございます」。,
526,Hシーン25,470,腰も引くな。早く言え、マゾ。,
526,Hシーン25,473,恥をかかせていただいて、ありがとうございます……っ！,
526,Hシーン25,490,本当に言っちゃうんだ。頭悪すぎ。,
526,Hシーン25,504,男のプライドがぐしゃぐしゃになっちゃった？,
526,Hシーン25,531,マゾヒストくん。,
526,Hシーン25,545,ちんちんが勝手に勃起しちゃうんだもんね。,
526,Hシーン25,559,私の太ももの間で全部素直に反応してるから。,
526,Hシーン25,573,ずーっとバレバレだよ。,
526,Hシーン25,589,速めのピストンでなぶってあげる。,
526,Hシーン25,603,セックスごっこさせてもらえて幸せでちゅねー。,
526,Hシーン25,617,みっともないでちゅよー。,
526,Hシーン25,631,相変わらず恥を晒すのが上手だね。,
526,Hシーン25,645,マゾ精子煮詰めてたから我慢がきかないんでしょ。,
526,Hシーン25,659,負けたくて負けたくてしょうがないんだよね。,
526,Hシーン25,673,私がマゾ性癖もっとひどくしてあげる。,
526,Hシーン25,689,お漏らしの準備しろ。,
526,Hシーン25,705,精液コキ捨てるところ、早く嗤って欲しいね。,
526,Hシーン25,719,意地悪されて作った弱ーい子種のぼってくるー……。,
526,Hシーン25,733,白いお漏らしして情けなく降参しろ……。,
526,Hシーン25,756,このばーか。,
526,Hシーン25,774,また負けちゃった。,
526,Hシーン25,788,ちんちんにこびりついてもう取れないかもね。,
527,Hシーン26,18,搾り取られてしまいましたね。,
527,Hシーン26,32,その前にこちらをお飲みください。,
527,Hシーン26,53,こちらで一旦体力を回復しましょう。,
527,Hシーン26,56,ごくっ……ごくっ……。,
527,Hシーン26,81,なんだか力がみなぎってきました。,
527,Hシーン26,95,再現したものですからね。,
527,Hシーン26,109,効率的に「狩り」を行うんです。,
527,Hシーン26,112,子供を育てるのではなくて……？,
527,Hシーン26,126,完飲されたようですし、始めましょうか。,
527,Hシーン26,157,お胸で施術を行っていきます。,
527,Hシーン26,171,搾精しちゃいますからね。,
527,Hシーン26,185,もうこんなに硬くなって……。,
527,Hシーン26,199,自らパイズリしやすくしてしまうなんていけませんよ。,
527,Hシーン26,213,それでは始めます。,
527,Hシーン26,242,おっぱいおむつを履かされちゃいました。,
527,Hシーン26,256,そんなことをしても逃げられませんよ？,
527,Hシーン26,270,牛娘に翻弄されるのみです。,
527,Hシーン26,288,上下に、ずりずり。,
527,Hシーン26,315,たっぷりとおっぱいの柔らかさを刷り込んでいきます。,
527,Hシーン26,329,この快感を思い出してしまうかもしれませんね。,
527,Hシーン26,343,谷間の中でもみくちゃにされる想像して前かがみになるんです。,
527,Hシーン26,357,おっぱいマゾさんの完成ですね。,
527,Hシーン26,371,すっかり喜んでしまっているようですね。,
527,Hシーン26,374,気持ちよくて……っ！,
527,Hシーン26,388,媚薬に近い成分が含まれていますから。,
527,Hシーン26,415,上下する度にひっかかっておつらいでしょうね。,
527,Hシーン26,429,射精感がみるみる内に膨らんでしまうでしょう。,
527,Hシーン26,443,ず～っとこの極楽に閉じ込められたまま……。,
527,Hシーン26,457,子種を私に差し出すことくらいです。,
527,Hシーン26,460,もう出ちゃいそうです……っ！,
527,Hシーン26,474,少々早いですがその方が都合が良いです。,
527,Hシーン26,491,あ、あれ……！？,
527,Hシーン26,494,気持ちいいのに、射精できない……！,
527,Hシーン26,508,射精は始まっています。,
527,Hシーン26,522,それも、固形みたいな超濃厚な精液に。,
527,Hシーン26,536,その分精液が尿道につまって中々出てこなくなります。,
527,Hシーン26,550,非常に長い射精と強い快楽が伴います。,
527,Hシーン26,564,と言おうと思っていたのですが、,
527,Hシーン26,578,脚がピンと伸びてしまっていますね。,
527,Hシーン26,581,セラさんもっとしごいてぇ……っ！,
527,Hシーン26,596,耐えかねて可愛くおねだりしちゃいましたね。,
527,Hシーン26,613,ほらほら、早めのパイズリ欲しかったんですよね。,
527,Hシーン26,627,思い切りピストンしてあげます。,
527,Hシーン26,641,今ならおちんちんに叩き込めちゃいますね。,
527,Hシーン26,655,出てきてくれるはずです。,
527,Hシーン26,669,お射精頑張ってくださいね。,
527,Hシーン26,672,で、出る……っ！,
527,Hシーン26,688,ようやく精液が鈴口から出始めましたね。,
527,Hシーン26,702,気を緩めてはいけませんよ。,
527,Hシーン26,716,それを目指してファイトです。,
527,Hシーン26,730,パイズリで濃ゆーいお精子出せ出せ……。,
527,Hシーン26,733,全部出そう……っ！,
527,Hシーン26,747,ラストスパートです。,
527,Hシーン26,761,お射精を補助してあげますからね。,
527,Hシーン26,775,さん、はい……。,
527,Hシーン26,798,すごい勢い……♡,
527,Hシーン26,816,とっても格好いいです。,
527,Hシーン26,833,少し刺激が強すぎたみたいですね……。,
528,Hシーン27,81,二人の間でめちゃくちゃにしてしまいましょう。,
528,Hシーン27,125,可哀そうな草食動物といったところでしょうか。,
528,Hシーン27,142,そんな顔をされては、食べたくなってしまいます。,
528,Hシーン27,159,良いですよね、私。,
528,Hシーン27,176,先攻はお譲りします。,
528,Hシーン27,245,口をぎゅっと結んで快感に耐えようとしましたね。,
528,Hシーン27,262,案外こちらのポジションも役得かもしれません。,
528,Hシーン27,283,れろれろ……ちゅっ……♡,
528,Hシーン27,297,敏感な部分を磨かれて気持ちいいでしょう？,
528,Hシーン27,311,あなたの表情、全部見ていますよ。,
528,Hシーン27,325,こんなのおちんちんに血が集まっちゃいますね。,
528,Hシーン27,339,良かったですね、快感をもっと感じやすくなりましたよ。,
528,Hシーン27,353,もう一人の私もあなたのおちんちんを丹念に味わっていますから。,
528,Hシーン27,367,そろそろ代わってください。,
528,Hシーン27,384,あともうちょっとだけ……♡,
528,Hシーン27,401,その代わり彼を言葉でいじめる権利を差し上げます。,
528,Hシーン27,423,我ながら我慢の効かない人です。,
528,Hシーン27,442,さて、ようやく私の番ですね。,
528,Hシーン27,462,あー……。,
528,Hシーン27,484,れろ……ちゅっ……♡,
528,Hシーン27,501,それに、かすかな喘ぎ声も聞こえましたよ。,
528,Hシーン27,520,少々恥ずかしいですね。,
528,Hシーン27,538,絶え間なく舌を這わせています。,
528,Hシーン27,557,自分のものを愛情たっぷりに舐めてもらえるのは。,
528,Hシーン27,574,感じられているかもしれませんね。,
528,Hシーン27,591,無防備なおちんちんを食べられていることに興奮を覚えるでしょうか。,
528,Hシーン27,608,食べてしまったらどうなるんでしょうか。,
528,Hシーン27,625,それはいいアイデアですね。丁度同じことを考えていました。,
528,Hシーン27,642,彼も期待で目がうるうるしています。,
528,Hシーン27,659,これ以上気持ちよくなるの、ちょっと怖いんでしょうか。,
528,Hシーン27,676,れろれろ……ちゅっ……♡,
528,Hシーン27,693,心苦しいですが少数派の意見は踏み倒させていただきます。,
528,Hシーン27,712,ほら、今から柔らかい唇に挟まれちゃいますよー……。,
528,Hシーン27,730,挟み撃ちされたら絶対負けちゃうー……。,
528,Hシーン27,749,ちゅっ……♡,
528,Hシーン27,764,れろれろれろ……っ♡,
528,Hシーン27,779,あむっ、ちゅうぅ……じゅるるるっ♡,
528,Hシーン27,796,れろれろれろっ、ちゅぱっ、ずろろ……っ♡,
528,Hシーン27,811,じゅるるる……ちゅっ♡　ちゅぱっ、れろ……♡,
528,Hシーン27,826,幸せじゃないわけないですよね。,
528,Hシーン27,841,おちんちんが射精の準備を始めるに決まっています。,
528,Hシーン27,856,前後に跳ねようと頑張っているのもそのせいでしょうか。,
528,Hシーン27,871,施術に支障がありますので少し固定させていただきます。,
528,Hシーン27,904,おちんちんを逃がすことができません。,
528,Hシーン27,919,この吐息交じりの幸せな空間から解放されませんよ。,
528,Hシーン27,934,目の前まで迫ってきていると思いますが。,
528,Hシーン27,949,絡まってくるのですから、仕方のないことです。,
528,Hシーン27,964,ご奉仕できないのは残念ですが……。,
528,Hシーン27,979,なら、量ではなく質を高めるのはどうでしょうか。,
528,Hシーン27,994,彼のとっても可愛いところを目に焼き付けるのです。,
528,Hシーン27,1009,さすが私です。ぜひそうしましょう。,
528,Hシーン27,1038,できるだけ耐えてください。,
528,Hシーン27,1085,んちゅっ、ちゅぅぅ……っ♡　じゅるじゅるじゅる♡,
528,Hシーン27,1102,出して♡　イって♡　精液ください♡,
528,Hシーン27,1117,出せ♡　イけ♡　濃いのひり出せ♡,
528,Hシーン27,1147,射精しろ♡　れろっ、ずろろっ♡,
528,Hシーン27,1173,じゅるる、んちゅっ♡　ぢゅる～……っ♡,
528,Hシーン27,1201,たくさん出せましたね……♡,
528,Hシーン27,1211,とっても嬉しいです……♡,
529,Hシーン28,33,このまま追加治療に移行します。,
529,Hシーン28,36,激しいです……っ！,
529,Hシーン28,50,教え込むためなのですから。,
529,Hシーン28,64,私の治療が必要だって、身体に叩き込まないと。,
529,Hシーン28,78,それにあなたもおちんちんも全然萎えていませんよ。,
529,Hシーン28,92,やはりあなたのマゾ性癖は重症です。,
529,Hシーン28,106,私が全部上書きして、私だけのあなたにしますから……♡,
529,Hシーン28,123,ほら、またピストン始まっちゃいましたね。,
529,Hシーン28,137,大好きでしょう？,
529,Hシーン28,151,乱暴なセックスをしてあげますからね。,
529,Hシーン28,178,私が強く腰を振るほど、あなたの気持ちも伝わってきて……んっ♡,
529,Hシーン28,192,両想いですね。,
529,Hシーン28,206,こんなの、おちんちんをいつも以上に締め付けてしまいますね。,
529,Hシーン28,220,より強い快楽を与えることができます。,
529,Hシーン28,234,おまんこがみちみちに抱き着いてきてるの、感じますか？,
529,Hシーン28,248,隅々まで可愛がっています。,
529,Hシーン28,262,私の愛液が染みついてマーキングされちゃいそうですね。,
529,Hシーン28,276,物欲しそうにしています。,
529,Hシーン28,290,ここも、犯して欲しいんですね。,
529,Hシーン28,304,乳首もねっとり、しつこ～……くなぶってあげますから。,
529,Hシーン28,318,可愛いお顔になっていますよ。,
529,Hシーン28,332,ではご期待通り、あなたの弱点を味わい尽くしてあげます。,
529,Hシーン28,370,ちゅぱっ、ちゅる、れろれろれろ……っ♡,
529,Hシーン28,383,両乳首責め、効きますか？,
529,Hシーン28,398,のけぞって感じてる。可愛い。,
529,Hシーン28,412,私と目を合わせてください。,
529,Hシーン28,427,じゅるるっ……♡　れろっ、ちゅっ……♡,
529,Hシーン28,440,追い込まれるの、お好きでしょう？,
529,Hシーン28,453,背筋がぞくぞくしちゃいますもんね。,
529,Hシーン28,466,内心喜んでいるあさましい精神を見透かされるのが恥ずかしい……。,
529,Hシーン28,479,頭とおちんちんに血がのぼっちゃう……。,
529,Hシーン28,492,変態すぎです……♡,
529,Hシーン28,507,言って欲しいタイミングも、口調も、全部。,
529,Hシーン28,521,手のひらの上でもてあそんであげます。,
529,Hシーン28,535,何も言わない内に私がよちよちって甘やかしちゃいます。,
529,Hシーン28,549,私のことだけ考えてください。,
529,Hシーン28,563,あなたへの、最大限の愛です……♡,
529,Hシーン28,577,こんな風に……。,
529,Hシーン28,594,ずろろっ、ちゅっ、ちゅぱちゅぱ……っ♡,
529,Hシーン28,607,表情とおちんちんの硬さで分かります。,
529,Hシーン28,620,このまま搾り取ります。,
529,Hシーン28,633,れろれろれろ……じゅるる……っ♡,
529,Hシーン28,653,ちゅっ、れろれろ……っ♡　ずろろ……っ♡,
529,Hシーン28,689,まずは一発目、ですね。,
529,Hシーン28,703,これで終わりなわけないじゃないですか。,
529,Hシーン28,730,すぐ子種を差し出してしまう筋金入りの早漏マゾです。,
529,Hシーン28,745,分かっていただかないと。,
529,Hシーン28,761,大人しく次の射精の準備してください。,
529,Hシーン28,775,出せないなんて建て前はいりません。,
529,Hシーン28,789,また味合わせてあげますから。,
529,Hシーン28,803,みるみるうちに硬さを取り戻してきましたね。,
529,Hシーン28,817,まるでこちらのSっ気を誘発しようとしているかのようです。,
529,Hシーン28,831,本当に……可愛い人♡,
529,Hシーン28,845,もう我慢が利かなくなってきました……っ。,
529,Hシーン28,884,絶対私が金玉空っぽにする……っ♡,
529,Hシーン28,897,白いの出せ♡　ぴゅっぴゅしろ♡,
529,Hシーン28,910,精液ひり出せ♡,
529,Hシーン28,923,我慢できない……イくイくイく……♡,
529,Hシーン28,948,～～～っ……♡,
529,Hシーン28,966,精液の量が衰えませんね……♡,
529,Hシーン28,981,私が根こそぎ搾り取りますから♡,
530,Hシーン29,20,お兄さん、裏メニューに興味あるの？♡,
530,Hシーン29,23,どういう商品ですか？,
530,Hシーン29,37,きっと気に入ってもらえると思いますよぉ？,
530,Hシーン29,105,それでさ、お兄さんにずっと聞きたかったんだけど……、,
530,Hシーン29,121,本当は私のこと結構タイプだよね？♡,
530,Hシーン29,124,な、なにを言い出すかと思えば……。,
530,Hシーン29,151,素っ気ない態度しちゃうんだよね♡,
530,Hシーン29,167,でもさ～……、,
530,Hシーン29,181,天使ちゃんに失望されたくないからしないだけでしょ？,
530,Hシーン29,195,天使ちゃんには秘密で♡,
530,Hシーン29,198,レベルドレインするつもりなんでしょう！？,
530,Hシーン29,212,心配なら私と契約しようよ。,
530,Hシーン29,226,その内容を破ることは悪魔自身にもできない。,
530,Hシーン29,240,不利益になる行動はしない」って契約でどう？,
530,Hシーン29,258,やめてください！,
530,Hシーン29,272,私はただお兄さんといちゃいちゃしたいだけなのに。,
530,Hシーン29,286,可愛いって思ってるんだよぉ？♡,
530,Hシーン29,300,ちょ～っとだけ、私と浮気して欲しいなぁ～……♡,
530,Hシーン29,303,誘惑するための甘言に決まってる！）,
530,Hシーン29,306,顔も可愛い……っ！搾られた時のことを思い出してしまう……！）,
530,Hシーン29,320,キスだけじゃなくてこっちも欲しい？♡,
530,Hシーン29,342,こしょこしょこしょ～……♡,
530,Hシーン29,356,そんな情けない動きじゃ私の爪から逃げられませんよー♡,
530,Hシーン29,370,あー、でも私ちっちゃいからお兄さんの顔に届かなーい♡,
530,Hシーン29,384,お兄さんからキスして♡,
530,Hシーン29,404,表情面白ーい♡,
530,Hシーン29,420,ちゅっ……♡,
530,Hシーン29,437,契約成立……♡,
530,Hシーン29,452,心置きなく負けちゃおっか♡,
530,Hシーン29,480,あっさり押し倒されちゃったね……♡,
530,Hシーン29,494,くすくす……♡,
530,Hシーン29,508,期待で胸が張り裂けちゃいそうだもんねー？♡,
530,Hシーン29,522,食べちゃうよ……♡,
530,Hシーン29,539,お兄さんの、おっきい……♡,
530,Hシーン29,553,嬉しいな～……♡,
530,Hシーン29,567,嬉しかったりする？♡,
530,Hシーン29,581,このシチュエーションに興奮してるの？♡,
530,Hシーン29,610,びくびく～ってした～♡　可愛い～♡,
530,Hシーン29,637,私だってお兄さんで遊びたいのに。,
530,Hシーン29,651,いちゃいちゃいちゃいちゃ……。,
530,Hシーン29,665,だから今日は憂さ晴らししちゃう☆,
530,Hシーン29,679,私のおまんこ、どう？♡,
530,Hシーン29,693,腰が抜けちゃいそうでしょ？♡,
530,Hシーン29,707,中がキツくて刺激も強～いの♡,
530,Hシーン29,721,ずっと器用だから色々できるんだよ？,
530,Hシーン29,737,おちんちんを舐めまわすようにヒダを動かせたり……♡,
530,Hシーン29,740,な、なにこれ、やめ……うぅ……！,
530,Hシーン29,754,セックスしながらフェラもされてるみたいな気持ちよさでしょ？♡,
530,Hシーン29,770,弱点を集中攻撃したり……♡,
530,Hシーン29,773,ひ、あぁ……っ！,
530,Hシーン29,787,お兄さんのおちんちん、ぼこぼこに負かされちゃってるね♡,
530,Hシーン29,801,知らない快楽でず～っと悶えてようね～♡,
530,Hシーン29,818,天使ちゃん以外のおまんこ好きになっちゃえ♡,
530,Hシーン29,834,傷ついちゃうな～。,
530,Hシーン29,874,両想いになっちゃおう？♡,
530,Hシーン29,916,私ってサキュバス特有のフェロモンがあんまり出ない体質なの。,
530,Hシーン29,930,全然上手くいかなかったんだけど……、,
530,Hシーン29,944,嬉しかったんだよ？,
530,Hシーン29,958,それまで気づかなかったけど……、,
530,Hシーン29,974,すっごく興奮しちゃうの……♡,
530,Hシーン29,989,本当に雑魚くて可愛いなぁ、って♡,
530,Hシーン29,1034,本当にこっち見るんだぁ……♡　顔真っ赤♡,
530,Hシーン29,1049,この変態♡,
530,Hシーン29,1064,お兄さんの大事な精子、搾り取ってあげる♡,
530,Hシーン29,1079,情けなく負けちゃえ……♡,
530,Hシーン29,1094,このばーか……♡,
530,Hシーン29,1117,あーあ、出しちゃった～……♡,
530,Hシーン29,1131,たっぷり出して気持ちよかったね～♡　くすくす……♡,
530,Hシーン29,1145,裏メニュー、また頼んでね？♡,
531,Hシーン30,20,お兄さん、また裏メニューやって欲しいのぉ？♡,
531,Hシーン30,34,嬉しいな～♡　くすくすくす……♡,
531,Hシーン30,37,やっぱりキャンセルで！,
531,Hシーン30,51,間違えちゃったんならしょうがないでしょ？,
531,Hシーン30,65,サービス受けちゃおうよ……♡,
531,Hシーン30,125,やはり淫魔は淫魔でしたか。,
531,Hシーン30,140,うっざ～い☆,
531,Hシーン30,154,前回もあくまで合意の上でやっただけだし！,
531,Hシーン30,168,そうですか。,
531,Hシーン30,200,サキュバスではなく、あなたに聞いているんです。,
531,Hシーン30,220,真っ青になってる～♡,
531,Hシーン30,234,このサキュバスとえっちしたんですね？,
531,Hシーン30,237,本当にすみません。,
531,Hシーン30,253,症状が改善していると思っていたらこれです。,
531,Hシーン30,267,これは専属ナースである私の責任でもあります。,
531,Hシーン30,281,実施されている姿を私に見せてください。,
531,Hシーン30,284,サキュバスにされているところを見るってことですか……！？,
531,Hシーン30,299,私もさんせー♡,
531,Hシーン30,326,私の前でサキュバスに勝利する姿を見せてください。,
531,Hシーン30,340,あざと～くおねだりしちゃおっと♡,
531,Hシーン30,354,その程度の試練は必要ですから。,
531,Hシーン30,388,それじゃあ、覚悟してね♡,
531,Hシーン30,422,それとも本当は嬉しがってる？,
531,Hシーン30,441,おちんちんが大きくなってしまったに違いありません。,
531,Hシーン30,458,あなたが好きそうなシチュエーションですしね？,
531,Hシーン30,475,でもここはぴくぴくしちゃってるよ♡,
531,Hシーン30,492,じゃあ、優しいサキュバスちゃんがサービスしてあげる♡,
531,Hシーン30,513,とっても硬ぁい……♡,
531,Hシーン30,530,嬉しいなぁ～♡,
531,Hシーン30,563,そういうの、全部見られていますからね？,
531,Hシーン30,580,観察されているんですから、ちゃんと我慢してください。,
531,Hシーン30,613,してるところ見られて、顔赤くしたいもんね♡,
531,Hシーン30,630,愛しの天使ちゃんに私たちのらぶらぶえっち見せつけちゃお♡,
531,Hシーン30,647,サキュバス相手にそんなみっともないことはしません。,
531,Hシーン30,664,おちんちんに感覚を集中させてはいけません。,
531,Hシーン30,681,あっという間にぴゅっぴゅしちゃいますよ。,
531,Hシーン30,698,おまんこ味わっちゃだめです。,
531,Hシーン30,715,頭いっぱいになっちゃうよね？♡,
531,Hシーン30,732,私の形を♡,
531,Hシーン30,749,名残惜しそうに引っかかってくるよね♡,
531,Hシーン30,766,背筋がぞくぞく～……♡,
531,Hシーン30,783,サキュバスちゃんに恋しちゃう～……♡,
531,Hシーン30,800,彼はそんなこと考えていません。,
531,Hシーン30,817,淫魔のおまんこなんかに負けないぞ～」って考えてるに決まってます。,
531,Hシーン30,834,お兄さんにそんな強～い気持ちがあるのかな？,
531,Hシーン30,867,セラさんの前で負けちゃうぅっ♡」みたいな♡　くすくす……♡,
531,Hシーン30,884,こら、あなたもぴくぴくして反応しない。,
531,Hシーン30,901,こんなので気持ちよくなるなんてマゾ丸出しですよ？,
531,Hシーン30,918,金玉の中でお精子作っちゃだめです。,
531,Hシーン30,935,よだれ垂らすの禁止。セックス耐えろ。,
531,Hシーン30,952,もっと優しく接してあげないと♡,
531,Hシーン30,969,勃起させちゃえ♡　精液濃くして♡,
531,Hシーン30,989,オカズにしちゃっていいよ♡,
531,Hシーン30,1006,天使ちゃんにごめんなさいしようね～♡,
531,Hシーン30,1023,彼は私の患者なんですよ？,
531,Hシーン30,1040,あなたの精液を搾り取っていいのは私だけです。,
531,Hシーン30,1057,あるみたいですね。,
531,Hシーン30,1074,じゃあ私は逆のこと言ってあげよーっと♡,
531,Hシーン30,1091,出せ♡　 出せ♡　 精液出せ♡,
531,Hシーン30,1108,気持ちよくなれ♡　 金玉持ち上げろ♡,
531,Hシーン30,1127,そんな顔されたら興奮しちゃう♡,
531,Hシーン30,1146,私の本気ピストンで負けちゃえ……♡,
531,Hシーン30,1163,腰に力を入れてください。,
531,Hシーン30,1180,私にお漏らしする恥ずかしいところ見られていいんですか？,
531,Hシーン30,1197,出していいよ♡ 我慢しないで♡ 射精して♡,
531,Hシーン30,1214,イけ♡　 イけ♡　 精液出せ♡,
531,Hシーン30,1231,さっさとイけ、このマゾ♡,
531,Hシーン30,1258,お兄さん弱っちい～♡,
531,Hシーン30,1319,甘え上手なサキュバスちゃんだもんね？,
531,Hシーン30,1334,絶対私の方が良いもんねー！　あっはははは☆,
531,Hシーン30,1363,浄化します。,
531,Hシーン30,1408,大好きな淫魔に気持ちよくしてもらえて。,
531,Hシーン30,1418,私も嬉しい気持ちになりました。,
531,Hシーン30,1428,早 く 止 め てぇ……。,
531,Hシーン30,1443,我慢できませんでした……。,
531,Hシーン30,1459,この様子では、まだまだ治療が足りないようです。,
531,Hシーン30,1473,今から集中特訓です。,
531,Hシーン30,1497,エンジェルビーム？　が直撃してましたけど……。,
531,Hシーン30,1514,早く人間たちのために働かないと！,
