file,entry_id,event_name,map_name,scene_type,speaker_clean,speaker_raw,original_jp,vietnamese
Actors,1,name,,UI_Database,,,主人公,Main
Items,1,name,,UI_Database,,,アイテム1,Vật phẩm 1
Items,1,description,,UI_Database,,,アイテム1の説明,Mô tả vật phẩm 1
Items,2,name,,UI_Database,,,アイテム2,Vật phẩm 2
Items,2,description,,UI_Database,,,アイテム2の説明,Mô tả vật phẩm 2
System,0,gameTitle,,UI_System,,,天使の早漏治療クリニック,Phòng Khám Thiên Sứ: Chuyên Trị Xuất Tinh Sớm
System,0,armorTypes[1],,UI_System,,,一般防具,Giáp thường
System,0,armorTypes[2],,UI_System,,,魔法防具,Giáp phép
System,0,armorTypes[3],,UI_System,,,軽装防具,Giáp nhẹ
System,0,armorTypes[4],,UI_System,,,重装防具,Giáp nặng
System,0,armorTypes[5],,UI_System,,,小型盾,Khiên Nhỏ
System,0,armorTypes[6],,UI_System,,,大型盾,Khiên Lớn
System,0,weaponTypes[1],,UI_System,,,短剣,Đoản kiếm
System,0,weaponTypes[2],,UI_System,,,剣,Kiếm
System,0,weaponTypes[3],,UI_System,,,フレイル,Chùy xích
System,0,weaponTypes[4],,UI_System,,,斧,Rìu
System,0,weaponTypes[5],,UI_System,,,ムチ,Roi
System,0,weaponTypes[6],,UI_System,,,杖,Gậy phép
System,0,weaponTypes[7],,UI_System,,,弓,Cung
System,0,weaponTypes[8],,UI_System,,,クロスボウ,Nỏ
System,0,weaponTypes[9],,UI_System,,,銃,Súng
System,0,weaponTypes[10],,UI_System,,,爪,Móng vuốt
System,0,weaponTypes[11],,UI_System,,,グローブ,Găng tay
System,0,weaponTypes[12],,UI_System,,,槍,Thương
System,0,skillTypes[1],,UI_System,,,魔法,Phép thuật
System,0,skillTypes[2],,UI_System,,,必殺技,Tuyệt kỹ
System,0,equipTypes[1],,UI_System,,,武器,Vũ khí
System,0,equipTypes[2],,UI_System,,,盾,Khiên
System,0,equipTypes[3],,UI_System,,,頭,Đầu
System,0,equipTypes[4],,UI_System,,,身体,Thân
System,0,equipTypes[5],,UI_System,,,装飾品,Phụ kiện
System,0,elements[1],,UI_System,,,物理,Vật lý
System,0,elements[2],,UI_System,,,炎,Hỏa
System,0,elements[3],,UI_System,,,氷,Băng
System,0,elements[4],,UI_System,,,雷,Lôi
System,0,elements[5],,UI_System,,,水,Thủy
System,0,elements[6],,UI_System,,,土,Thổ
System,0,elements[7],,UI_System,,,風,Phong
System,0,elements[8],,UI_System,,,光,Quang
System,0,elements[9],,UI_System,,,闇,Bộc
System,0,terms.basic[0],,UI_System,,,レベル,Cấp độ
System,0,terms.basic[1],,UI_System,,,Lv,Lv
System,0,terms.basic[2],,UI_System,,,ＨＰ,HP
System,0,terms.basic[3],,UI_System,,,HP,HP
System,0,terms.basic[4],,UI_System,,,ＭＰ,MP
System,0,terms.basic[5],,UI_System,,,MP,MP
System,0,terms.basic[6],,UI_System,,,ＴＰ,TP
System,0,terms.basic[7],,UI_System,,,TP,TP
System,0,terms.basic[8],,UI_System,,,経験値,EXP
System,0,terms.basic[9],,UI_System,,,EXP,EXP
System,0,terms.commands[0],,UI_System,,,戦う,Chiến đấu
System,0,terms.commands[1],,UI_System,,,逃げる,Chạy trốn
System,0,terms.commands[2],,UI_System,,,攻撃,Tấn công
System,0,terms.commands[3],,UI_System,,,防御,Phòng thủ
System,0,terms.commands[4],,UI_System,,,アイテム,Vật phẩm
System,0,terms.commands[5],,UI_System,,,スキル,Kỹ năng
System,0,terms.commands[6],,UI_System,,,装備,Trang bị
System,0,terms.commands[7],,UI_System,,,ステータス,Chỉ số
System,0,terms.commands[8],,UI_System,,,並び替え,Đổi vị trí
System,0,terms.commands[9],,UI_System,,,セーブ,Lưu
System,0,terms.commands[10],,UI_System,,,ゲーム終了,Thoát game
System,0,terms.commands[11],,UI_System,,,オプション,Tùy chỉnh
System,0,terms.commands[12],,UI_System,,,武器,Vũ khí
System,0,terms.commands[13],,UI_System,,,防具,Giáp
System,0,terms.commands[14],,UI_System,,,大事なもの,Vật phẩm quan trọng
System,0,terms.commands[15],,UI_System,,,装備,Trang bị
System,0,terms.commands[16],,UI_System,,,最強装備,Mặc mạnh nhất
System,0,terms.commands[17],,UI_System,,,全て外す,Tháo tất cả
System,0,terms.commands[18],,UI_System,,,ニューゲーム,Game mới
System,0,terms.commands[19],,UI_System,,,コンティニュー,Tiếp tục
System,0,terms.commands[21],,UI_System,,,タイトルへ,Về màn hình chính
System,0,terms.commands[22],,UI_System,,,やめる,Hủy
System,0,terms.commands[24],,UI_System,,,購入する,Mua
System,0,terms.commands[25],,UI_System,,,売却する,Bán
System,0,terms.params[0],,UI_System,,,最大ＨＰ,HP tối đa
System,0,terms.params[1],,UI_System,,,最大ＭＰ,MP tối đa
System,0,terms.params[2],,UI_System,,,攻撃力,Sức tấn công
System,0,terms.params[3],,UI_System,,,防御力,Sức phòng thủ
System,0,terms.params[4],,UI_System,,,魔法力,Phép thuật
System,0,terms.params[5],,UI_System,,,魔法防御,Kháng phép
System,0,terms.params[6],,UI_System,,,敏捷性,Tốc độ
System,0,terms.params[7],,UI_System,,,運,May mắn
System,0,terms.params[8],,UI_System,,,命中率,Tỷ lệ trúng
System,0,terms.params[9],,UI_System,,,回避率,Tỷ lệ né
System,0,terms.messages.alwaysDash,,UI_System,,,常時ダッシュ,Luôn chạy nhanh
System,0,terms.messages.commandRemember,,UI_System,,,コマンド記憶,Ghi nhớ lệnh
System,0,terms.messages.touchUI,,UI_System,,,タッチUI,Giao diện cảm ứng
System,0,terms.messages.bgmVolume,,UI_System,,,BGM 音量,Âm lượng BGM
System,0,terms.messages.bgsVolume,,UI_System,,,BGS 音量,Âm lượng BGS
System,0,terms.messages.meVolume,,UI_System,,,ME 音量,Âm lượng ME
System,0,terms.messages.seVolume,,UI_System,,,SE 音量,Âm lượng SE
System,0,terms.messages.possession,,UI_System,,,持っている数,Số lượng sở hữu
System,0,terms.messages.expTotal,,UI_System,,,現在の%1,Hiện tại %1
System,0,terms.messages.expNext,,UI_System,,,次の%1まで,Đến %1 kế tiếp
System,0,terms.messages.saveMessage,,UI_System,,,どのファイルにセーブしますか？,Chọn ô để lưu dữ liệu:
System,0,terms.messages.loadMessage,,UI_System,,,どのファイルをロードしますか？,Chọn ô để tải dữ liệu:
System,0,terms.messages.file,,UI_System,,,ファイル,Tập tin
System,0,terms.messages.autosave,,UI_System,,,オートセーブ,Tự động lưu
System,0,terms.messages.partyName,,UI_System,,,%1たち,Nhóm của %1
System,0,terms.messages.emerge,,UI_System,,,%1が出現！,%1 đã xuất hiện!
System,0,terms.messages.preemptive,,UI_System,,,%1は先手を取った！,%1 đã giành thế chủ động!
System,0,terms.messages.surprise,,UI_System,,,%1は不意をつかれた！,%1 đã bị đánh lén!
System,0,terms.messages.escapeStart,,UI_System,,,%1は逃げ出した！,%1 đã tẩu thoát!
System,0,terms.messages.escapeFailure,,UI_System,,,しかし逃げることはできなかった！,Nhưng không thể tẩu thoát!
System,0,terms.messages.victory,,UI_System,,,%1の勝利！,%1 đã chiến thắng!
System,0,terms.messages.defeat,,UI_System,,,%1は戦いに敗れた。,%1 đã thất bại trong trận chiến.
System,0,terms.messages.obtainExp,,UI_System,,,%1 の%2を獲得！,Đã nhận được %2 của %1!
System,0,terms.messages.obtainGold,,UI_System,,,お金を %1\G 手に入れた！,Nhận được %1\G!
System,0,terms.messages.obtainItem,,UI_System,,,%1を手に入れた！,Đã nhận được %1!
System,0,terms.messages.levelUp,,UI_System,,,%1は%2 %3 に上がった！,%1 đã tăng %2 thêm %3!
System,0,terms.messages.obtainSkill,,UI_System,,,%1を覚えた！,Đã học được %1!
System,0,terms.messages.useItem,,UI_System,,,%1は%2を使った！,%1 đã sử dụng %2!
System,0,terms.messages.criticalToEnemy,,UI_System,,,会心の一撃！！,Đòn đánh chí mạng!!
System,0,terms.messages.criticalToActor,,UI_System,,,痛恨の一撃！！,Đòn đánh chí mạng tàn khốc!!
System,0,terms.messages.actorDamage,,UI_System,,,%1は %2 のダメージを受けた！,%1 chịu %2 sát thương!
System,0,terms.messages.actorRecovery,,UI_System,,,%1の%2が %3 回復した！,%2 của %1 đã hồi phục %3!
System,0,terms.messages.actorGain,,UI_System,,,%1の%2が %3 増えた！,%2 của %1 tăng thêm %3!
System,0,terms.messages.actorLoss,,UI_System,,,%1の%2が %3 減った！,%2 của %1 giảm %3!
System,0,terms.messages.actorDrain,,UI_System,,,%1は%2を %3 奪われた！,%1 bị cướp %3 %2!
System,0,terms.messages.actorNoDamage,,UI_System,,,%1はダメージを受けていない！,%1 không chịu sát thương!
System,0,terms.messages.actorNoHit,,UI_System,,,ミス！　%1はダメージを受けていない！,Hụt! %1 không chịu sát thương!
System,0,terms.messages.enemyDamage,,UI_System,,,%1に %2 のダメージを与えた！,Gây %2 sát thương cho %1!
System,0,terms.messages.enemyRecovery,,UI_System,,,%1の%2が %3 回復した！,%2 của %1 đã hồi phục %3!
System,0,terms.messages.enemyGain,,UI_System,,,%1の%2が %3 増えた！,%2 của %1 tăng thêm %3!
System,0,terms.messages.enemyLoss,,UI_System,,,%1の%2が %3 減った！,%2 của %1 giảm %3!
System,0,terms.messages.enemyDrain,,UI_System,,,%1の%2を %3 奪った！,Đã cướp %3 %2 của %1!
System,0,terms.messages.enemyNoDamage,,UI_System,,,%1にダメージを与えられない！,Không thể gây sát thương cho %1!
System,0,terms.messages.enemyNoHit,,UI_System,,,ミス！　%1にダメージを与えられない！,Hụt! Không thể gây sát thương cho %1!
System,0,terms.messages.evasion,,UI_System,,,%1は攻撃をかわした！,%1 đã né được đòn tấn công!
System,0,terms.messages.magicEvasion,,UI_System,,,%1は魔法を打ち消した！,%1 đã hóa giải phép thuật!
System,0,terms.messages.magicReflection,,UI_System,,,%1は魔法を跳ね返した！,%1 đã phản lại phép thuật!
System,0,terms.messages.counterAttack,,UI_System,,,%1の反撃！,%1 phản công!
System,0,terms.messages.substitute,,UI_System,,,%1が%2をかばった！,%1 đã che chắn cho %2!
System,0,terms.messages.buffAdd,,UI_System,,,%1の%2が上がった！,%2 của %1 đã tăng!
System,0,terms.messages.debuffAdd,,UI_System,,,%1の%2が下がった！,%2 của %1 đã giảm!
System,0,terms.messages.buffRemove,,UI_System,,,%1の%2が元に戻った！,%2 của %1 trở lại bình thường!
System,0,terms.messages.actionFailure,,UI_System,,,%1には効かなかった！,Không có tác dụng đối với %1!
MapInfos,1,name,治療8,UI_MapName,,,治療8,Trị liệu 8
MapInfos,2,name,治療1,UI_MapName,,,治療1,Trị liệu 1
MapInfos,3,name,敗北イベント,UI_MapName,,,敗北イベント,Sự kiện Thất bại
MapInfos,4,name,治療4,UI_MapName,,,治療4,Trị liệu 4
MapInfos,5,name,治療13,UI_MapName,,,治療13,Trị liệu 13
MapInfos,6,name,治療9,UI_MapName,,,治療9,Trị liệu 9
MapInfos,7,name,治療14,UI_MapName,,,治療14,Trị liệu 14
MapInfos,8,name,OP,UI_MapName,,,OP,Mở đầu
MapInfos,9,name,ホーム画面,UI_MapName,,,ホーム画面,Màn hình chính
MapInfos,10,name,回想,UI_MapName,,,回想,Hồi tưởng
MapInfos,11,name,編成,UI_MapName,,,編成,Đội hình
MapInfos,12,name,買い物,UI_MapName,,,買い物,Cửa hàng
MapInfos,13,name,アフターケアリスト,UI_MapName,,,アフターケアリスト,Danh sách Aftercare
MapInfos,14,name,治療2,UI_MapName,,,治療2,Trị liệu 2
MapInfos,15,name,治療3,UI_MapName,,,治療3,Trị liệu 5
MapInfos,16,name,治療5,UI_MapName,,,治療5,Trị liệu 3
MapInfos,17,name,治療6,UI_MapName,,,治療6,Trị liệu 6
MapInfos,18,name,治療7,UI_MapName,,,治療7,Trị liệu 10
MapInfos,19,name,治療10,UI_MapName,,,治療10,Trị liệu 11
MapInfos,20,name,治療11,UI_MapName,,,治療11,Trị liệu 12
MapInfos,21,name,治療15,UI_MapName,,,治療15,Trị liệu 7
MapInfos,22,name,治療16,UI_MapName,,,治療16,Trường bắn
MapInfos,23,name,治療17,UI_MapName,,,治療17,Ma Đạo Cung
MapInfos,24,name,治療18,UI_MapName,,,治療18,Khám bệnh
MapInfos,25,name,治療19,UI_MapName,,,治療19,Ngoại ô
MapInfos,26,name,治療21,UI_MapName,,,治療21,Thành phố
MapInfos,27,name,治療22,UI_MapName,,,治療22,Phòng của Main
MapInfos,28,name,治療23,UI_MapName,,,治療23,Phòng khách
MapInfos,29,name,治療24,UI_MapName,,,治療24,Con đường rực rỡ
MapInfos,30,name,治療20,UI_MapName,,,治療20,Thánh đường
MapInfos,31,name,治療導入,UI_MapName,,,治療導入,Sảnh phụ
MapInfos,32,name,メインストーリー,UI_MapName,,,メインストーリー,Lối đi
MapInfos,33,name,治療12,UI_MapName,,,治療12,Con đường bóng tối
MapInfos,34,name,治療25,UI_MapName,,,治療25,Mê cung bí mật
MapInfos,35,name,回想再生,UI_MapName,,,回想再生,Khu vực tự do
MapInfos,36,name,治療1_チュートリアル,UI_MapName,,,治療1_チュートリアル,Vườn hoa quyến rũ
MapInfos,37,name,治療,UI_MapName,,,治療,Căn phòng u ám
MapInfos,38,name,アフターケア,UI_MapName,,,アフターケア,Hành lang
MapInfos,39,name,アフターケア1,UI_MapName,,,アフターケア1,Phòng nghỉ
MapInfos,40,name,アフターケア2,UI_MapName,,,アフターケア2,Aftercare 1
MapInfos,41,name,アフターケア3,UI_MapName,,,アフターケア3,Aftercare 2
MapInfos,42,name,アフターケア4,UI_MapName,,,アフターケア4,Aftercare 3
MapInfos,43,name,アフターケア5,UI_MapName,,,アフターケア5,Aftercare 4
MapInfos,44,name,アフターケア6,UI_MapName,,,アフターケア6,Aftercare 5
MapInfos,45,name,アフターケア7,UI_MapName,,,アフターケア7,Aftercare 6
MapInfos,46,name,アフターケア8,UI_MapName,,,アフターケア8,Aftercare 7
MapInfos,47,name,裏メニュー,UI_MapName,,,裏メニュー,Menu ẩn
CommonEvents,125,セラ行動_治療4,治療4,18+_治療,セラ,\C[4]セラ,"鼻息が荒いですよ。
本当はセックスしたいんですよね？","Hơi thở của anh dồn dập quá đấy.
Thật ra anh đang muốn làm tình đúng không?"
CommonEvents,125,セラ行動_治療4,治療4,18+_治療,[Choice],[Choice],はい,Có
CommonEvents,125,セラ行動_治療4,治療4,18+_治療,[Choice],[Choice],いいえ,Không
CommonEvents,125,セラ行動_治療4,治療4,18+_治療,セラ,\C[4]セラ,では、降参して私とえっちしますか？,"Thế thì, anh có muốn đầu hàng rồi làm tình với em không?"
CommonEvents,125,セラ行動_治療4,治療4,18+_治療,[Choice],[Choice],\c[2]はい,\c[2]Có
CommonEvents,125,セラ行動_治療4,治療4,18+_治療,[Choice],[Choice],いいえ,Không
CommonEvents,125,セラ行動_治療4,治療4,18+_治療,セラ,\C[4]セラ,"今なら正直に言っても怒りませんよ。
私と恋人みたいに濃厚なセックス、したいですか？","Bây giờ nếu anh nói thật em sẽ không giận đâu.
Anh có muốn làm tình nồng nhiệt như người yêu với em không?"
CommonEvents,125,セラ行動_治療4,治療4,18+_治療,[Choice],[Choice],はい,Có
CommonEvents,125,セラ行動_治療4,治療4,18+_治療,[Choice],[Choice],いいえ,Không
CommonEvents,125,セラ行動_治療4,治療4,18+_治療,セラ,\C[4]セラ,では、降参して私とえっちしますか？,"Thế thì, anh có muốn đầu hàng rồi làm tình với em không?"
CommonEvents,125,セラ行動_治療4,治療4,18+_治療,[Choice],[Choice],\c[2]はい,\c[2]Có
CommonEvents,125,セラ行動_治療4,治療4,18+_治療,[Choice],[Choice],いいえ,Không
CommonEvents,125,セラ行動_治療4,治療4,18+_治療,セラ,\C[4]セラ,"ふふ……素直で可愛いですね。
じゃあ、私に身を任せてください。
すぐに負かしてあげます。","Hì hì... ngoan ngoãn đáng yêu quá đấy.
Vậy hãy giao phó cơ thể cho em nhé.
Em sẽ đánh bại anh ngay thôi."
CommonEvents,125,セラ行動_治療4,治療4,18+_治療,セラ,\C[4]セラ,"ちゃんと理性を保っているようですね。
偉いですよ……ちょっと残念ですけど。","Có vẻ anh vẫn giữ được lý trí nhỉ.
Ngoan lắm đấy... dù em hơi tiếc một chút."
CommonEvents,125,セラ行動_治療4,治療4,18+_治療,セラ,\C[4]セラ,"そうですか。別に構いませんけどね。
決して怒ってなんていませんし。","Vậy sao. Em cũng không bận tâm đâu.
Tuyệt đối không có chuyện em đang giận đâu đấy."
CommonEvents,137,セラ行動_治療5,治療5,18+_治療,セラ,\C[4]セラ,その苦しそうなおちんちん、舐めてあげましょうか？,"Con cu đang thèm khát khổ sở kia, em mút cho anh nhé?"
CommonEvents,137,セラ行動_治療5,治療5,18+_治療,[Choice],[Choice],\c[2]はい,\c[2]Có
CommonEvents,137,セラ行動_治療5,治療5,18+_治療,[Choice],[Choice],いいえ,Không
CommonEvents,137,セラ行動_治療5,治療5,18+_治療,セラ,\C[4]セラ,"弱いピストンじゃ満足できないでしょう？
思いっきり腰を振りませんか？","Nhấp nhẹ nhàng thế này chắc anh chưa thỏa mãn đâu nhỉ?
Hay là anh thử dập hông hết sức xem sao?"
CommonEvents,137,セラ行動_治療5,治療5,18+_治療,[Choice],[Choice],\c[2]はい,\c[2]Có
CommonEvents,137,セラ行動_治療5,治療5,18+_治療,[Choice],[Choice],いいえ,Không
CommonEvents,152,セラ行動_治療11,治療11,18+_治療,セラ,\C[4]セラ,"ずっとおっぱい見てるよね
ここで甘やかして欲しい？","Anh cứ nhìn chằm chằm vào ngực em hoài nhỉ?
Anh muốn em cưng nựng anh ở đây sao?"
CommonEvents,152,セラ行動_治療11,治療11,18+_治療,[Choice],[Choice],\c[2]はい,\c[2]Có
CommonEvents,152,セラ行動_治療11,治療11,18+_治療,[Choice],[Choice],いいえ,Không
CommonEvents,152,セラ行動_治療11,治療11,18+_治療,セラ,\C[4]セラ,"じゃあ、私に下半身預けてね。
恥ずかしい恰好しちゃお？","Thế thì cứ giao nửa thân dưới cho em nhé.
Chúng ta cùng tạo tư thế xấu hổ nào?"
CommonEvents,152,セラ行動_治療11,治療11,18+_治療,セラ,\C[4]セラ,"我慢しなくていいのに。
残念。","Rõ ràng không cần phải chịu đựng mà.
Tiếc thật đấy."
CommonEvents,152,セラ行動_治療11,治療11,18+_治療,セラ,\C[4]セラ,"おちんちんびんびんでつらいよね。
そろそろ本気パイズリでトドメ刺してもらう？","Con cu cứng ngắc thế kia chắc khó chịu lắm nhỉ.
Hay là để em dùng ngực kẹp dập nát anh luôn nhé?"
CommonEvents,152,セラ行動_治療11,治療11,18+_治療,[Choice],[Choice],\c[2]はい,\c[2]Có
CommonEvents,152,セラ行動_治療11,治療11,18+_治療,[Choice],[Choice],いいえ,Không
CommonEvents,154,セラ行動_治療15,治療15,18+_治療,セラ,\C[4]セラ,カジノのように少し賭けをしてみましょうか。,Hay là chúng ta thử cá cược một chút như ở sòng bạc nhé?
CommonEvents,154,セラ行動_治療15,治療15,18+_治療,セラ,\C[4]セラ,"今からあなたにぱふぱふをしてあげますので、
おちんちんが反応するかしないかで賭けましょう。","Bây giờ em sẽ úp mặt anh vào ngực em,
nên hãy cá cược xem con cu của anh có phản ứng hay không nhé."
CommonEvents,154,セラ行動_治療15,治療15,18+_治療,[Choice],[Choice],\c[2]反応する,\c[2]Sẽ phản ứng
CommonEvents,154,セラ行動_治療15,治療15,18+_治療,[Choice],[Choice],\c[2]反応しない,\c[2]Không phản ứng
CommonEvents,154,セラ行動_治療15,治療15,18+_治療,[Choice],[Choice],賭けない,Không cá cược
CommonEvents,154,セラ行動_治療15,治療15,18+_治療,セラ,\C[4]セラ,カジノのように少し賭けをしてみましょうか。,Hay là chúng ta thử cá cược một chút như ở sòng bạc nhé?
CommonEvents,154,セラ行動_治療15,治療15,18+_治療,セラ,\C[4]セラ,"今からあなたに速めの足コキをしてあげますので、
あなたが表情を崩すか崩さないかで賭けましょう。","Bây giờ em sẽ cọ chân thật nhanh cho anh,
hãy cá xem anh có nhăn mặt kiềm chế được không nhé."
CommonEvents,154,セラ行動_治療15,治療15,18+_治療,[Choice],[Choice],\c[2]はい,\c[2]Có
CommonEvents,154,セラ行動_治療15,治療15,18+_治療,[Choice],[Choice],\c[2]いいえ,\c[2]Không
CommonEvents,154,セラ行動_治療15,治療15,18+_治療,[Choice],[Choice],賭けない,Không cá cược
CommonEvents,158,セラ行動_治療17,治療17,18+_治療,セラ,\C[4]セラ,"『もう、おまんこが疼いてたまらないんです……♡
あなたもここにおちんちん入れたいですよね……？』","『Ôi, cô bé của em đang ngứa ngáy không chịu nổi rồi...♡
Anh cũng muốn đưa con cu vào đây đúng không...?』"
CommonEvents,158,セラ行動_治療17,治療17,18+_治療,[Choice],[Choice],\c[2]はい,\c[2]Đúng vậy
CommonEvents,158,セラ行動_治療17,治療17,18+_治療,[Choice],[Choice],いいえ,Không phải
CommonEvents,158,セラ行動_治療17,治療17,18+_治療,セラ,\C[4]セラ,"そうですか。でも、嘘の喘ぎ声で満足なら
セックスも偽物で良いですよね？","Vậy sao. Nhưng nếu anh chỉ thỏa mãn với tiếng rên giả tạo,
thì cuộc làm tình này là giả cũng đâu sao đúng không?"
CommonEvents,162,セラ行動_治療19,治療19,18+_治療,セラ,\C[4]セラ,"この水着独特の生地はつるつるしていて
触り心地がいいですよ。","Chất liệu của bộ đồ bơi này rất trơn mịn,
sờ vào thích lắm đấy."
CommonEvents,162,セラ行動_治療19,治療19,18+_治療,セラ,\C[4]セラ,せっかくならおちんちんで味わってみますか？,Hay là tiện thể để con cu của anh nếm thử xem sao nhé?
CommonEvents,162,セラ行動_治療19,治療19,18+_治療,[Choice],[Choice],\c[2]はい,\c[2]Muốn thử
CommonEvents,162,セラ行動_治療19,治療19,18+_治療,[Choice],[Choice],いいえ,Không muốn
CommonEvents,162,セラ行動_治療19,治療19,18+_治療,セラ,\C[4]セラ,期間限定の衣装なのに。しゅん。,Trang phục giới hạn thời gian vậy mà. Hùn...
CommonEvents,164,セラ行動_治療21,治療21,18+_治療,セラ,\C[4]セラ,"はぁ……はぁ……。
もう、いいですよね……？","Hà... hà...
Đã đến lúc rồi đúng không...?"
CommonEvents,164,セラ行動_治療21,治療21,18+_治療,セラ,\C[4]セラ,"おまんこがきゅんきゅんしてつらいです……。
あなたのおちんちん、入れてくれますか……？","Cô bé của em đang co thắt sướng lắm rồi...
Anh đưa con cu của anh vào trong em nhé...?"
CommonEvents,164,セラ行動_治療21,治療21,18+_治療,[Choice],[Choice],\c[2]はい,\c[2]Được chứ
CommonEvents,164,セラ行動_治療21,治療21,18+_治療,[Choice],[Choice],いいえ,Không được
CommonEvents,164,セラ行動_治療21,治療21,18+_治療,セラ,\C[4]セラ,"ふふ……♡
そうですよね、あなたも我慢できないですよね……♡","Hì hì...♡
Đúng vậy mà, anh cũng không thể chịu đựng nổi nữa đúng không...♡"
CommonEvents,164,セラ行動_治療21,治療21,18+_治療,セラ,\C[4]セラ,"うぅぅ～……っ。
なんでぇ……。","Ưm... ah♡
Tại sao cơ chứ..."
CommonEvents,166,セラ行動_治療22,治療22,18+_治療,セラ,\C[4]セラ,"もう負けたくてしょうがないって顔してるよ。
さすが変態マゾだね。","Trông mặt anh như thể muốn thua cuộc lắm rồi kìa.
Đúng là tên M cuồng dâm mà."
CommonEvents,166,セラ行動_治療22,治療22,18+_治療,セラ,\C[4]セラ,"素直におねだりするなら、罵倒くらいは
サービスしてあげてもいいけど？","Nếu anh ngoan ngoãn cầu xin,
em có thể khuyến mãi chửi rủa anh một chút đấy?"
CommonEvents,166,セラ行動_治療22,治療22,18+_治療,[Choice],[Choice],\c[2]はい,\c[2]Có
CommonEvents,166,セラ行動_治療22,治療22,18+_治療,[Choice],[Choice],いいえ,Không
CommonEvents,166,セラ行動_治療22,治療22,18+_治療,セラ,\C[4]セラ,"あぁ、そう。
じゃあ罵られて我慢汁漏らす準備しろ。","À, vậy sao.
Thế thì chuẩn bị nghe chửi rồi rỉ dâm dịch ra đi."
CommonEvents,166,セラ行動_治療22,治療22,18+_治療,セラ,\C[4]セラ,"は？
生意気……。","Hả?
Đồ xấc xược..."
CommonEvents,304,お金経験値付与,,Other,,,治療を\c[2]\v[84]ターン\c[0]耐えて誘惑に強くなった！,Đã chịu đựng trị liệu \c[2]\v[84] lượt\c[0] và trở nên mạnh mẽ hơn trước cám dỗ!
CommonEvents,304,お金経験値付与,,Other,,,"\c[1]レベルがMAX\c[0]になった！
射精ゲージの最大値が999に到達した！","Đã đạt \c[1]Cấp độ MAX\c[0]!
Thanh giới hạn xuất tinh đã đạt tối đa 999!"
CommonEvents,304,お金経験値付与,,Other,,,"\c[1]レベル\v[75]\c[0]に上がった！
射精ゲージの最大値が20増えた！","Đã tăng lên \c[1]Cấp độ \v[75]\c[0]!
Thanh giới hạn xuất tinh đã tăng thêm 20!"
CommonEvents,304,お金経験値付与,,Other,,,"\c[1]レベル\v[75]\c[0]に上がった！
射精ゲージの最大値が40増えた！","Đã tăng lên \c[1]Cấp độ \v[75]\c[0]!
Thanh giới hạn xuất tinh đã tăng thêm 40!"
CommonEvents,304,お金経験値付与,,Other,,,"\c[1]レベルがMAX\c[0]になった！
射精ゲージの最大値が999に到達した！","Đã đạt \c[1]Cấp độ MAX\c[0]!
Thanh giới hạn xuất tinh đã đạt tối đa 999!"
CommonEvents,304,お金経験値付与,,Other,,,"\c[1]レベル\v[75]\c[0]に上がった！
射精ゲージの最大値が60増えた！","Đã tăng lên \c[1]Cấp độ \v[75]\c[0]!
Thanh giới hạn xuất tinh đã tăng thêm 60!"
CommonEvents,304,お金経験値付与,,Other,,,"\c[1]レベルがMAX\c[0]になった！
射精ゲージの最大値が999に到達した！","Đã đạt \c[1]Cấp độ MAX\c[0]!
Thanh giới hạn xuất tinh đã đạt tối đa 999!"
CommonEvents,304,お金経験値付与,,Other,,,"\c[1]レベル\v[75]\c[0]に上がった！
射精ゲージの最大値が80増えた！","Đã tăng lên \c[1]Cấp độ \v[75]\c[0]!
Thanh giới hạn xuất tinh đã tăng thêm 80!"
CommonEvents,304,お金経験値付与,,Other,,,"\c[1]レベルがMAX\c[0]になった！
射精ゲージの最大値が999に到達した！","Đã đạt \c[1]Cấp độ MAX\c[0]!
Thanh giới hạn xuất tinh đã đạt tối đa 999!"
CommonEvents,304,お金経験値付与,,Other,,,"その後、ギルドのクエストをクリアして
お金を\c[14]\v[74]\c[0]得た！","Sau đó, hoàn thành nhiệm vụ Công hội
và nhận được \c[14]\v[74]\c[0] tiền!"
CommonEvents,310,アフターケア解放,アフターケア,18+_AfterCare,,,"\c[2]アフターケア\c[0]が解放された！
※治療選択画面からプレイできます。","\c[2]Aftercare\c[0] đã được mở khóa!
※ Có thể chơi từ màn hình lựa chọn trị liệu."
CommonEvents,310,アフターケア解放,アフターケア,18+_AfterCare,,,新たな\c[2]アフターケア\c[0]が解放された！,Nhận được Trang bị \c[1]Kính Tâm\c[0]!
CommonEvents,310,アフターケア解放,アフターケア,18+_AfterCare,,,新たな\c[2]アフターケア\c[0]が解放された！,Mở khóa \c[2]Aftercare\c[0] mới!
CommonEvents,310,アフターケア解放,アフターケア,18+_AfterCare,,,新たな\c[2]アフターケア\c[0]が解放された！,Mở khóa \c[2]Aftercare\c[0] mới!
CommonEvents,310,アフターケア解放,アフターケア,18+_AfterCare,,,新たな\c[2]アフターケア\c[0]が解放された！,Mở khóa \c[2]Aftercare\c[0] mới!
CommonEvents,310,アフターケア解放,アフターケア,18+_AfterCare,,,新たな\c[2]アフターケア\c[0]が解放された！,Mở khóa \c[2]Aftercare\c[0] mới!
CommonEvents,310,アフターケア解放,アフターケア,18+_AfterCare,,,新たな\c[2]アフターケア\c[0]が解放された！,Mở khóa \c[2]Aftercare\c[0] mới!
CommonEvents,310,アフターケア解放,アフターケア,18+_AfterCare,,,新たな\c[2]アフターケア\c[0]が解放された！,Mở khóa \c[2]Aftercare\c[0] mới!
CommonEvents,364,アフターケア導入初回,アフターケア,18+_AfterCare,,,ある日のこと……。,Mở khóa \c[2]Aftercare\c[0] mới!
CommonEvents,364,アフターケア導入初回,アフターケア,18+_AfterCare,セラ,\C[4]セラ,治療をこなした回数もそれなりに増えてきましたね。,Mở khóa \c[2]Aftercare\c[0] mới!
CommonEvents,364,アフターケア導入初回,アフターケア,18+_AfterCare,セラ,\C[4]セラ,そろそろアフターケアを行う頃合いでしょうか。,Có lẽ đã đến lúc tiến hành Aftercare rồi nhỉ.
CommonEvents,364,アフターケア導入初回,アフターケア,18+_AfterCare,,\N[1],アフターケア？,Aftercare sao?
CommonEvents,364,アフターケア導入初回,アフターケア,18+_AfterCare,セラ,\C[4]セラ,"一見順調に見えて、実は隠された問題を孕んでいる……、
というのは世の常です。","Thoạt nhìn có vẻ thuận lợi, nhưng thực ra lại tiềm ẩn những vấn đề ẩn giấu...
đó là chuyện thường tình ở đời mà."
CommonEvents,364,アフターケア導入初回,アフターケア,18+_AfterCare,セラ,\C[4]セラ,"もし私の知らない内にあなたに何かしら負担をかけているのなら
その原因を早急に取り除かなくてはなりません。","Nếu em vô tình gây ra gánh nặng nào đó cho anh mà không biết,
thì phải nhanh chóng loại bỏ nguyên nhân đó mới được."
CommonEvents,364,アフターケア導入初回,アフターケア,18+_AfterCare,,\N[1],でも、負担なんて特には……。,"Nhưng mà, anh đâu cảm thấy có gánh nặng gì đâu..."
CommonEvents,364,アフターケア導入初回,アフターケア,18+_AfterCare,セラ,\C[4]セラ,"あなた自身もストレスがかかっていることを
認識できていない可能性は十分にあります。","Rất có khả năng chính bản thân anh cũng chưa nhận ra
mình đang bị căng thẳng đấy."
CommonEvents,364,アフターケア導入初回,アフターケア,18+_AfterCare,セラ,\C[4]セラ,"ですので、簡単なコミュニケーションを通して
あなたの心をケアできればと。","Vì vậy, em muốn thông qua những cuộc trò chuyện đơn giản
để chăm sóc cho tâm trí của anh."
CommonEvents,364,アフターケア導入初回,アフターケア,18+_AfterCare,セラ,\C[4]セラ,"ただ世間話をするだけで構いませんし、
疲れを自覚しているなら遠慮なく私に甘えてください。","Chỉ cần trò chuyện tán gẫu là được rồi,
và nếu thấy mệt mỏi thì đừng ngại làm nũng với em nhé."
CommonEvents,364,アフターケア導入初回,アフターケア,18+_AfterCare,セラ,\C[4]セラ,"……必要であれば、えっちな癒し方も
してさしあげられますので。","...Nếu cần, em cũng có thể
dùng cách chữa lành dâm mát cho anh đấy."
CommonEvents,364,アフターケア導入初回,アフターケア,18+_AfterCare,セラ,\C[4]セラ,"なお、アフターケアの最中の様子は治療の参考のために
魔法で録画させていただきますのでご了承ください。","Ngoài ra, biểu cảm của anh trong lúc Aftercare sẽ được em dùng phép ghi hình lại
để làm tài liệu tham khảo trị liệu, xin anh hãy thông cảm nhé."
CommonEvents,364,アフターケア導入初回,アフターケア,18+_AfterCare,セラ,\C[4]セラ,それでは、始めていきましょうか。,"Vậy thì, chúng ta bắt đầu thôi nhỉ."
CommonEvents,365,アフターケア導入,アフターケア,18+_AfterCare,セラ,\C[4]セラ,"アフターケアのお時間です。
まずはお話をしてリラックスしましょう。","Đã đến giờ Aftercare rồi.
Trước tiên hãy trò chuyện để thư giãn nhé."
CommonEvents,366,アフターケア5導入初回,アフターケア5,18+_AfterCare,,,ある日のこと……。,Vào một ngày nọ...
CommonEvents,366,アフターケア5導入初回,アフターケア5,18+_AfterCare,,\N[1],"（今からアフターケアをしてもらう約束だったけど、
セラさん出かけて帰ってこないな……）","(Đã hẹn bây giờ sẽ được Aftercare,
mà chị Sera ra ngoài chưa thấy về...)"
CommonEvents,366,アフターケア5導入初回,アフターケア5,18+_AfterCare,サキュバス,\C[5]サキュバス,へ～、ここが天使ちゃんのクリニックなんだ～。,"Hê~, đây là phòng khám của cô em Thiên Sứ sao~"
CommonEvents,366,アフターケア5導入初回,アフターケア5,18+_AfterCare,,\N[1],"えっ！？
なんであなたがここに！？","Éc!?
Sao cô lại ở đây!?"
CommonEvents,366,アフターケア5導入初回,アフターケア5,18+_AfterCare,サキュバス,\C[5]サキュバス,"いっつも私の前でここの話してるから、
気になって来ちゃった☆","Lần nào anh cũng nhắc về chỗ này trước mặt em,
nên em tò mò mò đến xem thử nè☆"
CommonEvents,366,アフターケア5導入初回,アフターケア5,18+_AfterCare,サキュバス,\C[5]サキュバス,"で、何？
今から「チリョー」してもらう予定なの？","Rồi sao? Trông anh sắp sửa
được ""trị liệu"" đúng không?"
CommonEvents,366,アフターケア5導入初回,アフターケア5,18+_AfterCare,,\N[1],"いや、治療のアフターケアで色々お喋りしたり、
癒してもらったりする、みたいな感じですけど……。","Không phải, chỉ là Aftercare sau trị liệu để trò chuyện,
với cả được thư giãn thôi mà..."
CommonEvents,366,アフターケア5導入初回,アフターケア5,18+_AfterCare,サキュバス,\C[5]サキュバス,"うわ～、そんなことまでしてもらってるんだ。
お兄さん、甘えん坊で恥ずかしー♡　くすくす♡","U oa~, được cưng nựng đến mức đó cơ đấy.
Anh trai à, lớn rồi mà còn thích làm nũng xấu hổ quá đi♡ Hi hi♡"
CommonEvents,366,アフターケア5導入初回,アフターケア5,18+_AfterCare,サキュバス,\C[5]サキュバス,"でも天使ちゃん今はいないみたいだね。
ほったらかしにされてかわいそ～。","Nhưng mà cô em Thiên Sứ có vẻ không có ở đây rồi.
Bị bỏ rơi tội nghiệp chưa kìa~"
CommonEvents,366,アフターケア5導入初回,アフターケア5,18+_AfterCare,サキュバス,\C[5]サキュバス,"あ！　じゃあ、そのアフターケアとかいうやつ、
代わりに私がやってあげよっか？♡","Á! Hay là cái gọi là Aftercare đó,
để em làm thay cho nhé?♡"
CommonEvents,366,アフターケア5導入初回,アフターケア5,18+_AfterCare,,\N[1],"は、はい！？
なんでですか！","H-Hả!?
Sao lại thế được!"
CommonEvents,366,アフターケア5導入初回,アフターケア5,18+_AfterCare,サキュバス,\C[5]サキュバス,いいじゃん、どうせ暇なんでしょ？,"Đâu có sao, dù gì anh cũng đang rảnh mà đúng không?"
CommonEvents,366,アフターケア5導入初回,アフターケア5,18+_AfterCare,サキュバス,\C[5]サキュバス,"それに、サキュバスちゃんのえっちな癒しで
スッキリしてみたいでしょ？♡","Với lại, anh cũng muốn thử cảm giác thư giãn dâm mát
của Succubus xem sướng thế nào đúng không?♡"
CommonEvents,366,アフターケア5導入初回,アフターケア5,18+_AfterCare,,\N[1],……っ。,... ah.
CommonEvents,366,アフターケア5導入初回,アフターケア5,18+_AfterCare,サキュバス,\C[5]サキュバス,"あー、やらしー顔になった♡
この欲しがりさんめ♡","A~, mặt dâm ra rồi kìa♡
Đúng là cái đồ thèm khát này♡"
CommonEvents,366,アフターケア5導入初回,アフターケア5,18+_AfterCare,サキュバス,\C[5]サキュバス,"ほら、いつも天使ちゃんとえっちなことしてる部屋に
早く案内してよ♡","Nào, mau dẫn em vào căn phòng
mà anh hay làm chuyện dâm đục với cô em Thiên Sứ đi nào♡"
CommonEvents,366,アフターケア5導入初回,アフターケア5,18+_AfterCare,サキュバス,\C[5]サキュバス,"好きな人との愛の巣で、他の女の子と
いちゃいちゃしちゃお……？♡","Ngay tại tổ ấm tình yêu với người mình thích,
anh lại đi âu yếm với một cô gái khác... nhỉ?♡"
CommonEvents,367,アフターケア5導入,アフターケア5,18+_AfterCare,サキュバス,\C[5]サキュバス,"好きな人との愛の巣で、他の女の子と
いちゃいちゃしちゃお……？♡","Ngay tại tổ ấm tình yêu với người mình thích,
anh lại đi âu yếm với một cô gái khác... nhỉ?♡"
CommonEvents,368,アフターケア1-1,アフターケア1,18+_AfterCare,セラ,\C[4]セラ,"私が治療中に何を考えているのか
知りたいんですか？","Anh muốn biết em đang suy nghĩ điều gì
trong lúc trị liệu sao?"
CommonEvents,368,アフターケア1-1,アフターケア1,18+_AfterCare,セラ,\C[4]セラ,"……なるほど。私に呆れられていないか
不安なんですね。","...Ra là vậy. Anh đang lo lắng
vì sợ em chán nản anh đúng không."
CommonEvents,368,アフターケア1-1,アフターケア1,18+_AfterCare,セラ,\C[4]セラ,"ご心配なさらず。私は一貫して
あなたのことを可愛いと思っています。","Xin anh đừng lo lắng. Trước sau như một,
em vẫn luôn thấy anh rất đáng yêu."
CommonEvents,368,アフターケア1-1,アフターケア1,18+_AfterCare,セラ,\C[4]セラ,"時折刺々しい言葉を使用することもありますが、
全て好意の裏返しです。","Đôi khi em có dùng những lời lẽ nặng nề,
nhưng tất cả đều là vì em có tình cảm với anh đấy."
CommonEvents,368,アフターケア1-1,アフターケア1,18+_AfterCare,セラ,\C[4]セラ,"できればもっと恥ずかしい姿を
私に見せて欲しいくらいですが……。","Nếu được, em còn muốn anh cho em xem
nhiều dáng vẻ xấu hổ hơn nữa cơ..."
CommonEvents,368,アフターケア1-1,アフターケア1,18+_AfterCare,セラ,\C[4]セラ,"はい。でなければアフターケアの意味が
ありませんので。","Vâng. Nếu không thì việc Aftercare
sẽ chẳng còn ý nghĩa gì nữa."
CommonEvents,368,アフターケア1-1,アフターケア1,18+_AfterCare,セラ,\C[4]セラ,"とはいえ心を開くには時間がかかるでしょうから、
まずは私の方からきっかけを作りましょう。","Dù vậy, chắc sẽ mất thời gian để anh mở lòng,
nên trước tiên em sẽ tạo cơ hội nhé."
CommonEvents,368,アフターケア1-1,アフターケア1,18+_AfterCare,セラ,\C[4]セラ,"頭、なでなでしてあげます。
よしよし。","Để em xoa đầu cho anh nhé.
Ngoan ngoan."
CommonEvents,368,アフターケア1-1,アフターケア1,18+_AfterCare,セラ,\C[4]セラ,"今は警戒しなくて大丈夫ですよ。
ここにはあなたと優しいナースさんしかいませんから。","Bây giờ anh không cần phải cảnh giác đâu.
Vì ở đây chỉ có anh và cô y tá dịu dàng thôi mà."
CommonEvents,368,アフターケア1-1,アフターケア1,18+_AfterCare,セラ,\C[4]セラ,"……少し頬がほころびましたね。
良かったです。","...Má anh hơi ửng hồng rồi kìa.
Tốt quá rồi."
CommonEvents,368,アフターケア1-1,アフターケア1,18+_AfterCare,セラ,\C[4]セラ,"私のことをSだと思うのですか？
それは治療で意地悪をしているからでしょうか。","Anh nghĩ em là M sao? Hay là S?
Có phải vì em hay trêu chọc anh lúc trị liệu không."
CommonEvents,368,アフターケア1-1,アフターケア1,18+_AfterCare,セラ,\C[4]セラ,"……まぁ、SかMかで言えば、Sですが……。
あなたが可愛い反応をするせいですよ？","...Mặc dù nếu nói về S hay M, em là S thật...
Nhưng đó là tại phản ứng của anh quá đáng yêu đấy nhé?"
CommonEvents,368,アフターケア1-1,アフターケア1,18+_AfterCare,セラ,\C[4]セラ,"例えば、そうですね。
軽くあなたの乳首をかりかりとしてみると……。","Ví dụ như thế này nhé.
Nếu em dùng ngón tay gãi nhẹ vào đầu ngực anh..."
CommonEvents,368,アフターケア1-1,アフターケア1,18+_AfterCare,セラ,\C[4]セラ,"はい、身体が震えてしまいましたね。
そういう反応が私をSにさせているんですよ。","Đó, cơ thể anh đã run bắn lên rồi kìa.
Chính những phản ứng như vậy đã biến em thành S đấy."
CommonEvents,368,アフターケア1-1,アフターケア1,18+_AfterCare,セラ,\C[4]セラ,"……だめとは言っていません。
私になら、そういった面を見せても良いです。","...Em đâu có bảo là không được đâu.
Nếu là với em, anh cứ thoải mái bộc lộ mặt đó ra."
CommonEvents,368,アフターケア1-1,アフターケア1,18+_AfterCare,セラ,\C[4]セラ,"だって、可愛いですから。
ふふ。","Bởi vì, anh đáng yêu lắm.
Hì hì."
CommonEvents,368,アフターケア1-1,アフターケア1,18+_AfterCare,セラ,\C[4]セラ,"あぁ、あなたと一緒に買いに行ったローションですか？
もちろん用意していますよ。","À, chai gel bôi trơn anh cùng đi mua với em đó sao?
Tất nhiên là em đã chuẩn bị sẵn rồi."
CommonEvents,368,アフターケア1-1,アフターケア1,18+_AfterCare,セラ,\C[4]セラ,"ちょうどこの後使おうと思っていたんです。
……一足先に味見してしまいますか？","Em đang định dùng nó ngay sau đây này.
...Anh có muốn nếm thử trước một chút không?"
CommonEvents,368,アフターケア1-1,アフターケア1,18+_AfterCare,セラ,\C[4]セラ,"おちんちんに塗り広げるように、
にゅこにゅこちこちこ……。","Xoa đều gel lên con cu của anh,
sột soạt, sột soạt..."
CommonEvents,368,アフターケア1-1,アフターケア1,18+_AfterCare,セラ,\C[4]セラ,"いかがでしょうか？
あなた好みの粘度ではないですか？","Anh thấy thế nào?
Độ trơn này đúng gu của anh đúng không?"
CommonEvents,368,アフターケア1-1,アフターケア1,18+_AfterCare,セラ,\C[4]セラ,"ふむ。おちんちんのヒクつきを見るに、
お気に召したようですね。","Hừm. Nhìn con cu anh giật giật thế kia,
có vẻ như anh thích lắm rồi nhỉ."
CommonEvents,368,アフターケア1-1,アフターケア1,18+_AfterCare,セラ,\C[4]セラ,"あなたが私に心から甘えられるよう、
私の膝の上で癒してあげますね。","Để anh có thể tự do làm nũng với em từ tận đáy lòng,
em sẽ chữa lành cho anh ngay trên đùi em nhé."
CommonEvents,369,アフターケア1-2,アフターケア1,18+_AfterCare,セラ,\C[4]セラ,"良い子、良い子……。
どうですか？　心地良いですか？","Ngoan nào, ngoan nào...
Thế nào? Anh thấy dễ chịu không?"
CommonEvents,369,アフターケア1-2,アフターケア1,18+_AfterCare,セラ,\C[4]セラ,頭を撫でられると安心しますよね。,Được xoa đầu thế này cảm giác an tâm lắm đúng không.
CommonEvents,369,アフターケア1-2,アフターケア1,18+_AfterCare,セラ,\C[4]セラ,"男の人は中々頭を撫でてもらう機会がないでしょうから、
その分私がたくさん撫でてあげます。","Con trai chắc ít khi có cơ hội được xoa đầu như thế này,
nên em sẽ xoa cho anh thật nhiều."
CommonEvents,369,アフターケア1-2,アフターケア1,18+_AfterCare,セラ,\C[4]セラ,"眠りに落ちたくなるほど優しく、
よしよし、と……。","Dịu dàng đến mức khiến anh muốn thiếp đi,
ngoan ngoan nào..."
CommonEvents,369,アフターケア1-2,アフターケア1,18+_AfterCare,セラ,\C[4]セラ,"ふふ……眠るどころか、おちんちんが
ますます硬くなってきました。",Em sẽ tiếp tục xoa đầu cho anh nhé.
CommonEvents,369,アフターケア1-2,アフターケア1,18+_AfterCare,セラ,\C[4]セラ,"ん……っ♡
元気よく吸い付いていますね。",Trước đây đã từng có ai xoa đầu anh dịu dàng thế này chưa?
CommonEvents,369,アフターケア1-2,アフターケア1,18+_AfterCare,セラ,\C[4]セラ,おっぱい飲むの、お上手ですよ。,Nếu chưa từng có... thì em rất vinh hạnh vì được là người đầu tiên.
CommonEvents,369,アフターケア1-2,アフターケア1,18+_AfterCare,セラ,\C[4]セラ,"時には赤ん坊のように甘えることも
精神の安定のために必要なことです。",Cứ coi em như chỗ dựa của anh nhé.
CommonEvents,369,アフターケア1-2,アフターケア1,18+_AfterCare,セラ,\C[4]セラ,だから、遠慮なく私の胸で癒されてください。,"Vâng, ngoan ngoan..."
CommonEvents,369,アフターケア1-2,アフターケア1,18+_AfterCare,セラ,\C[4]セラ,大きくなれるようにたくさんおっぱい飲みましょうね。,"Cách chữa lành thế nào ạ?
Hiển nhiên là chữa lành dâm mát rồi."
CommonEvents,369,アフターケア1-2,アフターケア1,18+_AfterCare,セラ,\C[4]セラ,"しこ……しこ……。
しこ……しこ……。","Nhẹ nhàng liếm mép tai anh nhé...
Chẹp, sột soạt..."
CommonEvents,369,アフターケア1-2,アフターケア1,18+_AfterCare,セラ,\C[4]セラ,"ゆっくり、丁寧に、
おちんちんを撫でていきます。","Hì hì, anh giật nẩy mình kìa.
Đáng yêu quá."
CommonEvents,369,アフターケア1-2,アフターケア1,18+_AfterCare,セラ,\C[4]セラ,"よしよし、勃起できて偉いですね。
格好いいですよ。","Không chỉ tai đâu,
em sẽ dùng cả miệng để chữa lành cho toàn bộ cơ thể anh."
CommonEvents,369,アフターケア1-2,アフターケア1,18+_AfterCare,セラ,\C[4]セラ,"私の手に包まれながら、ゆっくりと
お精子を作ってください。","Cả con cu đang cứng ngắc kia nữa...
Lần tới hãy cùng thử nhé."
CommonEvents,369,アフターケア1-2,アフターケア1,18+_AfterCare,セラ,\C[4]セラ,"濃いのが金玉さんの中に溜まるまで
待っていてあげますからね。","Khi nhắm mắt lại, anh sẽ thấy các giác quan khác nhạy bén hơn hẳn đúng không?"
CommonEvents,369,アフターケア1-2,アフターケア1,18+_AfterCare,セラ,\C[4]セラ,"しこしこしこしこ……。
しこしこしこしこ……。","Anh sẽ cảm nhận rõ rệt hơi thở và nhiệt độ cơ thể em,
đúng chứ?"
CommonEvents,369,アフターケア1-2,アフターケア1,18+_AfterCare,セラ,\C[4]セラ,"はやーいちゅこちゅこしてもらうの
気持ちいいですね。","Đặc biệt là làn da tiếp xúc...
Anh cảm nhận được sự trơn mịn này chứ?"
CommonEvents,369,アフターケア1-2,アフターケア1,18+_AfterCare,セラ,\C[4]セラ,"ローションをたっぷり付けていますから、
刺激は強いのに痛くないでしょう？","Anh chỉ cần nhắm mắt lại,
và tận hưởng sự lả lơi này thôi nhé."
CommonEvents,369,アフターケア1-2,アフターケア1,18+_AfterCare,セラ,\C[4]セラ,"快感だけをあなたのおちんちんに
伝えてあげます。","Nào, nhắm mắt lại đi nào...
Hì hì."
CommonEvents,369,アフターケア1-2,アフターケア1,18+_AfterCare,セラ,\C[4]セラ,"今はつらいことなんて何も考えずに
授乳手コキを楽しんでください。","Ngoáy tai cho anh nhé.
Cứ nằm nghiêng trên đùi em là được."
CommonEvents,369,アフターケア1-2,アフターケア1,18+_AfterCare,セラ,\C[4]セラ,"そろそろ出そうですか？
いいですよ。","Nào, thả lỏng người ra nhé...
Xoẹt, xoẹt..."
CommonEvents,369,アフターケア1-2,アフターケア1,18+_AfterCare,セラ,\C[4]セラ,"では、お手て速めますよ。
好きな時に出してください。","Anh thấy ngứa ngáy dễ chịu đúng không?
Ngoan nào..."
CommonEvents,369,アフターケア1-2,アフターケア1,18+_AfterCare,セラ,\C[4]セラ,"おっぱいに顔をうずめたまま
気持ちよくなってしまいましょう。",Thế nào? Anh có thấy thoải mái không?
CommonEvents,369,アフターケア1-2,アフターケア1,18+_AfterCare,セラ,\C[4]セラ,"ん……っ♡
すごく飛んでます……♡",Ngoáy tai xong em sẽ xoa bóp vai cho anh nữa nhé.
CommonEvents,369,アフターケア1-2,アフターケア1,18+_AfterCare,セラ,\C[4]セラ,"よしよし。
これで次の治療頑張れますね。","Có vẻ anh đã nỗ lực hết sức trong đợt trị liệu vừa rồi nhỉ.
Em khen anh đấy."
CommonEvents,369,アフターケア1-2,アフターケア1,18+_AfterCare,,,装備品\c[1]「アイアンハート」\c[0]を手に入れた！,"Nhìn anh vừa thở dốc vừa cố kiềm chế,
em thấy vừa thương vừa kích thích lắm đấy."
CommonEvents,370,アフターケア2-1,アフターケア2,18+_AfterCare,セラ,\C[4]セラ,私と初めてセックスした感想はどうですか？,Nên bây giờ em sẽ cưng nựng anh thật nhiều.
CommonEvents,370,アフターケア2-1,アフターケア2,18+_AfterCare,セラ,\C[4]セラ,"私の方ですか？　これはあなたの治療なので
私を気にする必要はありません。",Ngoan ngoan... Anh làm tốt lắm.
CommonEvents,370,アフターケア2-1,アフターケア2,18+_AfterCare,セラ,\C[4]セラ,"……まぁ、あなたの気分がそれで左右されると言うなら
あえて感想を述べるというのもやぶさかではないですが……。",Lần tới cũng hãy cố gắng như thế nhé.
CommonEvents,370,アフターケア2-1,アフターケア2,18+_AfterCare,セラ,\C[4]セラ,……気持ち良かったです。,"Bị một con quỷ như em âu yếm,
anh có cảm thấy áp lực không?"
CommonEvents,370,アフターケア2-1,アフターケア2,18+_AfterCare,セラ,\C[4]セラ,"コホン。
満足しましたか？","Nhưng em sẽ không hại anh đâu.
Bởi vì em thực sự yêu thích anh mà."
CommonEvents,370,アフターケア2-1,アフターケア2,18+_AfterCare,セラ,\C[4]セラ,"露骨に嬉しそうなお顔をしていますよ。
……この後、またしましょうね。","Dù là Thiên Sứ hay Succubus,
tình cảm em dành cho anh là thật."
CommonEvents,370,アフターケア2-1,アフターケア2,18+_AfterCare,セラ,\C[4]セラ,"私の性経験ですか？
ふむ……。",Nên anh cứ tự nhiên tiếp nhận tình yêu của em nhé.
CommonEvents,370,アフターケア2-1,アフターケア2,18+_AfterCare,セラ,\C[4]セラ,"どうだと思いますか？
私は他の人とえっちしたことがあると思いますか？","Nào, ôm em chặt hơn chút nữa đi."
CommonEvents,370,アフターケア2-1,アフターケア2,18+_AfterCare,セラ,\C[4]セラ,"このおまんこに、あなた以外のおちんちんが
入れられたことがあると思いますか？",Hôm nay chúng ta sẽ chữa lành thật nhẹ nhàng nhé.
CommonEvents,370,アフターケア2-1,アフターケア2,18+_AfterCare,[Choice],[Choice],はい,Em sẽ ôm anh vào lòng thế này...
CommonEvents,370,アフターケア2-1,アフターケア2,18+_AfterCare,[Choice],[Choice],いいえ,Anh có nghe thấy tiếng tim em đập không?
CommonEvents,370,アフターケア2-1,アフターケア2,18+_AfterCare,セラ,\C[4]セラ,"なるほど。私の女性としての魅力を
評価してくれているのですね。","Mỗi khi ở cạnh anh, tim em lại đập nhanh như thế này đấy."
CommonEvents,370,アフターケア2-1,アフターケア2,18+_AfterCare,セラ,\C[4]セラ,"なるほど。
あなたは自分が初めてであって欲しいんですね。",Nên anh cũng hãy thả lỏng và dựa vào em nhé.
CommonEvents,370,アフターケア2-1,アフターケア2,18+_AfterCare,セラ,\C[4]セラ,ちなみに、本当は……。,"Có chuyện gì khiến anh bận tâm sao?
Anh có thể tâm sự với em mà."
CommonEvents,370,アフターケア2-1,アフターケア2,18+_AfterCare,セラ,\C[4]セラ,"あなたが初めてです。
あなた専属ナースですから当然ですよね。",Em sẽ luôn ở đây lắng nghe anh.
CommonEvents,370,アフターケア2-1,アフターケア2,18+_AfterCare,セラ,\C[4]セラ,私のおまんこの感触は、あなたしか知らないんです。,"Cảm giác bên trong cô bé của em, chỉ có mình anh biết thôi đấy."
CommonEvents,370,アフターケア2-1,アフターケア2,18+_AfterCare,セラ,\C[4]セラ,"私にだって嫉妬という感情はあります。
天使も生き物ですので。",Nên anh không cần phải ngượng ngùng đâu.
CommonEvents,370,アフターケア2-1,アフターケア2,18+_AfterCare,セラ,\C[4]セラ,"患者とはいえあなたのことが好きですから、
時にはやきもちを焼くこともあります。",Cứ chia sẻ mọi điều với em nhé.
CommonEvents,370,アフターケア2-1,アフターケア2,18+_AfterCare,セラ,\C[4]セラ,"特に、あなたがどこぞのサキュバスと
仲良く話しているとイライラしてしまいますね。",Dạo này anh có gặp rắc rối gì không?
CommonEvents,370,アフターケア2-1,アフターケア2,18+_AfterCare,セラ,\C[4]セラ,"……この気持ちとは全く関係がありませんが、
サキュバスは危険なのでできるだけ避けてください。","...Không liên quan gì đến cảm xúc này đâu,
nhưng Succubus rất nguy hiểm nên anh hãy tránh xa cô ta ra nhé."
CommonEvents,370,アフターケア2-1,アフターケア2,18+_AfterCare,セラ,\C[4]セラ,仲良くするなどもってのほかです。,Thân thiết với cô ta là chuyện không thể chấp nhận được đâu đấy.
CommonEvents,370,アフターケア2-1,アフターケア2,18+_AfterCare,セラ,\C[4]セラ,"あぁ、あのデート治療の時に着ていた服ですか。
選ぶ時は苦労しました。",Hôm nay em đổi bộ trang phục trị liệu khác một chút.
CommonEvents,370,アフターケア2-1,アフターケア2,18+_AfterCare,セラ,\C[4]セラ,人間の男性がどのような服装を好むか知識がなかったので。,Vì em không có nhiều kiến thức về việc nam giới con người thích kiểu trang phục nào.
CommonEvents,370,アフターケア2-1,アフターケア2,18+_AfterCare,セラ,\C[4]セラ,"ちなみに……下着もこだわりました。
どうでしょうか？","Tiện thể thì... em cũng chuẩn bị bộ đồ lót rất kỹ càng đấy.
Anh thấy thế nào?"
CommonEvents,370,アフターケア2-1,アフターケア2,18+_AfterCare,セラ,\C[4]セラ,"こちらの股の部分に私の愛液がぐっしょり染みて
歩いている時大変だったんですよ？","Phần đáy của chiếc quần lót này đã ướt đẫm dâm dịch của em rồi,
lúc đi lại khó chịu lắm đấy anh biết không?"
CommonEvents,370,アフターケア2-1,アフターケア2,18+_AfterCare,セラ,\C[4]セラ,"この下着をメインに使った治療も、
後日……やりますからね？",Lần trị liệu tới em sẽ dùng chiếc quần lót này làm đạo cụ chính... vào một ngày khác nhé?
CommonEvents,370,アフターケア2-1,アフターケア2,18+_AfterCare,セラ,\C[4]セラ,今回はまったりとセックスを楽しみましょうか……♡,Lần này chúng ta hãy thư thả tận hưởng việc làm tình nhé...♡
CommonEvents,371,アフターケア2-2,アフターケア2,18+_AfterCare,セラ,\C[4]セラ,"んっ……♡
後ろからだとおっぱいが揉みやすいですか？","Ưm... ah♡
Nhấp từ phía sau thế này có dễ nhào nặn ngực em hơn không?"
CommonEvents,371,アフターケア2-2,アフターケア2,18+_AfterCare,セラ,\C[4]セラ,"この体勢は男性側が優位に見えますが、あなたの手は
しっかりと甘えん坊さんですね。","Tư thế này trông có vẻ nam giới chiếm thế chủ động,
nhưng bàn tay anh lại đang khao khát làm nũng lắm đấy nhé."
CommonEvents,371,アフターケア2-2,アフターケア2,18+_AfterCare,セラ,\C[4]セラ,"遠慮なく揉んでしまってください。
今は甘えて大丈夫な時間なので。","Anh cứ thoải mái nhào nặn đi.
Bây giờ là khoảng thời gian anh được phép làm nũng mà."
CommonEvents,371,アフターケア2-2,アフターケア2,18+_AfterCare,セラ,\C[4]セラ,"それに、あなたの顔が見えない分、
こうした所作で感情を読み取れたほうが都合が良いです。","Hơn nữa, vì không nhìn thấy mặt anh,
nên quan sát cảm xúc qua những cử động này lại thuận tiện hơn."
CommonEvents,371,アフターケア2-2,アフターケア2,18+_AfterCare,セラ,\C[4]セラ,"イきそうになるほど揉む力が強くなる可愛いあなたを
私に愛でさせてください。","Hãy để em cưng nựng một người đáng yêu như anh,
người mà mỗi khi sắp ra lại càng bóp ngực em mạnh hơn."
CommonEvents,371,アフターケア2-2,アフターケア2,18+_AfterCare,セラ,\C[4]セラ,"あ、あの……あまり髪の匂いをかがれると
恥ずかしいのですが……。","Ơ, kia... anh ngửi mùi tóc em nhiều quá
em thấy hơi xấu hổ đấy..."
CommonEvents,371,アフターケア2-2,アフターケア2,18+_AfterCare,セラ,\C[4]セラ,"おちんちん硬くなってる……。
良い匂い、だったのでしょうか……？","Con cu của anh cứng ngắc lên rồi kìa...
Mùi tóc em thơm lắm sao...?"
CommonEvents,371,アフターケア2-2,アフターケア2,18+_AfterCare,セラ,\C[4]セラ,"髪は気を遣っていますが、このように
オカズにされるのは想定していませんでした。","Em tuy có chăm sóc tóc kỹ càng,
nhưng không ngờ lại biến thành đồ nhắm kích dục cho anh thế này."
CommonEvents,371,アフターケア2-2,アフターケア2,18+_AfterCare,セラ,\C[4]セラ,"これからはできるだけ女の子らしい香りのシャンプーを
選ぶことにしましょう。","Từ giờ em sẽ cố gắng chọn loại dầu gội
có hương thơm nữ tính nhất nhé."
CommonEvents,371,アフターケア2-2,アフターケア2,18+_AfterCare,セラ,\C[4]セラ,"んっ……んっ……♡
私のおまんこ、どうですか？","Ưm... ah...♡
Cô bé của em thế nào?"
CommonEvents,371,アフターケア2-2,アフターケア2,18+_AfterCare,セラ,\C[4]セラ,"おちんちんにねっとり絡みついて
気持ちいいのではないでしょうか。","Nó đang siết chặt lấy con cu của anh,
cảm giác tuyệt vời lắm đúng không?"
CommonEvents,371,アフターケア2-2,アフターケア2,18+_AfterCare,セラ,\C[4]セラ,"特に引き抜く時は出っ張ったカリへ
名残惜しそうにしつこく吸い付きますからね。","Đặc biệt là lúc rút ra,
nó cứ ôm khít lấy quy đầu như thể không muốn rời xa vậy."
CommonEvents,371,アフターケア2-2,アフターケア2,18+_AfterCare,セラ,\C[4]セラ,"私も、気持ちいいです……んぅ……っ♡
セックスお上手ですよ。","Em cũng thấy sướng lắm... ưm... ah♡
Anh kỹ năng làm tình giỏi lắm đấy."
CommonEvents,371,アフターケア2-2,アフターケア2,18+_AfterCare,セラ,\C[4]セラ,私の身体、たっぷり味わってください……♡,Hãy thưởng thức trọn vẹn cơ thể của em nhé...♡
CommonEvents,371,アフターケア2-2,アフターケア2,18+_AfterCare,セラ,\C[4]セラ,"あっ……♡
激しい……♡","Ah...♡
Mãnh liệt quá...♡"
CommonEvents,371,アフターケア2-2,アフターケア2,18+_AfterCare,セラ,\C[4]セラ,"そんなに私とセックスしたかったんですか？
ふふ……。","Anh muốn làm tình với em đến thế cơ à?
Hì hì..."
CommonEvents,371,アフターケア2-2,アフターケア2,18+_AfterCare,セラ,\C[4]セラ,"なら、んっ、思う存分楽しみましょう。
今は我慢しなくていいですから。","Thế thì, ưm, hãy tận hưởng thỏa thích đi nhé.
Bây giờ anh không cần kiềm chế nữa đâu."
CommonEvents,371,アフターケア2-2,アフターケア2,18+_AfterCare,セラ,\C[4]セラ,"腰をたくさん打ち付けて、
おちんちんを幸せにしてあげましょう。","Hãy dập hông thật nhiều,
và làm cho con cu của anh hạnh phúc nào."
CommonEvents,371,アフターケア2-2,アフターケア2,18+_AfterCare,セラ,\C[4]セラ,"奥に当たって……んっ♡
私も、幸せな気持ちになります……♡","Chạm vào tận bên trong rồi... ưm♡
Em cũng cảm thấy hạnh phúc lắm...♡"
CommonEvents,371,アフターケア2-2,アフターケア2,18+_AfterCare,セラ,\C[4]セラ,"イきそうですか？
じゃあ、好きに腰を振って出してしまいましょう。","Anh sắp phọt ra rồi sao?
Vậy thì cứ tự do dập hông rồi bắn hết ra đi."
CommonEvents,371,アフターケア2-2,アフターケア2,18+_AfterCare,セラ,\C[4]セラ,"んっ……♡
一番奥に、種付けしてください……♡","Ưm... ah♡
Hãy bắn tinh vào tận sâu bên trong em nhé...♡"
CommonEvents,371,アフターケア2-2,アフターケア2,18+_AfterCare,セラ,\C[4]セラ,私もっ、イく……♡,Em cũng... sắp ra rồi...♡
CommonEvents,371,アフターケア2-2,アフターケア2,18+_AfterCare,セラ,\C[4]セラ,"ふー……っ♡　ふー……っ♡
気持ちよくなれましたか……？♡","Phù... ah♡ Phù... ah♡
Anh đã thấy sướng chưa...?...♡"
CommonEvents,371,アフターケア2-2,アフターケア2,18+_AfterCare,,,装備品\c[1]「ヘヴィハート」\c[0]を手に入れた！,Đã nhận được Trang bị \c[1]Trái Tim Trầm Tích\c[0]!
CommonEvents,372,アフターケア3-1,アフターケア3,18+_AfterCare,セラ,\C[4]セラ,"この間、デート……を想定した治療を行いましたが、
いかがでしたでしょうか？","Lần trước, em đã tiến hành buổi trị liệu... giả định hẹn hò,
anh thấy thế nào?"
CommonEvents,372,アフターケア3-1,アフターケア3,18+_AfterCare,[Choice],[Choice],楽しかったです,Rất vui
CommonEvents,372,アフターケア3-1,アフターケア3,18+_AfterCare,[Choice],[Choice],ソワソワしました,Thấy bồn chồn lắm
CommonEvents,372,アフターケア3-1,アフターケア3,18+_AfterCare,セラ,\C[4]セラ,"……その様子だと、ご満足いただけたみたいですね。
初めての試みだったので少し緊張しましたが良かったです。","...Nhìn vẻ mặt anh có vẻ rất hài lòng nhỉ.
Lần đầu thử nghiệm nên em cũng hơi bối rối, nhưng thế này là tốt rồi."
CommonEvents,372,アフターケア3-1,アフターケア3,18+_AfterCare,セラ,\C[4]セラ,"初心なんですね。可愛い。
安心してください、私も緊張していましたから。","Anh ngây thơ thật đấy. Đáng yêu quá.
Anh yên tâm đi, lúc đó em cũng hồi hộp lắm."
CommonEvents,372,アフターケア3-1,アフターケア3,18+_AfterCare,セラ,\C[4]セラ,"私だって神経質になることはあります。
好きな人とお出かけするのならなおさらです。","Đến cả em cũng có lúc thấy lo lắng mà.
Nhất là khi được đi chơi với người mình thích nữa chứ."
CommonEvents,372,アフターケア3-1,アフターケア3,18+_AfterCare,セラ,\C[4]セラ,"ですが、美味しいケーキを食べたり、
あなたにリードしてもらったりして気がほぐれました。","Nhưng được ăn bánh ngọt ngon lành,
và được anh dẫn dắt nên tâm trạng em đã thoải mái hơn nhiều."
CommonEvents,372,アフターケア3-1,アフターケア3,18+_AfterCare,セラ,\C[4]セラ,"エスコート、お上手でしたよ。
ふふ。","Anh hộ tống giỏi lắm đấy.
Hì hì."
CommonEvents,372,アフターケア3-1,アフターケア3,18+_AfterCare,セラ,\C[4]セラ,"心情代弁の治療をなぜ思いついたのか、気になりますか？
確かに少々特殊な施術方法でしたからね。","Anh tò mò tại sao em lại nghĩ ra phương pháp trị liệu diễn đạt tâm trí sao?
Đúng là cách trị liệu đó hơi đặc biệt một chút."
CommonEvents,372,アフターケア3-1,アフターケア3,18+_AfterCare,セラ,\C[4]セラ,"お恥ずかしながら、あなたが心の中では
あのように喘いでいたら可愛いなと思い、治療に組み込んでみました。","Thật xấu hổ khi phải nói ra,
nhưng em nghĩ nếu trong lòng anh đang rên rỉ như thế thì đáng yêu biết mấy, nên em đã đưa vào trị liệu."
CommonEvents,372,アフターケア3-1,アフターケア3,18+_AfterCare,セラ,\C[4]セラ,"実際に心を読んでいるわけではないので
私の希望的観測で心情を想像しただけですが。","Thực ra em không đọc được suy nghĩ của anh,
chỉ là em tự tưởng tượng ra theo mong muốn của bản thân thôi."
CommonEvents,372,アフターケア3-1,アフターケア3,18+_AfterCare,セラ,\C[4]セラ,"でも今のあなたはとても分かりやすいですよ。
「早くセラさんに甘えたいよ～♡」って顔に書いてあります。","Nhưng anh bây giờ thì dễ đoán lắm đấy.
Trên mặt hiện rõ chữ ""Muốn nhanh được làm nũng với em Sera~♡"" kìa."
CommonEvents,372,アフターケア3-1,アフターケア3,18+_AfterCare,セラ,\C[4]セラ,"ちゃんと後で癒してあげますから、
良い子にして待ちましょうね？","Tí nữa em sẽ chữa lành đàng hoàng cho anh,
nên hãy ngoan ngoãn chờ đợi nhé?"
CommonEvents,372,アフターケア3-1,アフターケア3,18+_AfterCare,セラ,\C[4]セラ,"この間モンスター娘との戦績を聞きましたが、
連戦連敗でしたね。","Vừa rồi em có nghe thành tích chiến đấu của anh với các Monster Girl,
anh toàn thua liên tiếp đúng không."
CommonEvents,372,アフターケア3-1,アフターケア3,18+_AfterCare,セラ,\C[4]セラ,"……そんな怖がった表情をしないでください。
今は叱ったりしませんよ。","...Anh đừng làm vẻ mặt sợ hãi như thế chứ.
Bây giờ em không mắng anh đâu."
CommonEvents,372,アフターケア3-1,アフターケア3,18+_AfterCare,セラ,\C[4]セラ,"おちんちんいじめられてつらかったですね。
よしよし。","Con cu bị hành hạ chắc khó chịu lắm đúng không.
Ngoan nào, ngoan nào."
CommonEvents,372,アフターケア3-1,アフターケア3,18+_AfterCare,セラ,\C[4]セラ,"もう大丈夫ですよ。ここにはあなたのことを大好きな
ナースさんしかいませんから。","Không sao đâu. Ở đây chỉ có cô y tá
người luôn yêu thương anh nhất thôi."
CommonEvents,372,アフターケア3-1,アフターケア3,18+_AfterCare,セラ,\C[4]セラ,"一緒におちんちん強くして、
また叱られないように頑張りましょうね。","Chúng ta sẽ cùng làm cho con cu mạnh mẽ hơn,
để lần sau không bị mắng nữa nhé."
CommonEvents,372,アフターケア3-1,アフターケア3,18+_AfterCare,セラ,\C[4]セラ,"私はナースとしての経験はまだまだ浅いですから、
正直なところ医療知識は少ないです。","Kinh nghiệm làm y tá của em vẫn còn nông cằn,
thực sự thì kiến thức y khoa của em không nhiều."
CommonEvents,372,アフターケア3-1,アフターケア3,18+_AfterCare,セラ,\C[4]セラ,"回復魔法も不得意ですし、人間用の道具で
治療する程度しか今はできません。","Phép hồi phục em cũng không giỏi,
hiện tại chỉ có thể chữa trị bằng dụng cụ của con người."
CommonEvents,372,アフターケア3-1,アフターケア3,18+_AfterCare,セラ,\C[4]セラ,"ですが私も日々勉強しています。
特にあなたのメンタルケアなら他の誰よりもできるはずです。","Nhưng em vẫn đang học hỏi mỗi ngày.
Đặc biệt là việc chăm sóc tâm lý cho anh thì em tự tin giỏi hơn bất kỳ ai."
CommonEvents,372,アフターケア3-1,アフターケア3,18+_AfterCare,セラ,\C[4]セラ,"例えば、あなたがおっぱいフェチだと知っているので、
おっぱいを揉むと癒されることも把握しています。","Ví dụ như em biết anh là kẻ cuồng ngực,
nên em nắm rõ việc bóp ngực sẽ giúp anh thư giãn."
CommonEvents,372,アフターケア3-1,アフターケア3,18+_AfterCare,セラ,\C[4]セラ,"……どうですか？
この知識、合っていますか？","...Thế nào?
Kiến thức này có đúng không?"
CommonEvents,372,アフターケア3-1,アフターケア3,18+_AfterCare,[Choice],[Choice],胸を揉む,Bóp ngực
CommonEvents,372,アフターケア3-1,アフターケア3,18+_AfterCare,[Choice],[Choice],胸を揉まない,Không bóp ngực
CommonEvents,372,アフターケア3-1,アフターケア3,18+_AfterCare,セラ,\C[4]セラ,"ん……♡
やっぱりそうですよね？","Ưm...♡
Quả nhiên là đúng rồi nhỉ?"
CommonEvents,372,アフターケア3-1,アフターケア3,18+_AfterCare,セラ,\C[4]セラ,"あなたは特に、自分から強引に揉むより
女性に揉む許可を貰う方が好きなのも知っています。","Em còn biết rõ anh thích được nữ giới cho phép bóp ngực
hơn là tự mình xông vào bóp cưỡng ép nữa cơ."
CommonEvents,372,アフターケア3-1,アフターケア3,18+_AfterCare,セラ,\C[4]セラ,"物理的にだけでなく、精神的にも包まれたいという願望、
私だけは分かっていますからね。",Để em giúp anh thư giãn thật nhiều bằng đôi chân này nhé.
CommonEvents,372,アフターケア3-1,アフターケア3,18+_AfterCare,セラ,\C[4]セラ,"おや、恥ずかしがってしまいましたか。
あなたの照れをほだす方法をもっと勉強しないとですね。",Anh chỉ việc nằm yên và tận hưởng thôi.
CommonEvents,372,アフターケア3-1,アフターケア3,18+_AfterCare,セラ,\C[4]セラ,後ろから抱きしめながら可愛がってあげますね？,Em sẽ cọ chân thật dịu dàng cho anh...
CommonEvents,373,アフターケア3-2,アフターケア3,18+_AfterCare,セラ,\C[4]セラ,"ここからだとお耳が近くて
とっても囁きやすいです。","Sột soạt, sột soạt..."
CommonEvents,373,アフターケア3-2,アフターケア3,18+_AfterCare,セラ,\C[4]セラ,"あなたを労わる言葉をここから直接
注ぎ込んであげますね。",Thế nào? Cảm giác trơn mịn của đôi chân em có thích không?
CommonEvents,373,アフターケア3-2,アフターケア3,18+_AfterCare,セラ,\C[4]セラ,"いつも治療を頑張って偉いですよ。
格好良いですね。","Anh không cần kiềm chế đâu, cứ tự nhiên sướng đi nhé."
CommonEvents,373,アフターケア3-2,アフターケア3,18+_AfterCare,セラ,\C[4]セラ,"おちんちん勃起できて素敵です。
そのままじっくりお精子を作りましょう。","Dù là cọ bằng chân, em cũng sẽ làm cho anh thấy sướng mê mệt."
CommonEvents,373,アフターケア3-2,アフターケア3,18+_AfterCare,セラ,\C[4]セラ,"ぴゅっぴゅーってお射精して気持ちよくなるの、
楽しみですね。",Nhìn con cu của anh giật giật giữa hai bàn chân em kìa...
CommonEvents,373,アフターケア3-2,アフターケア3,18+_AfterCare,セラ,\C[4]セラ,"たくさん頭をなでなでしてあげますね。
よしよし。",Đáng yêu quá đi...
CommonEvents,373,アフターケア3-2,アフターケア3,18+_AfterCare,セラ,\C[4]セラ,"いい子いい子。
なでなで、なでなで。",Anh muốn xuất tinh chưa?
CommonEvents,373,アフターケア3-2,アフターケア3,18+_AfterCare,セラ,\C[4]セラ,"私にもたれかかって、リラックスしてください。
ちゃんと受け止めていてあげます。",Cứ bắn thẳng vào chân em nhé.
CommonEvents,373,アフターケア3-2,アフターケア3,18+_AfterCare,セラ,\C[4]セラ,"何も考えず、私から与えられる癒しを
享受してください。",Bắn ra nhiều tinh dịch nóng hổi nào...
CommonEvents,373,アフターケア3-2,アフターケア3,18+_AfterCare,セラ,\C[4]セラ,"私はそんなあなたを見て癒されるので
お気遣いなく。","Đúng rồi, ngoan lắm..."
CommonEvents,373,アフターケア3-2,アフターケア3,18+_AfterCare,セラ,\C[4]セラ,"足で優しく、しこしこ……。
どうですか？　気持ち良いですか？",Em sẽ lau sạch sẽ cho anh nhé.
CommonEvents,373,アフターケア3-2,アフターケア3,18+_AfterCare,セラ,\C[4]セラ,"足の下でぴくぴくと反応しています。
お返事お上手ですね。",Lần sau chúng ta lại cùng làm tiếp nhé.
CommonEvents,373,アフターケア3-2,アフターケア3,18+_AfterCare,セラ,\C[4]セラ,"足コキで興奮するのは恥ずかしいことじゃないですよ。
感じてしまって大丈夫です。",Anh có muốn thử cảm giác cọ chân nhanh hơn một chút không?
CommonEvents,373,アフターケア3-2,アフターケア3,18+_AfterCare,セラ,\C[4]セラ,"女の子の体で欲情するのは普通のこと。
いたって普通の性癖です。",Để em tăng tốc độ lên xem anh chịu đựng được bao lâu nhé.
CommonEvents,373,アフターケア3-2,アフターケア3,18+_AfterCare,セラ,\C[4]セラ,"踏まれて射精できたらとっても男らしいですよ。
だから安心して精子のぼらせてください。",Xoẹt xoẹt xoẹt xoẹt...
CommonEvents,373,アフターケア3-2,アフターケア3,18+_AfterCare,セラ,\C[4]セラ,"速めに扱いて欲しいですか？
では……しこしこしこしこ。",Biểu cảm kiềm chế của anh trông kích thích lắm đấy.
CommonEvents,373,アフターケア3-2,アフターケア3,18+_AfterCare,セラ,\C[4]セラ,"スピードが速くても雑にならないよう
丁寧に足を動かしますよ。","Dù tốc độ nhanh nhưng em vẫn di chuyển chân cẩn thận
để không bị thô bạo đâu."
CommonEvents,373,アフターケア3-2,アフターケア3,18+_AfterCare,セラ,\C[4]セラ,"痛みは絶対に伴わないよう、気持ちよさだけを
おちんちんに与えてあげます。","Tuyệt đối không gây đau đớn, em sẽ chỉ mang lại sự sướng khoái
cho con cu của anh thôi."
CommonEvents,373,アフターケア3-2,アフターケア3,18+_AfterCare,セラ,\C[4]セラ,"足コキは意地悪なイメージがありますが、
時には足に甘えたい時もありますもんね。","Mọi người hay nghĩ cọ chân là hành động xấu xa,
nhưng đôi khi anh cũng muốn làm nũng với đôi chân đúng không?"
CommonEvents,373,アフターケア3-2,アフターケア3,18+_AfterCare,セラ,\C[4]セラ,"そんな需要も私が満たしてあげます。
しこしこしこしこ……♡","Nhu cầu đó em cũng sẽ đáp ứng cho anh.
Sột soạt sột soạt...♡"
CommonEvents,373,アフターケア3-2,アフターケア3,18+_AfterCare,セラ,\C[4]セラ,"いいですよ。
私の足の間でぴゅってしましょう。","Tốt lắm.
Hãy bắn phọt ra giữa hai chân em đi nào."
CommonEvents,373,アフターケア3-2,アフターケア3,18+_AfterCare,セラ,\C[4]セラ,"はい、ぴゅるる～♡
熱いお精子出せましたね。","Đó, phọt phọt~♡
Bắn ra toàn tinh dịch nóng hổi rồi kìa."
CommonEvents,373,アフターケア3-2,アフターケア3,18+_AfterCare,セラ,\C[4]セラ,"足でゆっくりしごきあげて尿道に残ってるのも
ちゃんと搾り取ってあげます。","Em sẽ dùng chân từ từ vắt cạn phần tinh dịch còn sót lại
trong niệu đạo cho anh nhé."
CommonEvents,373,アフターケア3-2,アフターケア3,18+_AfterCare,,,装備品\c[1]「ヒールハート」\c[0]を手に入れた！,Đã nhận được Trang bị \c[1]Trái Tim Chữa Lành\c[0]!
CommonEvents,374,アフターケア4-1,アフターケア4,18+_AfterCare,セラ,\C[4]セラ,先日お酒を飲みましたが、あまりあの時の記憶が無いんですよね……。,"Hôm nọ em có uống chút rượu, nhưng ký ức lúc đó em không nhớ rõ lắm..."
CommonEvents,374,アフターケア4-1,アフターケア4,18+_AfterCare,セラ,\C[4]セラ,"私、酔っていましたか？
変なことを言ってしまっていませんか？","Em có bị say quá không?
Có lỡ nói điều gì kỳ lạ không anh?"
CommonEvents,374,アフターケア4-1,アフターケア4,18+_AfterCare,[Choice],[Choice],こと細かく教える,Kể lại chi tiết
CommonEvents,374,アフターケア4-1,アフターケア4,18+_AfterCare,[Choice],[Choice],ごまかす,Nói lảng sang chuyện khác
CommonEvents,374,アフターケア4-1,アフターケア4,18+_AfterCare,セラ,\C[4]セラ,"へっ……？
私がそんなことを……？","Hả...?
Em mà lại làm thế sao...?"
CommonEvents,374,アフターケア4-1,アフターケア4,18+_AfterCare,セラ,\C[4]セラ,"そ、そんなはずは……。
ナースである私がそんなふしだらなことをするはずが……！","S-Sao có thể như thế được...
Em là y tá sao lại làm chuyện phóng đãng như vậy chứ...!"
CommonEvents,374,アフターケア4-1,アフターケア4,18+_AfterCare,セラ,\C[4]セラ,……お願いします、忘れてください……。,"...Xin anh đấy, hãy quên chuyện đó đi..."
CommonEvents,374,アフターケア4-1,アフターケア4,18+_AfterCare,セラ,\C[4]セラ,"少々機嫌が良くなっていた？
そうですか。","Tâm trạng em lúc đó có vẻ tốt hơn một chút sao?
Vậy à."
CommonEvents,374,アフターケア4-1,アフターケア4,18+_AfterCare,セラ,\C[4]セラ,"なのに記憶を無くしてしまうなんて
なんだかもったいないですね。","Vậy mà lại mất trí nhớ
thì hơi tiếc nhỉ."
CommonEvents,374,アフターケア4-1,アフターケア4,18+_AfterCare,セラ,\C[4]セラ,"次飲酒する際は今みたいに
自分の様子を録画してみても良いかもしれません。","Lần sau uống rượu có lẽ em nên
ghi hình lại bộ dạng của mình như bây giờ xem sao."
CommonEvents,374,アフターケア4-1,アフターケア4,18+_AfterCare,セラ,\C[4]セラ,"この間のカウントダウンは
お気に召していただいたみたいですね。","Màn đếm ngược lần trước
có vẻ như anh rất thích nhỉ."
CommonEvents,374,アフターケア4-1,アフターケア4,18+_AfterCare,セラ,\C[4]セラ,私としても良いデータが取れました。,Bản thân em cũng thu thập được dữ liệu rất tốt.
CommonEvents,374,アフターケア4-1,アフターケア4,18+_AfterCare,セラ,\C[4]セラ,"アフターケアにも使えそうでしょうか。
試してみましょう。","Có vẻ ứng dụng vào Aftercare được đấy.
Chúng ta thử xem sao nhé."
CommonEvents,374,アフターケア4-1,アフターケア4,18+_AfterCare,セラ,\C[4]セラ,3……♡,3……♡
CommonEvents,374,アフターケア4-1,アフターケア4,18+_AfterCare,セラ,\C[4]セラ,2……♡,2……♡
CommonEvents,374,アフターケア4-1,アフターケア4,18+_AfterCare,セラ,\C[4]セラ,1……♡,1……♡
CommonEvents,374,アフターケア4-1,アフターケア4,18+_AfterCare,セラ,\C[4]セラ,ちゅっ♡,Chụt♡
CommonEvents,374,アフターケア4-1,アフターケア4,18+_AfterCare,セラ,\C[4]セラ,"どうですか？
普通のちゅーよりドキドキしましたか？","Thế nào?
Anh có thấy hồi hộp hơn nụ hôn bình thường không?"
CommonEvents,374,アフターケア4-1,アフターケア4,18+_AfterCare,セラ,\C[4]セラ,またあのサキュバスに会いに行ってたんですね。,Anh lại đến gặp cô ả Succubus đó nữa rồi đúng không.
CommonEvents,374,アフターケア4-1,アフターケア4,18+_AfterCare,セラ,\C[4]セラ,"……おっと、すみません。
ケアの最中は叱責しない約束でした。","...Ối, xin lỗi anh.
Em đã hứa là không mắng mỏ trong lúc Aftercare rồi mà."
CommonEvents,374,アフターケア4-1,アフターケア4,18+_AfterCare,セラ,\C[4]セラ,"その……あなたが彼女と話す時、
私の時より距離が近い気がするのです。","Chuyện là... khi anh nói chuyện với cô ta,
em có cảm giác khoảng cách gần hơn so với lúc ở cạnh em."
CommonEvents,374,アフターケア4-1,アフターケア4,18+_AfterCare,セラ,\C[4]セラ,"物理的な距離ではなく、精神的な距離と言いますか……。
友人のような空気感と言いますか……。","Không phải khoảng cách vật lý, mà là khoảng cách tinh thần...
Giống như bầu không khí của những người bạn vậy..."
CommonEvents,374,アフターケア4-1,アフターケア4,18+_AfterCare,セラ,\C[4]セラ,"あぁ、だめです。彼女の話は機嫌が悪くなってしまいます。
別の話をしましょう。","À, không được rồi. Nhắc đến cô ta là tâm trạng em lại tồi tệ đi.
Mình nói chuyện khác đi."
CommonEvents,374,アフターケア4-1,アフターケア4,18+_AfterCare,セラ,\C[4]セラ,先日の子供になる薬はいわゆる若返り薬の一種です。,Loại thuốc biến thành trẻ con hôm nọ là một loại thuốc trẻ hóa.
CommonEvents,374,アフターケア4-1,アフターケア4,18+_AfterCare,セラ,\C[4]セラ,"身体の自然治癒力を強化する薬を作ろうとした結果
副産物として生まれたとか。","Nghe nói nó là sản phẩm phụ sinh ra trong quá trình
tạo ra loại thuốc tăng cường khả năng tự chữa lành của cơ thể."
CommonEvents,374,アフターケア4-1,アフターケア4,18+_AfterCare,セラ,\C[4]セラ,"また、おちんちん小っちゃくしてもらって
大きい私に甘えたいですか？","Anh lại muốn biến con cu nhỏ lại
rồi làm nũng với cơ thể to lớn của em sao?"
CommonEvents,374,アフターケア4-1,アフターケア4,18+_AfterCare,セラ,\C[4]セラ,"精通した時みたいな気持ち良い射精、
またしたいですか？","Anh lại muốn xuất tinh sướng
như lần mộng tinh đầu tiên đúng không?"
CommonEvents,374,アフターケア4-1,アフターケア4,18+_AfterCare,セラ,\C[4]セラ,じゃあ、後であの薬、また飲んじゃいましょうか♡,Thế thì tí nữa chúng ta lại uống loại thuốc đó tiếp nhé♡
CommonEvents,374,アフターケア4-1,アフターケア4,18+_AfterCare,セラ,\C[4]セラ,"さ、こちらをお飲みください。
また私がお姉ちゃんになってあげます♡","Nào, xin hãy uống cái này.
Em sẽ lại làm chị gái của anh nhé♡"
CommonEvents,375,アフターケア4-2,アフターケア4,18+_AfterCare,セラ,\C[4]セラ,"……っ♡
そう呼ばれるのは効きますね……。","... ah♡
Bị gọi như vậy kích thích thật đấy..."
CommonEvents,375,アフターケア4-2,アフターケア4,18+_AfterCare,セラ,\C[4]セラ,"こほん。
はい、お姉ちゃんですよ。","Khụ.
Vâng, chị gái đây."
CommonEvents,375,アフターケア4-2,アフターケア4,18+_AfterCare,セラ,\C[4]セラ,"どうしたのかな僕くん。
甘えたくてお姉ちゃんのこと呼んだのかな？","Sao thế bé ngoan.
Muốn làm nũng nên gọi chị gái à?"
CommonEvents,375,アフターケア4-2,アフターケア4,18+_AfterCare,セラ,\C[4]セラ,"もっと呼んでいいよ。
私はあなただけのお姉ちゃんだから。","Cứ gọi nhiều nữa đi.
Chị là chị gái của riêng em mà."
CommonEvents,375,アフターケア4-2,アフターケア4,18+_AfterCare,セラ,\C[4]セラ,"遠慮せずに体重かけていいよ。
お姉ちゃんは自分のものだって主張していいんだよ。","Đừng ngại mà cứ dựa hẳn vào chị đi.
Em có quyền khẳng định chị gái là của riêng em mà."
CommonEvents,375,アフターケア4-2,アフターケア4,18+_AfterCare,セラ,\C[4]セラ,"んっ……♡
小さいおちんちんを頑張って奥に挿入していますね。","Ưm... ah♡
Em đang cố gắng đưa con cu nhỏ vào sâu bên trong nhỉ."
CommonEvents,375,アフターケア4-2,アフターケア4,18+_AfterCare,セラ,\C[4]セラ,"お姉ちゃんを気持ちよくしたくて
頑張っているんですか？","Em đang cố gắng
để làm chị sướng sao?"
CommonEvents,375,アフターケア4-2,アフターケア4,18+_AfterCare,セラ,\C[4]セラ,必死になっててすっごく可愛いです。,Em liều mạng cố gắng trông đáng yêu lắm.
CommonEvents,375,アフターケア4-2,アフターケア4,18+_AfterCare,セラ,\C[4]セラ,"子宮口に全然届いていないのに、
お股がきゅんきゅんしちゃいます……。","Hoàn toàn chưa chạm đến cửa tử cung,
mà háng chị đã co thắt lại rồi..."
CommonEvents,375,アフターケア4-2,アフターケア4,18+_AfterCare,セラ,\C[4]セラ,"イく時もちゃんと種付けできるように
お腰ぐりぐりってしましょうね","Để lúc ra cũng có thể cấy giống đàng hoàng
thì hãy ngoáy hông đi nhé."
CommonEvents,375,アフターケア4-2,アフターケア4,18+_AfterCare,セラ,\C[4]セラ,"今のあなたにおまんこの刺激は強すぎますから
ゆっくり慣らしていきましょう。","Kích thích từ chỗ đó của chị bây giờ quá mạnh với em
nên hãy từ từ làm quen nhé."
CommonEvents,375,アフターケア4-2,アフターケア4,18+_AfterCare,セラ,\C[4]セラ,"お腰を、へこ、へこと動かすんですよ。
んっ……♡","Hãy di chuyển hông, thụt, thụt nhé.
Ưm... ah♡"
CommonEvents,375,アフターケア4-2,アフターケア4,18+_AfterCare,セラ,\C[4]セラ,"良い調子です。きっと中で皮が剥けて
大人ちんちんになっていると思います。","Tiến triển tốt đấy. Chắc chắn bên trong da đã lột ra
và trở thành con cu người lớn rồi."
CommonEvents,375,アフターケア4-2,アフターケア4,18+_AfterCare,セラ,\C[4]セラ,"亀頭への刺激はとても強いですが、
腰を引かないように頑張れますか？","Kích thích vào quy đầu rất mạnh,
nhưng em cố gắng đừng lùi hông lại nhé?"
CommonEvents,375,アフターケア4-2,アフターケア4,18+_AfterCare,セラ,\C[4]セラ,"んっ、ピストンでお返事えらいです。
恰好良いですよ。","Ưm, đáp lại bằng cách nhấp giỏi lắm.
Trông bảnh lắm đấy."
CommonEvents,375,アフターケア4-2,アフターケア4,18+_AfterCare,セラ,\C[4]セラ,"んっ……へこへこするのお上手です。
身体は小さくても男の子ですね。","Ưm... thụt ra thụt vào giỏi lắm.
Dù cơ thể nhỏ bé nhưng vẫn là con trai nhỉ."
CommonEvents,375,アフターケア4-2,アフターケア4,18+_AfterCare,セラ,\C[4]セラ,"がんばれがんばれ。
セックスがんばれ。","Cố lên cố lên.
Làm tình cố lên."
CommonEvents,375,アフターケア4-2,アフターケア4,18+_AfterCare,セラ,\C[4]セラ,"全力で腰を振ってもこの体格差では
私の体はビクともしませんからご遠慮なくどうぞ。","Dù em có dập hông hết sức thì với chênh lệch thể hình này
cơ thể chị cũng không hề hấn gì đâu, nên cứ tự nhiên nhé."
CommonEvents,375,アフターケア4-2,アフターケア4,18+_AfterCare,セラ,\C[4]セラ,"んっ♡　腰が打ち付けられてぺち、ぺちと
乾いた音が鳴ってえっちですね。","Ưm♡ Hông đập vào nhau tạo ra âm thanh bép, bép
khô khốc nghe dâm đãng quá nhỉ."
CommonEvents,375,アフターケア4-2,アフターケア4,18+_AfterCare,セラ,\C[4]セラ,"興奮して愛液が溢れてしまいます。
あなたもお好きにお漏らししてくださいね。","Chị hưng phấn quá nên dâm dịch trào ra rồi.
Em cũng cứ thoải mái rỉ nước ra đi nhé."
CommonEvents,375,アフターケア4-2,アフターケア4,18+_AfterCare,セラ,\C[4]セラ,"もうぴゅってしますか？
はい、どうぞ中出ししてください。","Em sắp bắn phọt ra rồi sao?
Vâng, xin hãy xuất tinh trong đi."
CommonEvents,375,アフターケア4-2,アフターケア4,18+_AfterCare,セラ,\C[4]セラ,"んっ、う……っ♡
沢山出てます、いい子ですよ。","Ưm, ư... ah♡
Ra nhiều lắm, bé ngoan."
CommonEvents,375,アフターケア4-2,アフターケア4,18+_AfterCare,セラ,\C[4]セラ,"この姿になると、いつも以上に
甘えんぼするのがお上手になりますね。","Trở thành hình dáng này,
em làm nũng giỏi hơn bình thường đấy."
CommonEvents,375,アフターケア4-2,アフターケア4,18+_AfterCare,,,装備品\c[1]「ミラーハート」\c[0]を手に入れた！,Đã nhận được Trang bị \c[1]Gương Trái Tim\c[0]!
CommonEvents,376,アフターケア5-1,アフターケア5,18+_AfterCare,サキュバス,\C[5]サキュバス,"天使ちゃんって秘密主義だし嫉妬深いし
すぐキレるし何がいいの？","Đồ bơi này của em thế nào ạ?
Bộ ngực phập phồng căng tròn đúng không?"
CommonEvents,376,アフターケア5-1,アフターケア5,18+_AfterCare,サキュバス,\C[5]サキュバス,"お兄さんって面倒くさい女が好きなタイプ？
苦労するよ～？","Hê hê♡ Cứ ngắm thoải mái đi nhé.
Tiện thể làm cho con cu anh cứng ngắc luôn nào♡"
CommonEvents,376,アフターケア5-1,アフターケア5,18+_AfterCare,[Choice],[Choice],セラさんのこと嫌い？,"A~a, cứng ngắc mất rồi kìa♡
Muốn được em chữa lành bằng bộ ngực này lắm đúng không?♡"
CommonEvents,376,アフターケア5-1,アフターケア5,18+_AfterCare,サキュバス,\C[5]サキュバス,"うん。
だって天使だもん。","Hì hì, được thôi♡
Em sẽ cưng nựng anh bằng cặp núi đôi trơn mịn này nhé♡"
CommonEvents,376,アフターケア5-1,アフターケア5,18+_AfterCare,サキュバス,\C[5]サキュバス,"まぁ、すぐ浄化しようとしてくる
他の天使よりはましだけど。","Nào, mau úp mặt anh vào ngực em đi♡
Súp súp...♡"
CommonEvents,376,アフターケア5-1,アフターケア5,18+_AfterCare,サキュバス,\C[5]サキュバス,"からかって遊べるから
天使の中では一番好きだよ？","Ưm... ah♡
Được kẹp mặt vào ngực sướng lắm đúng không?♡"
CommonEvents,376,アフターケア5-1,アフターケア5,18+_AfterCare,サキュバス,\C[5]サキュバス,"お兄さんのことどう思ってるか知りたいの？
もちろんだ～い好きだよ♡","Cứ vùi mặt vào ngực em
rồi sướng đi nhé."
CommonEvents,376,アフターケア5-1,アフターケア5,18+_AfterCare,サキュバス,\C[5]サキュバス,"私のお店を懇意にしてれる人は
みんな大好き♡","Ưm... ah♡
Bắn xa quá...♡"
CommonEvents,376,アフターケア5-1,アフターケア5,18+_AfterCare,サキュバス,\C[5]サキュバス,"……なんて、他のお客さんに嫉妬しちゃった？
大丈夫、一番好きなのはお兄さんだよ♡","Ngoan ngoan.
Thế này là có sức cho buổi trị liệu tiếp theo rồi nhé."
CommonEvents,376,アフターケア5-1,アフターケア5,18+_AfterCare,サキュバス,\C[5]サキュバス,"だってお兄さんは商品を買ってくれるだけじゃなくて
イジっても面白いもん。","Thế nào? Được em liếm tai có sướng không?♡
Chẹp chẹp chẹp...♡"
CommonEvents,376,アフターケア5-1,アフターケア5,18+_AfterCare,サキュバス,\C[5]サキュバス,"こんな風に……ちょっと悪戯すると
すぐ顔あか～くするんだもん……♡","Đầu lưỡi trơn trượt ngoáy sâu vào trong ear nà♡
Ưm... ah♡"
CommonEvents,376,アフターケア5-1,アフターケア5,18+_AfterCare,サキュバス,\C[5]サキュバス,"こんな面白い人、中々いないよ？
いっそのこと私のものにしちゃおっかな～……♡","Anh thở dốc dâm đãng quá đấy♡
Thích đến mức đó sao?♡"
CommonEvents,376,アフターケア5-1,アフターケア5,18+_AfterCare,サキュバス,\C[5]サキュバス,"私に買われたくなったらいつでも言ってね？♡
なんちゃって♡　くすくすくす……♡","Vậy em sẽ liếm sâu hơn nữa nhé♡
Chẹp chẹp chẹp...♡"
CommonEvents,376,アフターケア5-1,アフターケア5,18+_AfterCare,サキュバス,\C[5]サキュバス,"え？　モンスター娘に甘えようとしてる？
お兄さん危機管理能力無いの？","Ưm... ah♡
Con cu giật bắn lên rồi kìa♡"
CommonEvents,376,アフターケア5-1,アフターケア5,18+_AfterCare,サキュバス,\C[5]サキュバス,"まぁ、うちのお得意様だしちょっとくらいは
サービスしてあげてもいいけど。","Bắn hết tinh dịch vào miệng em đi nào...♡
Chẹp...♡"
CommonEvents,376,アフターケア5-1,アフターケア5,18+_AfterCare,サキュバス,\C[5]サキュバス,ほら、こっちおいで。,"Nào, chột chột...♡
Ra nhiều tinh dịch ướt đẫm miệng em rồi nà♡"
CommonEvents,376,アフターケア5-1,アフターケア5,18+_AfterCare,サキュバス,\C[5]サキュバス,"よしよし。
お兄さんはいつも頑張ってえらいね。","Ngoan lắm♡
Uống hết tinh dịch của anh rồi nhé♡"
CommonEvents,376,アフターケア5-1,アフターケア5,18+_AfterCare,サキュバス,\C[5]サキュバス,"私の前では気を張らなくて良いよ。
肩の力なんて抜いちゃえ。","Anh trai à, anh có biết khuôn mặt lúc được chữa lành của anh trông dâm đục lắm không?♡"
CommonEvents,376,アフターケア5-1,アフターケア5,18+_AfterCare,サキュバス,\C[5]サキュバス,"……はいおしまーい。
ここから先は有料でーす♡","Mắt thì đờ đẫn, miệng thì há ra thở dốc...♡
Trông như con sâu tinh dịch vậy♡"
CommonEvents,376,アフターケア5-1,アフターケア5,18+_AfterCare,サキュバス,\C[5]サキュバス,"うわ～、サキュバスにおねだりするなんて
お兄さん悪いんだ～……♡","Nhưng mà em thích dáng vẻ đó của anh lắm đấy♡
Trông đáng yêu chết đi được♡"
CommonEvents,376,アフターケア5-1,アフターケア5,18+_AfterCare,サキュバス,\C[5]サキュバス,"普通淫魔にこんなことされたら
ただじゃ済まないんだよ？♡","Nên lần sau lại để em chữa lành cho anh nhé♡
Hì hì♡"
CommonEvents,376,アフターケア5-1,アフターケア5,18+_AfterCare,サキュバス,\C[5]サキュバス,"なのにタダで味わおうなんてズルいよね？
こういうのはもっと背徳的な状況じゃないと♡","Chà~, anh trai thích được thổi kèn bằng miệng thế cơ à?♡"
CommonEvents,376,アフターケア5-1,アフターケア5,18+_AfterCare,サキュバス,\C[5]サキュバス,"そうだなぁ、今の無防備なお兄さんなら
金玉に淫紋を刻んで奴隷にできちゃうかも？♡",Được một Succubus dâm mát như em mút cu thì sướng phải biết nhỉ♡
CommonEvents,376,アフターケア5-1,アフターケア5,18+_AfterCare,サキュバス,\C[5]サキュバス,"……うわ、嬉しそうな顔してる♡
冗談ですよ～ドMの変態さん♡","Nào, em sẽ ngậm trọn con cu của anh vào miệng nhé♡
Chụtttt...♡"
CommonEvents,376,アフターケア5-1,アフターケア5,18+_AfterCare,サキュバス,\C[5]サキュバス,"本当に奴隷にするなら、もっと屈辱的な忠誠の誓わせ方
させてあげないと面白くないしね……？♡","Ưm... ah♡
Quy đầu nóng hổi sưng to trong miệng em rồi nà♡"
CommonEvents,376,アフターケア5-1,アフターケア5,18+_AfterCare,サキュバス,\C[5]サキュバス,"え～？　天使ちゃんじゃなくて私にすがるの？
しょうがないお兄さんだな～♡","Đầu lưỡi em sẽ liếm mút xung quanh rãnh quy đầu nhé♡
Chẹp chẹp...♡"
CommonEvents,377,アフターケア5-2,アフターケア5,18+_AfterCare,サキュバス,\C[5]サキュバス,"自分から馬鹿にしてもらおうとするなんて
お兄さんらしいね？♡　くすくす♡","Sướng đến mức rên rỉ rồi kìa♡
Đúng là tên M cuồng dâm mà♡"
CommonEvents,377,アフターケア5-2,アフターケア5,18+_AfterCare,サキュバス,\C[5]サキュバス,"ほらほら、サキュバスちゃんのちっちゃいお口に
お兄さんは勝てるかな～？♡","Cứ dập hông vào miệng em thỏa thích đi nào♡
Chụt chụt...♡"
CommonEvents,377,アフターケア5-2,アフターケア5,18+_AfterCare,サキュバス,\C[5]サキュバス,"おちんちんもちっちゃいから互角かな～？♡
がんばれがんばれ～♡","Bắn tinh vào sâu trong cổ họng em đi!♡
Ưm... ah♡"
CommonEvents,377,アフターケア5-2,アフターケア5,18+_AfterCare,サキュバス,\C[5]サキュバス,"うわ～、応援されてぴくぴくしてる♡
こんなので背伸びしたつもり？♡","Phọt phọt phọt~♡
Tinh dịch nóng hổi trào dâng trong miệng rồi nà♡"
CommonEvents,377,アフターケア5-2,アフターケア5,18+_AfterCare,サキュバス,\C[5]サキュバス,"全然大きくなってないですよ～♡
勝つ気ないんですか～？♡　あははっ♡","Ưm... nuốt ực...♡
Tinh dịch của anh trai ngọt và ngon lắm đấy♡"
CommonEvents,377,アフターケア5-2,アフターケア5,18+_AfterCare,サキュバス,\C[5]サキュバス,"裏筋舐めてあげるね？
れろれろれろ……♡","Anh trai à, anh vừa bị ngực em ép chặt vừa bị mút cu sướng lắm đúng không?♡"
CommonEvents,377,アフターケア5-2,アフターケア5,18+_AfterCare,サキュバス,\C[5]サキュバス,"ここばっかり責めたら、ひとしごきもせずに
出ちゃうのかな？","Hai quả núi đôi mềm mại này đang kẹp lấy con cu của anh đấy♡
Súp súp...♡"
CommonEvents,377,アフターケア5-2,アフターケア5,18+_AfterCare,サキュバス,\C[5]サキュバス,"それってとっても無様で情けないよね♡
お兄さんみたいなマゾにぴったりだよ？♡","Vừa kẹp ngực vừa dùng miệng mút quy đầu cho anh nhé♡
Chụttttt...♡"
CommonEvents,377,アフターケア5-2,アフターケア5,18+_AfterCare,サキュバス,\C[5]サキュバス,"ほら、みっともない射精ができるように
私が手伝ってあげる♡　れろれろれろ♡",Cảm giác bao bọc hai lần thế này sướng phát điên luôn đúng không?♡
CommonEvents,377,アフターケア5-2,アフターケア5,18+_AfterCare,サキュバス,\C[5]サキュバス,"うわ～、喜んでるし♡
だっさ～い♡","Anh không thể chịu đựng nổi nữa rồi chứ gì?♡
Cứ bắn hết ra đi nào!♡"
CommonEvents,377,アフターケア5-2,アフターケア5,18+_AfterCare,サキュバス,\C[5]サキュバス,"んっ♡　ちゅぷっ♡
れろっ……ちゅっ……♡","Bắn đầy lên ngực và miệng em đi!♡
Phọt phọt phọt...♡"
CommonEvents,377,アフターケア5-2,アフターケア5,18+_AfterCare,サキュバス,\C[5]サキュバス,"腰をへこへこさせてどうしたんですか～？♡
もしかして、お口犯してるつもりだった？♡","Ưm... ah♡
Tinh dịch dính đầy lên ngực em rồi nà♡"
CommonEvents,377,アフターケア5-2,アフターケア5,18+_AfterCare,サキュバス,\C[5]サキュバス,"え～そうなんだ～♡　ゆっくりすぎて
ただへっぴり腰になっただけかと思ってた♡","Đúng là đồ biến thái dâm đục♡
Nhưng em thích lắm đấy♡"
CommonEvents,377,アフターケア5-2,アフターケア5,18+_AfterCare,サキュバス,\C[5]サキュバス,"悔しかったらもっと格好良く腰突き出してよ♡
もちろん舌の動きは止めてあげないけど♡","Nào anh trai, mau cưỡi lên miệng em đi♡"
CommonEvents,377,アフターケア5-2,アフターケア5,18+_AfterCare,サキュバス,\C[5]サキュバス,"ちゅぷっ、ちゅぱっ、くぷっ♡
んふふ♡　そーそー、上手上手♡","Em sẽ dùng lưỡi liếm sạch từ nếp gấp bẹn đến tận hậu môn cho anh nhé♡
Chẹp chẹp...♡"
CommonEvents,377,アフターケア5-2,アフターケア5,18+_AfterCare,サキュバス,\C[5]サキュバス,"ちゅっ、んっ♡　ちゅぷっ♡
くぽっ♡　やっ、んっ♡","Chụt, ưm♡ Chẹp chẹp♡
Ưm... ah♡"
CommonEvents,377,アフターケア5-2,アフターケア5,18+_AfterCare,サキュバス,\C[5]サキュバス,"腰振りはや～い♡
お兄さんにお口犯されちゃう～♡","Anh dập hông nhanh quá đấy♡
Miệng em bị anh cưỡng ép dập liên tục rồi nè~♡"
CommonEvents,377,アフターケア5-2,アフターケア5,18+_AfterCare,サキュバス,\C[5]サキュバス,"こんなに突かれたら私イっちゃうかもぉ♡
人間に負けるなんてやだやだぁ♡","Bị dập mãnh liệt thế này có khi em ra mất thôi♡
Thua một con người thì xấu hổ chết đi được~♡"
CommonEvents,377,アフターケア5-2,アフターケア5,18+_AfterCare,サキュバス,\C[5]サキュバス,"んっ♡　ふふっ♡
何ムキになってるの？♡　真に受けた？♡","Ưm♡ Hì hì♡
Sao anh lại nghiêm túc thế?♡ Anh tin thật đấy à?♡"
CommonEvents,377,アフターケア5-2,アフターケア5,18+_AfterCare,サキュバス,\C[5]サキュバス,"お兄さんの負けは最初から確定してるのに
頑張って滑稽でちゅね～♡","Thất bại của anh trai đã được định sẵn từ đầu rồi mà,
cố gắng trông buồn cười quá đi thôi~♡"
CommonEvents,377,アフターケア5-2,アフターケア5,18+_AfterCare,サキュバス,\C[5]サキュバス,"え～もうイっちゃうの？
もっといじめたかったのに、ちんちん雑魚すぎ～♡","Hế~ đã sắp ra rồi sao?
Em còn muốn hành hạ anh thêm chút nữa mà, con cu yếu đuối quá đi~♡"
CommonEvents,377,アフターケア5-2,アフターケア5,18+_AfterCare,サキュバス,\C[5]サキュバス,"でも、いいよ？♡
お口で受け止めてあげる♡","Nhưng mà, được thôi♡
Em sẽ dùng miệng tiếp nhận tất cả♡"
CommonEvents,377,アフターケア5-2,アフターケア5,18+_AfterCare,サキュバス,\C[5]サキュバス,"んっ……♡　ずろろ～……♡
精子おいし……っ♡","Ưm... ah♡ Sụt sụt...♡
Tinh dịch ngon quá...♡"
CommonEvents,377,アフターケア5-2,アフターケア5,18+_AfterCare,サキュバス,\C[5]サキュバス,"尿道にお残しはだめだよ？♡
全部ちょうだい♡　ちゅ～……っ♡","Không được để lại chút nào trong niệu đạo đâu nhé?♡
Cho em xin hết đi♡ Chụttt...♡"
CommonEvents,377,アフターケア5-2,アフターケア5,18+_AfterCare,サキュバス,\C[5]サキュバス,"んふふ♡　やっぱり私、甘く意地悪されて
煮詰まったお兄さんの子種だ～い好き……♡","Ưm hừm♡ Quả nhiên em thích nhất là tinh dịch đặc quánh
của anh trai sau khi bị em hành hạ dịu dàng dâm mát...♡"
CommonEvents,377,アフターケア5-2,アフターケア5,18+_AfterCare,,,装備品\c[1]「ドレインハート」\c[0]を手に入れた！,Đã nhận meo Trang bị \c[1]Trái Tim Hút Máu\c[0]!
CommonEvents,378,アフターケア6-1,アフターケア6,18+_AfterCare,セラ,\C[4]セラ,"あのバニー衣装をどこで買ったか、ですか？
えっと、それは……。","Anh hỏi em mua bộ trang phục thỏ đó ở đâu sao?
Ờm, chuyện đó thì..."
CommonEvents,378,アフターケア6-1,アフターケア6,18+_AfterCare,セラ,\C[4]セラ,その、例のサキュバスの店でおすすめされまして……。,"Thì là, được cô ả Succubus đó gợi ý..."
CommonEvents,378,アフターケア6-1,アフターケア6,18+_AfterCare,セラ,\C[4]セラ,"彼女が悪いんです。あれを着ればあなたが私に
メロメロになって治療も上手くいくと言葉巧みに……。","Tại cô ta cả đấy. Cô ta bảo mặc bộ đó vào thì anh sẽ
mê mệt em và việc trị liệu sẽ vô cùng thuận lợi, khéo miệng dụ dỗ..."
CommonEvents,378,アフターケア6-1,アフターケア6,18+_AfterCare,セラ,\C[4]セラ,"まぁ……結果的に言われた通りに
なってはいますが……。",Mà... kết quả thì đúng là diễn ra đúng như lời cô ta nói thật...
CommonEvents,378,アフターケア6-1,アフターケア6,18+_AfterCare,セラ,\C[4]セラ,くっ……なんだか腹が立ってきました……！,Hừ... nghĩ lại tự nhiên thấy bực mình quá...!
CommonEvents,378,アフターケア6-1,アフターケア6,18+_AfterCare,セラ,\C[4]セラ,"私の使える魔法は色々ありますよ。
必要でないから使っていないだけで。","Phép thuật em dùng được có nhiều loại lắm.
Chỉ là vì không cần thiết nên em không dùng thôi."
CommonEvents,378,アフターケア6-1,アフターケア6,18+_AfterCare,セラ,\C[4]セラ,"例えば、そうですね……。
見えない手でものに触れる魔法などは便利ですよ。","Ví dụ như thế này...
Phép thuật chạm vào vật thể bằng bàn tay vô hình rất tiện lợi."
CommonEvents,378,アフターケア6-1,アフターケア6,18+_AfterCare,セラ,\C[4]セラ,"このように、直接手を出さずとも……、
こちょこちょこちょ～……と、くすぐったりできます。","Như thế này nè, dù không cần dùng tay trực tiếp...
Nhưng vẫn có thể nhột nhột nhột... kit kit kit... cọ ngứa cho anh được."
CommonEvents,378,アフターケア6-1,アフターケア6,18+_AfterCare,セラ,\C[4]セラ,"おや？　くすぐっているだけなのに
おちんちんが大きく……。","Ồ? Rõ ràng em chỉ đang làm nhột thôi mà
sao con cu của anh lại to lên..."
CommonEvents,378,アフターケア6-1,アフターケア6,18+_AfterCare,セラ,\C[4]セラ,"そこは触っていませんよ？
どうして勃起させているんですか？","Em đâu có chạm vào chỗ đó đâu?
Tại sao anh lại cương lên thế?"
CommonEvents,378,アフターケア6-1,アフターケア6,18+_AfterCare,セラ,\C[4]セラ,"こういうプレイもお好きなんですね。
しっかりカルテに記録しておきますから。","Ra là anh cũng thích kiểu chơi này nữa sao.
Em sẽ ghi chép cẩn thận vào hồ sơ bệnh án."
CommonEvents,378,アフターケア6-1,アフターケア6,18+_AfterCare,セラ,\C[4]セラ,"先日の喘ぐ演技を使った治療では
私の演技力に驚かれましたか？","Lần trị liệu trước em dùng diễn xuất rên rỉ,
anh có bất ngờ trước khả năng diễn xuất của em không?"
CommonEvents,378,アフターケア6-1,アフターケア6,18+_AfterCare,セラ,\C[4]セラ,"世の中には映像魔法で「そういった行為」を
記録したものがありまして、参考にしました。","Trên đời này có loại phép thuật hình ảnh ghi lại ""những hành vi đó"",
em đã xem tham khảo đấy."
CommonEvents,378,アフターケア6-1,アフターケア6,18+_AfterCare,セラ,\C[4]セラ,"他にも色々使おうとしていたフレーズが
あるのですが、披露してよろしいでしょうか？","Ngoài ra em còn chuẩn bị vài câu thoại khác nữa,
anh có muốn em thể hiện cho xem không?"
CommonEvents,378,アフターケア6-1,アフターケア6,18+_AfterCare,[Choice],[Choice],お願いします,Nhờ em thể hiện xem
CommonEvents,378,アフターケア6-1,アフターケア6,18+_AfterCare,[Choice],[Choice],それより言葉責めを,Thay vào đó hãy chửi rủa anh đi
CommonEvents,378,アフターケア6-1,アフターケア6,18+_AfterCare,セラ,\C[4]セラ,"あっ♡　あぁっ♡　だめっ♡
おまんこっ、変になっちゃうっ♡","Ah♡ A... ah♡ Không được đâu♡
Cô bé... sắp biến thành kỳ lạ mất thôi♡"
CommonEvents,378,アフターケア6-1,アフターケア6,18+_AfterCare,セラ,\C[4]セラ,"イくのやだっ♡　無理無理無理っ♡
イきたくなっ、もうイく♡　イくぅ……っ♡","Em không muốn ra đâu♡ Không được không được không được♡
Sắp ra rồi... ra mất... ra rồi...♡"
CommonEvents,378,アフターケア6-1,アフターケア6,18+_AfterCare,セラ,\C[4]セラ,"あぁ、あなたはやはり責められる方が
お好きでしたか。","À, ra là anh vẫn thích bị chửi rủa hành hạ hơn sao."
CommonEvents,378,アフターケア6-1,アフターケア6,18+_AfterCare,セラ,\C[4]セラ,"今はケアの最中なのに仕方ありませんね。
こほん。","Đang trong lúc Aftercare nhưng mà đành chịu vậy.
Khụ."
CommonEvents,378,アフターケア6-1,アフターケア6,18+_AfterCare,セラ,\C[4]セラ,"そんなおねだりをして恥ずかしく
ないんでしょうか。本当にマゾですね。","Cầu xin kiểu đó mà anh không thấy xấu hổ sao.
Đúng là đồ M cuồng dâm mà."
CommonEvents,378,アフターケア6-1,アフターケア6,18+_AfterCare,セラ,\C[4]セラ,"この変態。
性癖歪みすぎです。","Cái đồ biến thái này.
Gu tình dục lệch lạc quá mức rồi đấy."
CommonEvents,378,アフターケア6-1,アフターケア6,18+_AfterCare,セラ,\C[4]セラ,"……いかがですか？
興奮しましたか？","...Thế nào ạ?
Anh có thấy hưng phấn không?"
CommonEvents,378,アフターケア6-1,アフターケア6,18+_AfterCare,セラ,\C[4]セラ,"あっ、えっ、
急にどうされたんですか？","Ơ, hả,
Sao đột nhiên anh lại làm vậy?"
CommonEvents,378,アフターケア6-1,アフターケア6,18+_AfterCare,セラ,\C[4]セラ,"……甘えたかったんでしょうか。
不器用な人。","...Anh muốn làm nũng sao.
Đúng là người vụng về."
CommonEvents,378,アフターケア6-1,アフターケア6,18+_AfterCare,セラ,\C[4]セラ,"よしよし……。
いい子いい子。","Ngoan nào, ngoan nào...
Bé ngoan, bé ngoan."
CommonEvents,378,アフターケア6-1,アフターケア6,18+_AfterCare,セラ,\C[4]セラ,"今日はそういう気分なんですか？
じゃあ後でいっぱいハグしてあげます。","Hôm nay anh có tâm trạng như vậy sao?
Thế thì tí nữa em sẽ ôm anh thật nhiều nhé."
CommonEvents,378,アフターケア6-1,アフターケア6,18+_AfterCare,セラ,\C[4]セラ,"ぎゅ～ってくっつきながら
気持ちよくしちゃいますからね……♡","Ôm chặt lấy nhau
rồi làm cho anh sướng nhé...♡"
CommonEvents,378,アフターケア6-1,アフターケア6,18+_AfterCare,セラ,\C[4]セラ,"ではベッドにどうぞ。
あなたは楽にしていてください。","Vậy xin mời anh lên giường.
Anh cứ thả lỏng người ra nhé."
CommonEvents,379,アフターケア6-2,アフターケア6,18+_AfterCare,セラ,\C[4]セラ,"ぎゅ～……。
どうですか？　安心しますか？","Ôm chặt nào...
Thế nào? Anh có thấy an tâm không?"
CommonEvents,379,アフターケア6-2,アフターケア6,18+_AfterCare,セラ,\C[4]セラ,"……ふむ。
しかし鼻息が荒くなっているご様子。","...Hừm.
Nhưng mà hơi thở của anh dồn dập lên rồi kìa."
CommonEvents,379,アフターケア6-2,アフターケア6,18+_AfterCare,セラ,\C[4]セラ,"胸を押し付けられて興奮したんですね。
いいですよ、この柔らかさを感じてください。","Anh bị hưng phấn vì ngực em ép sát vào đúng không.
Không sao đâu, anh cứ việc cảm nhận sự mềm mại này đi."
CommonEvents,379,アフターケア6-2,アフターケア6,18+_AfterCare,セラ,\C[4]セラ,"ほら、今、あなたを興奮させるためだけに
おっぱいで媚びられていますよ。","Đó, bây giờ ngực em đang làm nũng với anh
chỉ để làm cho anh hưng phấn thôi đấy."
CommonEvents,379,アフターケア6-2,アフターケア6,18+_AfterCare,セラ,\C[4]セラ,優越感で精子をたっぷり作ってください。,Hãy tạo ra thật nhiều tinh dịch bằng sự ưu việt này đi nhé.
CommonEvents,379,アフターケア6-2,アフターケア6,18+_AfterCare,セラ,\C[4]セラ,"ちゅーしたいんですか？
いいですよ。","Anh muốn hôn sao?
Được thôi."
CommonEvents,379,アフターケア6-2,アフターケア6,18+_AfterCare,セラ,\C[4]セラ,"ちゅっ……れろ……っ♡
じゅるっ、ちゅうっ……♡","Chụt... chẹp...♡
Chụttt, chụt...♡"
CommonEvents,379,アフターケア6-2,アフターケア6,18+_AfterCare,セラ,\C[4]セラ,"好き……好きです……♡
れろれろ……じゅるる……っ♡","Thích... em thích anh lắm...♡
Chẹp chẹp... chụttt...♡"
CommonEvents,379,アフターケア6-2,アフターケア6,18+_AfterCare,セラ,\C[4]セラ,"ん……すみません、つい好意が漏れてしまいました。
あなたのケアだというのに。","Ưm... xin lỗi anh, em lỡ để lộ tình cảm ra mất rồi.
Dù đang là lúc chăm sóc cho anh."
CommonEvents,379,アフターケア6-2,アフターケア6,18+_AfterCare,セラ,\C[4]セラ,"でも、おちんちんが反応していますし
問題ないですよね？♡","Nhưng mà, con cu của anh phản ứng thế kia
thì chắc không sao đúng không?♡"
CommonEvents,379,アフターケア6-2,アフターケア6,18+_AfterCare,セラ,\C[4]セラ,"ちゅっ、じゅる……っ♡
好き……♡　好きですよ……♡","Chụt, chẹp...♡
Em thích anh...♡ Thích anh lắm...♡"
CommonEvents,379,アフターケア6-2,アフターケア6,18+_AfterCare,セラ,\C[4]セラ,"んっ……♡
おちんちんをおまんこで、よしよし……♡","Ưm... ah♡
Cô bé đang cưng nựng con cu của anh nà...♡"
CommonEvents,379,アフターケア6-2,アフターケア6,18+_AfterCare,セラ,\C[4]セラ,"スローセックスでじっくりと
おちんちんを硬く育てていきましょう。","Chúng ta hãy làm tình chậm rãi để từ từ
nuôi dưỡng cho con cu cứng ngắc hơn nhé."
CommonEvents,379,アフターケア6-2,アフターケア6,18+_AfterCare,セラ,\C[4]セラ,"亀頭が大きく張れば張るほど
気持ちよくなれますからね。","Quy đầu càng sưng to nở rộng
thì anh sẽ càng thấy sướng đấy."
CommonEvents,379,アフターケア6-2,アフターケア6,18+_AfterCare,セラ,\C[4]セラ,"あっ……♡　中でカリ首がいいところを
引っかいています……♡",Ah...♡ Bên trong rãnh quy đầu đang cạ vào đúng chỗ ngứa...♡
CommonEvents,379,アフターケア6-2,アフターケア6,18+_AfterCare,セラ,\C[4]セラ,"女の子を気持ちよくできるなんて
すごいですね。とっても偉い。","Làm cho con gái thấy sướng thế này
anh giỏi lắm đấy. Ngoan lắm."
CommonEvents,379,アフターケア6-2,アフターケア6,18+_AfterCare,セラ,\C[4]セラ,"少し本気で動かしますね。
はぁ……んっ……♡","Em sẽ nhấp thật sự một chút nhé.
Hà... ưm... ah♡"
CommonEvents,379,アフターケア6-2,アフターケア6,18+_AfterCare,セラ,\C[4]セラ,"こうも密着していると、
奥まで届いてしまいます……♡","Dính chặt thế này,
sẽ đụng vào tận sâu bên trong mất...♡"
CommonEvents,379,アフターケア6-2,アフターケア6,18+_AfterCare,セラ,\C[4]セラ,"腰を下ろす度、子宮口が
おちんちんに響きます……♡","Mỗi lần hạ hông xuống, cổ tử cung
lại va chạm với con cu...♡"
CommonEvents,379,アフターケア6-2,アフターケア6,18+_AfterCare,セラ,\C[4]セラ,"ピストンが止まらなくなってしま……んっ♡
気持ちいい……♡","Cảm giác cổ tử cung bị đụng vào sướng phát điên...♡
Ưm... ah♡"
CommonEvents,379,アフターケア6-2,アフターケア6,18+_AfterCare,セラ,\C[4]セラ,"すみません、少し刺激が強いかも
しれませんが、耐えて欲しいです……♡","Cứ dập hông vào sâu bên trong em nhé...♡
Bắn hết tinh dịch vào trong em đi...♡"
CommonEvents,379,アフターケア6-2,アフターケア6,18+_AfterCare,セラ,\C[4]セラ,"出てしまいますか？
分かりました。","Ưm, em... sắp ra rồi...♡"
CommonEvents,379,アフターケア6-2,アフターケア6,18+_AfterCare,セラ,\C[4]セラ,"腰振りは止めないので
お好きなタイミングでどうぞ。","Phù... ah♡ Phù... ah♡
Cảm ơn anh vì buổi trị liệu tuyệt vời...♡"
CommonEvents,379,アフターケア6-2,アフターケア6,18+_AfterCare,セラ,\C[4]セラ,"あっ……♡
出ていますね……♡",Đã nhận được Trang bị \c[1]Trái Tim Tốc Độ\c[0]!
CommonEvents,379,アフターケア6-2,アフターケア6,18+_AfterCare,セラ,\C[4]セラ,"腰をぐりぐりと押し付けて
しっかり搾り取りますからね……♡","Anh muốn thử nghiệm kiểu trị liệu mới sao?
Được thôi."
CommonEvents,379,アフターケア6-2,アフターケア6,18+_AfterCare,,,装備品\c[1]「グロウハート」\c[0]を手に入れた！,Lần này em sẽ dùng kỹ thuật cọ hông nhé.
CommonEvents,380,アフターケア7-1,アフターケア7,18+_AfterCare,セラ,\C[4]セラ,海に行った時あの水着を選んだ理由ですか？,"Dùng đùi và hông kẹp chặt lấy con cu anh,
rồi nhún nhẩy cọ xát..."
CommonEvents,380,アフターケア7-1,アフターケア7,18+_AfterCare,セラ,\C[4]セラ,一番速そうだったので。,"Sột soạt, sột soạt...♡"
CommonEvents,380,アフターケア7-1,アフターケア7,18+_AfterCare,セラ,\C[4]セラ,"ですが、実際に行ってみると泳ぐよりも
あなたとはしゃぐ時間の方が多かったです。","Thế nào? Cảm giác quy đầu bị cọ xát thế này
sướng lắm đúng không?"
CommonEvents,380,アフターケア7-1,アフターケア7,18+_AfterCare,セラ,\C[4]セラ,"フリルの付いた水着など泳ぐのに非効率だと
思っていましたが、人気な理由が分かりました。",Dâm dịch của em trào ra làm trơn trượt hết rồi nà.
CommonEvents,380,アフターケア7-1,アフターケア7,18+_AfterCare,セラ,\C[4]セラ,"あれは、共に時間を過ごす相手に
見せるための装飾なのですね。",Anh cứ thoải mái xuất tinh lên đùi em nhé.
CommonEvents,380,アフターケア7-1,アフターケア7,18+_AfterCare,セラ,\C[4]セラ,"食レポが上手だった……？
あぁ、食べ物の感想を述べることですか。",Bắn ra thật nhiều tinh dịch nóng hổi nào...♡
CommonEvents,380,アフターケア7-1,アフターケア7,18+_AfterCare,セラ,\C[4]セラ,"いつも美味しいものを食べた時に
日記を付けているんです。",Ngoan lắm... em đã nhận lấy hết rồi.
CommonEvents,380,アフターケア7-1,アフターケア7,18+_AfterCare,セラ,\C[4]セラ,"見返して味を思い出したいので
事細かく書いているのですが、",Hôm nay anh thể hiện tốt lắm.
CommonEvents,380,アフターケア7-1,アフターケア7,18+_AfterCare,セラ,\C[4]セラ,その要領で感想を喋ったまでです。,Anh muốn thử cảm giác cọ hông mãnh liệt hơn sao?
CommonEvents,380,アフターケア7-1,アフターケア7,18+_AfterCare,セラ,\C[4]セラ,"あなたと食べたケーキも、今なら
もっと適切な言葉で表現できますよ。","Được thôi, em sẽ nhún hông thật nhanh nhé."
CommonEvents,380,アフターケア7-1,アフターケア7,18+_AfterCare,セラ,\C[4]セラ,"私がオナニーをするのか、ですか……？
さ、さすがに恥ずかしいのですが……。",Bép bép bép bép...♡
CommonEvents,380,アフターケア7-1,アフターケア7,18+_AfterCare,セラ,\C[4]セラ,まぁ……する時も、あります。,Tiếng hông đập vào nhau nghe dâm đục quá đúng không?♡
CommonEvents,380,アフターケア7-1,アフターケア7,18+_AfterCare,[Choice],[Choice],オカズは？,Cơ thể anh đang run lên vì sướng kìa.
CommonEvents,380,アフターケア7-1,アフターケア7,18+_AfterCare,[Choice],[Choice],頻度は？,"Em sẽ không dừng lại đâu, cho đến khi anh phọt ra mới thôi."
CommonEvents,380,アフターケア7-1,アフターケア7,18+_AfterCare,セラ,\C[4]セラ,"なっ……そ、それを言う必要が
あるんですか……？","Nào, dập hông mạnh lên và bắn ra đi!"
CommonEvents,380,アフターケア7-1,アフターケア7,18+_AfterCare,セラ,\C[4]セラ,"だ、第一、私がオカズにしそうな人なんて
想像がつくでしょう……。",Phọt phọt phọt...♡
CommonEvents,380,アフターケア7-1,アフターケア7,18+_AfterCare,セラ,\C[4]セラ,"後はご自身で考えてください。
教えません。",Ra nhiều tinh dịch quá... ngoan lắm.
CommonEvents,380,アフターケア7-1,アフターケア7,18+_AfterCare,セラ,\C[4]セラ,"なっ……そ、それを言う必要が
あるんですか……？",Lần sau chúng ta lại cùng làm tiếp nhé.
CommonEvents,380,アフターケア7-1,アフターケア7,18+_AfterCare,セラ,\C[4]セラ,"……時期によりますが……。
……大体、毎日は……。",Anh muốn được em dùng miệng chữa lành sao?
CommonEvents,380,アフターケア7-1,アフターケア7,18+_AfterCare,セラ,\C[4]セラ,"し、仕方ないじゃないですか。
別にいいでしょう。","Được thôi, em sẽ mút cu cho anh nhé."
CommonEvents,380,アフターケア7-1,アフターケア7,18+_AfterCare,セラ,\C[4]セラ,"姿かたちは似ていても私たち天使は
人間とは違う生き物です。",Chụttt... chẹp chẹp...♡
CommonEvents,380,アフターケア7-1,アフターケア7,18+_AfterCare,セラ,\C[4]セラ,"ですから、人間にはない発情期があるのも
なんらおかしなことではありません。",Đầu lưỡi em đang liếm quanh quy đầu của anh đấy.
CommonEvents,380,アフターケア7-1,アフターケア7,18+_AfterCare,セラ,\C[4]セラ,"むしろ、あなたに発情期がないことが
私には不思議に思えます。",Anh thấy sướng lắm đúng không?
CommonEvents,380,アフターケア7-1,アフターケア7,18+_AfterCare,セラ,\C[4]セラ,"無性に金玉がいらいらしたり、
勃起が止まらない時はないのですか？",Cứ thả lỏng và tận hưởng sự sung sướng này nhé.
CommonEvents,380,アフターケア7-1,アフターケア7,18+_AfterCare,セラ,\C[4]セラ,"……こんな風にすぐ勃起するのに
発情期ではないと？",Em sẽ mút thật sâu đến tận cuống họng...
CommonEvents,380,アフターケア7-1,アフターケア7,18+_AfterCare,セラ,\C[4]セラ,"しかし、ある意味常に準備万端と
考えるとえっちですね……。",Ưm... chụttt...♡
CommonEvents,380,アフターケア7-1,アフターケア7,18+_AfterCare,セラ,\C[4]セラ,"少しチョロいところも
愛らしく感じます。ふふ。",Bắn tinh dịch vào miệng em đi nào.
CommonEvents,380,アフターケア7-1,アフターケア7,18+_AfterCare,セラ,\C[4]セラ,"今日はあなたの恥ずかしいところまで
よしよししてあげますね。",Ngoan lắm... em đã nuốt hết rồi.
CommonEvents,381,アフターケア7-2,アフターケア7,18+_AfterCare,セラ,\C[4]セラ,"お尻、失礼しますね。
れろれろれろ……♡",Anh muốn em mút cu nhanh và mãnh liệt hơn sao?
CommonEvents,381,アフターケア7-2,アフターケア7,18+_AfterCare,セラ,\C[4]セラ,"さっき清潔にしておきましたから
お気遣いはいりませんよ。","Được thôi, em sẽ liếm mút thật nhanh nhé."
CommonEvents,381,アフターケア7-2,アフターケア7,18+_AfterCare,セラ,\C[4]セラ,"むしろ、他の人には触れられていない場所を
私だけが可愛がれて嬉しいです。",Chụt chụt chụt chụt...♡
CommonEvents,381,アフターケア7-2,アフターケア7,18+_AfterCare,セラ,\C[4]セラ,"れろ、ちゅっ……♡
ふふ……ひくひくしています。",Âm thanh chẹp chẹp nghe dâm đục lắm đúng không?♡
CommonEvents,381,アフターケア7-2,アフターケア7,18+_AfterCare,セラ,\C[4]セラ,まるで女の子みたいで可愛いですね。,Con cu của anh đang giật bắn lên trong miệng em kìa.
CommonEvents,381,アフターケア7-2,アフターケア7,18+_AfterCare,セラ,\C[4]セラ,"しこ……しこ……♡
れろ、じゅるる……♡",Bắn hết tinh dịch vào sâu trong cổ họng em đi!
CommonEvents,381,アフターケア7-2,アフターケア7,18+_AfterCare,セラ,\C[4]セラ,"性感帯を開発するには既存の快楽と
紐付けるのが最も手っ取り早いです。","Để khai phá điểm nhạy cảm thì kết hợp với cảm giác sung sướng sẵn có
là cách nhanh nhất."
CommonEvents,381,アフターケア7-2,アフターケア7,18+_AfterCare,セラ,\C[4]セラ,"じっくりとおちんちんをしごきながら
お尻を舐めることで、","Vừa sờ mút con cu vừa liếm hậu môn cho anh,"
CommonEvents,381,アフターケア7-2,アフターケア7,18+_AfterCare,セラ,\C[4]セラ,"お尻を可愛がられるとおちんちんも
気持ちいいと刷り込ませることができます。","thì sẽ làm cho anh ghi nhớ rằng được cưng nựng hậu môn
cũng khiến con cu thấy sướng."
CommonEvents,381,アフターケア7-2,アフターケア7,18+_AfterCare,セラ,\C[4]セラ,"「未知の快感」をゆっくり
「好きなプレイ」に変えていきましょう……♡","Hãy từ từ biến ""khoái cảm chưa biết""
thành ""kiểu chơi yêu thích"" nào...♡"
CommonEvents,381,アフターケア7-2,アフターケア7,18+_AfterCare,セラ,\C[4]セラ,"しこしこしこしこ……♡
しこしこしこしこ……♡","Sột soạt sột soạt...♡
Sột soạt sột soạt...♡"
CommonEvents,381,アフターケア7-2,アフターケア7,18+_AfterCare,セラ,\C[4]セラ,"おちんちんの気持ちよさに負けないように、
こちらも速めに……れろれろれろ……♡","Để không thua kém sự sướng khoái của con cu,
em cũng liếm nhanh lên... liếm liếm liếm...♡"
CommonEvents,381,アフターケア7-2,アフターケア7,18+_AfterCare,セラ,\C[4]セラ,"あなたの悶絶するお顔がよく見えますよ？
これ、効いちゃいますか？","Em nhìn thấy rõ khuôn mặt sướng đến quằn quại của anh đấy nhé?
Cái này hiệu quả lắm đúng không?"
CommonEvents,381,アフターケア7-2,アフターケア7,18+_AfterCare,セラ,\C[4]セラ,"私の舌を受け入れてもらえてとても嬉しいです。
サービスが捗ってしまいますね。","Em rất vui vì được anh đón nhận chiếc lưỡi của em.
Việc phục vụ càng thêm hào hứng rồi đây."
CommonEvents,381,アフターケア7-2,アフターケア7,18+_AfterCare,セラ,\C[4]セラ,"このご奉仕をたっぷり
楽しんでください……♡",Anh hãy tận hưởng trọn vẹn sự phục vụ này nhé...♡
CommonEvents,381,アフターケア7-2,アフターケア7,18+_AfterCare,セラ,\C[4]セラ,"くびれのところを重点的に……、
しこしこしこしこ……♡",Tập trung vào phần eo thắt... sột soạt sột soạt...♡
CommonEvents,381,アフターケア7-2,アフターケア7,18+_AfterCare,セラ,\C[4]セラ,"お尻がきゅっと縮こまりましたね。
感じているのがよく分かります。","Cơ mông anh co thắt lại rồi kìa.
Em biết rõ là anh đang sướng đấy nhé."
CommonEvents,381,アフターケア7-2,アフターケア7,18+_AfterCare,セラ,\C[4]セラ,"そんなに力まなくて大丈夫ですよ。
ほぐしてあげます。れろれろれろ……♡","Anh không cần phải gồng người như thế đâu.
Em sẽ làm cho anh thả lỏng. Liếm liếm liếm...♡"
CommonEvents,381,アフターケア7-2,アフターケア7,18+_AfterCare,セラ,\C[4]セラ,"ふふ……こうして脱力させられると
心が無防備になるでしょう？","Hì hì... khi bị làm cho mất lực thế này
tâm trí anh sẽ trở nên không chút phòng bị đúng không?"
CommonEvents,381,アフターケア7-2,アフターケア7,18+_AfterCare,セラ,\C[4]セラ,"この状態でさらにしこしこしこ……♡
とっても気持ち良いですね……♡","Trong trạng thái này lại tiếp tục sột soạt sột soạt...♡
Cảm giác sướng lắm đúng không...♡"
CommonEvents,381,アフターケア7-2,アフターケア7,18+_AfterCare,セラ,\C[4]セラ,"出したいんですね？
えぇ、お尻の反応で分かっていました。","Anh muốn ra đúng không?
Vâng, nhìn phản ứng của mông anh là em biết ngay."
CommonEvents,381,アフターケア7-2,アフターケア7,18+_AfterCare,セラ,\C[4]セラ,"では、速めにご奉仕するのでお射精どうぞ。
れろれろれろれろ……♡","Thế thì em sẽ phục vụ nhanh lên để anh xuất tinh nhé.
Liếm liếm liếm liếm...♡"
CommonEvents,381,アフターケア7-2,アフターケア7,18+_AfterCare,セラ,\C[4]セラ,"んっ、出てる……♡
出し切ってください、れろっ、ちゅっ、じゅる♡","Ưm, ra rồi...♡
Hãy bắn ra hết đi, liếm, chụt, chẹp♡"
CommonEvents,381,アフターケア7-2,アフターケア7,18+_AfterCare,セラ,\C[4]セラ,"いかがでしたか？
新しい扉を開けましたか？","Anh thấy thế nào?
Đã mở ra cánh cửa mới chưa?"
CommonEvents,381,アフターケア7-2,アフターケア7,18+_AfterCare,,,装備品\c[1]「バーサクハート」\c[0]を手に入れた！,Đã nhận được Trang bị \c[1]Trái Tim Cuồng Bạo\c[0]!
CommonEvents,382,アフターケア8-1,アフターケア8,18+_AfterCare,セラ,\C[4]セラ,"わ、私の性癖ですか？
えぇっと……。","S-Gu tình dục của em sao?
Ờm thì..."
CommonEvents,382,アフターケア8-1,アフターケア8,18+_AfterCare,セラ,\C[4]セラ,"……多分、私の大元の嗜好は
「傷付きながら頑張っている人」なんです。","...Có lẽ sở thích cốt lõi của em
là ""Những người dù bị tổn thương nhưng vẫn nỗ lực cố gắng""."
CommonEvents,382,アフターケア8-1,アフターケア8,18+_AfterCare,セラ,\C[4]セラ,"そういう人を尊敬しますし、支えたいと
思いますから。","Em rất kính trọng những người như thế, và muốn được hỗ trợ họ."
CommonEvents,382,アフターケア8-1,アフターケア8,18+_AfterCare,セラ,\C[4]セラ,"でもそれが転じて、私自身がからかって
意地悪するのも好きになって……。","Nhưng dần dần biến tướng thành việc em thích tự tay trêu chọc
và hành hạ họ..."
CommonEvents,382,アフターケア8-1,アフターケア8,18+_AfterCare,セラ,\C[4]セラ,"もっと言えば、その意地悪で癒されちゃうような
変態さんにはすごくきゅんとします。","Nói rõ hơn thì, một tên biến thái cảm thấy được chữa lành ngay cả trong sự hành hạ đó
khiến em cực kỳ xao xuyến."
CommonEvents,382,アフターケア8-1,アフターケア8,18+_AfterCare,セラ,\C[4]セラ,"誰とは言いませんけどね。
ふふ。","Em không nói đích danh là ai đâu nhé.
Hì hì."
CommonEvents,382,アフターケア8-1,アフターケア8,18+_AfterCare,セラ,\C[4]セラ,"私に治療を終えると言われて
彼女に相談しに行ったんですか……？","Anh nghe em nói dừng trị liệu
nên đã chạy đi tâm sự với cô ta sao...?"
CommonEvents,382,アフターケア8-1,アフターケア8,18+_AfterCare,セラ,\C[4]セラ,"なぜ彼女が私に次いで
あなたの信頼を得ているんですか……！","Tại sao cô ta lại nhận được sự tin tưởng của anh
chỉ sau mỗi em chứ...!"
CommonEvents,382,アフターケア8-1,アフターケア8,18+_AfterCare,[Choice],[Choice],サキュバスのこと嫌い？,Em ghét Succubus sao?
CommonEvents,382,アフターケア8-1,アフターケア8,18+_AfterCare,セラ,\C[4]セラ,"はい。
嫌いです。","Vâng.
Em ghét lắm."
CommonEvents,382,アフターケア8-1,アフターケア8,18+_AfterCare,セラ,\C[4]セラ,"まぁ、間接的に私とあなたの仲を
取り持ったことだけは感謝しますが……。","Mà, gián tiếp nhờ cô ta làm cầu nối mối quan hệ giữa em và anh
thì em có cảm ơn một chút..."
CommonEvents,382,アフターケア8-1,アフターケア8,18+_AfterCare,セラ,\C[4]セラ,"……後はそうですね……個人的な確執を除けば、
商売人としての資質は尊敬に値します。","...Còn lại thì... ngoài ghen tuông cá nhân ra,
tư chất làm thương nhân của cô ta cũng đáng được kính trọng."
CommonEvents,382,アフターケア8-1,アフターケア8,18+_AfterCare,セラ,\C[4]セラ,"彼女の作った焼きそばを超える麺類に
出会えていないのが本当に腹立たしいです。","Chỉ là chưa tìm được món mì nào vượt qua món mì xào cô ta làm
khiến em thực sự rất bực mình."
CommonEvents,382,アフターケア8-1,アフターケア8,18+_AfterCare,セラ,\C[4]セラ,"あなたから見た私は、最初からあなたのことが
好きでしたから、惚れっぽく感じるかもしれません。","Từ góc nhìn của anh thì em đã thích anh ngay từ đầu,
nên có lẽ anh thấy em là người dễ dãi."
CommonEvents,382,アフターケア8-1,アフターケア8,18+_AfterCare,セラ,\C[4]セラ,"ですが私がこのように誰かを好きになったのは
あなたが初めてなんです。","Nhưng việc em đem lòng yêu một ai đó như thế này
thì anh là người đầu tiên đấy."
CommonEvents,382,アフターケア8-1,アフターケア8,18+_AfterCare,セラ,\C[4]セラ,"でもあなたは色んな相手に搾り取られていますから
私が初めてじゃないですよね？","Nhưng anh thì đã bị nhiều đối tượng khác nhau vắt cạn rồi,
nên em không phải là người đầu tiên của anh đúng không?"
CommonEvents,382,アフターケア8-1,アフターケア8,18+_AfterCare,セラ,\C[4]セラ,それが、非常に……非常に妬ましいです。,Chuyện đó... cực kỳ... cực kỳ ghen tị luôn.
CommonEvents,382,アフターケア8-1,アフターケア8,18+_AfterCare,セラ,\C[4]セラ,"ですが構いません。
私が上書きしていきます、このように。","Nhưng không sao cả.
Em sẽ đè nén ghi đè lên tất cả, như thế này."
CommonEvents,382,アフターケア8-1,アフターケア8,18+_AfterCare,セラ,\C[4]セラ,"あなたにたくさんの快感を与えて、
頭の中を私の記憶でいっぱいにします。","Ban tặng cho anh thật nhiều khoái cảm,
để lấp đầy ký ức trong đầu anh bằng hình bóng của em."
CommonEvents,382,アフターケア8-1,アフターケア8,18+_AfterCare,セラ,\C[4]セラ,"だから……イくのはまだおあずけです。
じっくり楽しみましょう？♡","Cho nên... việc anh xuất tinh vẫn còn bị gác lại nhé.
Chúng ta hãy từ từ tận hưởng nào?♡"
CommonEvents,382,アフターケア8-1,アフターケア8,18+_AfterCare,セラ,\C[4]セラ,"これからも私たちは変わらず
ナースと患者という関係です。","Mối quan hệ giữa chúng ta từ trước đến nay vẫn không đổi,
vẫn là y tá và bệnh nhân."
CommonEvents,382,アフターケア8-1,アフターケア8,18+_AfterCare,セラ,\C[4]セラ,"その範疇からはみ出すことは
許されませんが……、",Vượt qua ranh giới đó là điều không được phép...
CommonEvents,382,アフターケア8-1,アフターケア8,18+_AfterCare,セラ,\C[4]セラ,"あくまでこれは肩書きでしかないと
今は思っています。",Nhưng em nghĩ đó chỉ là một danh xưng mà thôi.
CommonEvents,382,アフターケア8-1,アフターケア8,18+_AfterCare,セラ,\C[4]セラ,"ただ他に形容する言葉がないだけで、
私たちは私たちです。","Chỉ là không có từ ngữ nào khác để miêu tả thôi,
chúng ta vẫn là chính chúng ta."
CommonEvents,382,アフターケア8-1,アフターケア8,18+_AfterCare,セラ,\C[4]セラ,"他人の言葉を借りなくても、
自分なりの方法で気持ちを伝えれば良いかと。","Không cần mượn lời người khác,
chỉ cần truyền đạt cảm xúc bằng phương pháp của riêng mình là được."
CommonEvents,382,アフターケア8-1,アフターケア8,18+_AfterCare,セラ,\C[4]セラ,なので……失礼します。,Cho nên... em xin phép nhé.
CommonEvents,382,アフターケア8-1,アフターケア8,18+_AfterCare,セラ,\C[4]セラ,ちゅっ……♡,Chụt...♡
CommonEvents,382,アフターケア8-1,アフターケア8,18+_AfterCare,セラ,\C[4]セラ,"どうですか？
伝わりましたか？","Thế nào?
Anh đã cảm nhận được chưa?"
CommonEvents,382,アフターケア8-1,アフターケア8,18+_AfterCare,セラ,\C[4]セラ,"……いえ、この程度では伝えきれませんね。
ちゅっ、れろ……っ♡","...Chưa, chừng này thì chưa thể truyền tải hết được.
Chụt, chẹp...♡"
CommonEvents,382,アフターケア8-1,アフターケア8,18+_AfterCare,セラ,\C[4]セラ,"私の気持ち、ちゃんと余さず
受け取ってください……♡","Tình cảm của em, anh hãy đón nhận trọn vẹn
không để sót chút nào nhé...♡"
CommonEvents,382,アフターケア8-1,アフターケア8,18+_AfterCare,セラ,\C[4]セラ,"癒されたい時は、他の誰でもなく
私だけを頼ってください……♡","Những lúc muốn được chữa lành, thay vì ai khác
anh chỉ được phép dựa dẫm vào một mình em thôi nhé...♡"
CommonEvents,383,アフターケア8-2,アフターケア8,18+_AfterCare,セラ,\C[4]セラ,"普段からお伝えしているのに、
それでも言って欲しいんですか？","Bình thường em vẫn hay nói với anh mà,
anh vẫn muốn em nói ra sao?"
CommonEvents,383,アフターケア8-2,アフターケア8,18+_AfterCare,セラ,\C[4]セラ,相変わらず甘えん坊なお方です。,Anh đúng là người lúc nào cũng thích làm nũng.
CommonEvents,383,アフターケア8-2,アフターケア8,18+_AfterCare,セラ,\C[4]セラ,"ですが、奇遇ですね。
私ももっと言いたいと思っていました。","Nhưng mà, trùng hợp thật đấy.
Em cũng đang muốn nói nhiều hơn nữa."
CommonEvents,383,アフターケア8-2,アフターケア8,18+_AfterCare,セラ,\C[4]セラ,"好き……♡　好きです……♡
大好きです……♡","Thích...♡ Em thích anh lắm...♡
Yêu anh lắm...♡"
CommonEvents,383,アフターケア8-2,アフターケア8,18+_AfterCare,セラ,\C[4]セラ,"あなたも、ご自身の気持ちを
ピストンに込めてくださいね♡","Anh cũng hãy gửi gắm tình cảm của mình
vào từng cú nhấp hông đi nhé♡"
CommonEvents,383,アフターケア8-2,アフターケア8,18+_AfterCare,セラ,\C[4]セラ,"あなたの無防備な乳首、
私が愛してあげますね？","Đầu ngực không chút phòng bị của anh,
để em yêu thương nó nhé?"
CommonEvents,383,アフターケア8-2,アフターケア8,18+_AfterCare,セラ,\C[4]セラ,"かりっ……♡　かりっ……♡
かりかりかりかり……♡","Gãi nhẹ...♡ Gãi nhẹ...♡
Gãi gãi gãi gãi...♡"
CommonEvents,383,アフターケア8-2,アフターケア8,18+_AfterCare,セラ,\C[4]セラ,"爪を立てて引っかかれるの、
大好きですもんね。","Anh thích cảm giác bị giương móng tay gãi nhẹ
như thế này lắm đúng không."
CommonEvents,383,アフターケア8-2,アフターケア8,18+_AfterCare,セラ,\C[4]セラ,"優しく、くすぐるように、
かりっ……かりっ……♡","Dịu dàng, nhột nhột,
gãi nhẹ... gãi nhẹ...♡"
CommonEvents,383,アフターケア8-2,アフターケア8,18+_AfterCare,セラ,\C[4]セラ,"今度は速めに、かりかりかりかり♡
かりかりかりかり♡","Lần này nhanh hơn một chút nhé, gãi gãi gãi gãi♡
Gãi gãi gãi gãi♡"
CommonEvents,383,アフターケア8-2,アフターケア8,18+_AfterCare,セラ,\C[4]セラ,"あ……っ、ん……っ♡
おちんちんとっても硬いです……♡","A... ah... ưm... ah♡
Con cu của anh cứng ngắc rồi kìa...♡"
CommonEvents,383,アフターケア8-2,アフターケア8,18+_AfterCare,セラ,\C[4]セラ,"一回一回奥までちゃんと入れましょうね。
その方がストロークが長くて気持ち良いですから。","Mỗi cú dập hãy đưa vào tận sâu bên trong nhé.
Như thế hành trình sẽ dài hơn và sướng hơn đấy."
CommonEvents,383,アフターケア8-2,アフターケア8,18+_AfterCare,セラ,\C[4]セラ,"亀頭で私の子宮口をトントンして
上手にセックスしましょう。","Dùng quy đầu cốc nhẹ vào cổ tử cung của em
và làm tình thật giỏi nào."
CommonEvents,383,アフターケア8-2,アフターケア8,18+_AfterCare,セラ,\C[4]セラ,"んっ、そうです、上手くできてますよ♡
素敵です♡","Ưm, đúng rồi, anh làm giỏi lắm♡
Tuyệt vời lắm♡"
CommonEvents,383,アフターケア8-2,アフターケア8,18+_AfterCare,セラ,\C[4]セラ,"おちんちん、もっと大きくなった……♡
気持ち良くなれていい子ですね♡","Con cu to hơn nữa rồi...♡
Biết sướng thế là ngoan lắm đấy♡"
CommonEvents,383,アフターケア8-2,アフターケア8,18+_AfterCare,セラ,\C[4]セラ,"男らしくて格好良いピストンですね……♡
んっ♡","Cú nhấp hông đầy nam tính và bảnh bao quá...♡
Ưm♡"
CommonEvents,383,アフターケア8-2,アフターケア8,18+_AfterCare,セラ,\C[4]セラ,"こうやってあなたに抱かれる側になるのも
普段とまた違った良さがあります。","Trở thành người được anh ôm thế này
cũng có cái hay riêng khác với bình thường."
CommonEvents,383,アフターケア8-2,アフターケア8,18+_AfterCare,セラ,\C[4]セラ,"でも、やっぱりあなたの可愛いところが見たいので
ちょっとおまんこを締めますね。","Nhưng em vẫn muốn nhìn thấy dáng vẻ đáng yêu của anh,
nên em sẽ siết cô bé lại một chút nhé."
CommonEvents,383,アフターケア8-2,アフターケア8,18+_AfterCare,セラ,\C[4]セラ,"ふふ……スピードが少し落ちてしまいました。
大丈夫ですよ、あなたのペースで犯してください♡","Hì hì... tốc độ chậm lại một chút rồi kìa.
Không sao đâu, anh cứ làm tình theo nhịp độ của anh nhé♡"
CommonEvents,383,アフターケア8-2,アフターケア8,18+_AfterCare,セラ,\C[4]セラ,"がんばれがんばれ♡
ちゃんと見ていてあげますからね♡","Cố lên cố lên♡
Em vẫn đang dõi theo anh đấy nhé♡"
CommonEvents,383,アフターケア8-2,アフターケア8,18+_AfterCare,セラ,\C[4]セラ,"つらそうなお顔……♡
精液出ちゃいますか？","Vẻ mặt vất vả quá...♡
Anh sắp xuất tinh rồi sao?"
CommonEvents,383,アフターケア8-2,アフターケア8,18+_AfterCare,セラ,\C[4]セラ,では、一番奥に全部ください……♡,Thế thì hãy bắn hết vào tận sâu bên trong em nhé...♡
CommonEvents,383,アフターケア8-2,アフターケア8,18+_AfterCare,セラ,\C[4]セラ,"んっ……♡
イくっ……♡","Ưm... ah♡
Em ra đây...♡"
CommonEvents,383,アフターケア8-2,アフターケア8,18+_AfterCare,セラ,\C[4]セラ,"はぁ……はぁ……♡
よく頑張りましたね……♡","Phù... ah...♡
Anh đã cố gắng nhiều rồi...♡"
CommonEvents,402,OP1,OP,Story_OP,,\N[1],"このダンジョン、ギルドで聞いていた通り
道が難解だな……。","Hầm ngục này đúng như nghe ở Công hội,
đường đi rắc rối thật..."
CommonEvents,402,OP1,OP,Story_OP,,\N[1],"それに物陰が多くて魔物が隠れられる場所も多い。
気を付けて進まないと。","Với lại có nhiều chỗ khuất cho quái vật ẩn nấp.
Phải cẩn thận tiến lên mới được."
CommonEvents,402,OP1,OP,Story_OP,魔物,魔物,ガァァァーーっ！,Gào ooo--!
CommonEvents,402,OP1,OP,Story_OP,,\N[1],……！,...!
CommonEvents,402,OP1,OP,Story_OP,魔物,魔物,ガ……ぁ……。,Gào... ặc...
CommonEvents,402,OP1,OP,Story_OP,,\N[1],"……うん。
やっぱり出現する魔物は問題なく倒せる程度の強さだな。","...Ừm.
Quả nhiên quái vật xuất hiện ở đây chỉ mạnh ở mức mình tiêu diệt dễ dàng."
CommonEvents,402,OP1,OP,Story_OP,,\N[1],時間はかかるだろうけれど、これなら攻略は大丈夫そうだ。,Tốn thời gian một chút nhưng với đà này thì chinh phục hầm ngục không thành vấn đề.
CommonEvents,402,OP1,OP,Story_OP,,\N[1],……まぁ、魔物が全員「こういうタイプ」だったらの話だけど……。,"...Mà, đó là với điều kiện toàn bộ quái vật đều thuộc ""loại này""..."
CommonEvents,402,OP1,OP,Story_OP,？？？,\C[5]？？？,"あれ～？
お兄さん、もう倒しちゃったのぉ？","Ơ kìa~?
Anh trai đã đánh gục nó rồi sao~?"
CommonEvents,402,OP1,OP,Story_OP,,\N[1],っ！,!
CommonEvents,402,OP1,OP,Story_OP,サキュバス,\C[5]サキュバス,"その子、すっごく強いはずなんだけどなぁ……。
ここに来た人、大体その子が殺してたんだよ？","Con đó rõ ràng mạnh lắm mà...
Những người đến đây đa số đều bị nó hạ sát đấy?"
CommonEvents,402,OP1,OP,Story_OP,サキュバス,\C[5]サキュバス,"それなのに一瞬で倒すなんてお兄さんすごいね♡
格好良い～♡","Thế mà anh hạ gục nó trong chớp mắt, anh trai giỏi quá đi♡
Bảnh bao ghê~♡"
CommonEvents,402,OP1,OP,Story_OP,,\N[1],（あぁ、これはまずい……）,"(Thôi xong, thế này thì tệ rồi...)"
CommonEvents,402,OP1,OP,Story_OP,,\N[1],（モンスター娘が出てきてしまった……）,(Monster Girl đã xuất hiện rồi...)
CommonEvents,402,OP1,OP,Story_OP,サキュバス,\C[5]サキュバス,"ちなみに私はその子に比べるとぜ～んぜん弱いの。
きっとあなたと戦ったら一捻りで倒されちゃうよぉ？","Mà em so với con đó thì yếu hìu à.
Nếu đấu với anh chắc bị anh hạ gục trong một nốt nhạc mất thôi~?"
CommonEvents,402,OP1,OP,Story_OP,サキュバス,\C[5]サキュバス,"だ・か・ら～……♡
倒す前に、ちょっとだけ楽しいことしない？♡","V-Vì vậ~y...♡
Trước khi hạ em, chúng mình chơi trò gì vui vui chút đi?♡"
CommonEvents,402,OP1,OP,Story_OP,サキュバス,\C[5]サキュバス,"どうせいつでも倒せるんだから、
せっかくなら私のこのえっちな身体、味見しちゃおーよ♡","Dù sao anh cũng hạ em lúc nào chẳng được,
chi bằng nếm thử cơ thể dâm mát này của em trước đã nào~♡"
CommonEvents,402,OP1,OP,Story_OP,サキュバス,\C[5]サキュバス,"ここって結構レベルの高いダンジョンだから、
モンスター娘の質も全然違うんだよ？♡","Hầm ngục này cấp độ khá cao,
nên chất lượng của Monster Girl cũng khác biệt hoàn toàn đấy nhé?♡"
CommonEvents,402,OP1,OP,Story_OP,サキュバス,\C[5]サキュバス,"えっちしたらどれだけ気持ちいいのかな～？♡
くすくすくす……♡","Làm tình thì sẽ sướng đến mức nào nhỉ~?♡
Hi hi hi...♡"
CommonEvents,402,OP1,OP,Story_OP,,\N[1],"（あからさまな誘惑……。
精液を搾り取ってレベルをドレインするつもりだ……）","(Màn quyến rũ trắng trợn...
Nó định vắt cạn tinh dịch rồi rút cạn cấp độ của mình...)"
CommonEvents,402,OP1,OP,Story_OP,,\N[1],"（見た目は可愛いが、話に乗れば絶対に痛い目を見る……。
凄まじい快楽で篭絡されるんだ……っ）","(Vẻ ngoài thì đáng yêu thật nhưng nếu mắc mưu chắc chắn sẽ gánh hậu quả thê thảm...
Sẽ bị khuất phục bởi khoái cảm dữ dội...!)"
CommonEvents,402,OP1,OP,Story_OP,,\N[1],"（今すぐ倒すべきなんだ……っ。
絶対に……そうに決まってる……っ）","(Phải tiêu diệt nó ngay lập tức...!
Chắc chắn... phải làm thế...!)"
CommonEvents,402,OP1,OP,Story_OP,,\N[1],（……なのに……っ！）,(...Thế mà...!)
CommonEvents,402,OP1,OP,Story_OP,サキュバス,\C[5]サキュバス,"ちょうどお兄さんはソロだから仲間に恥ずかしいところを
見られる心配も……。",(Dù sao anh cũng đi một mình nên không lo bị đồng đội nhìn thấy cảnh xấu hổ...)
CommonEvents,402,OP1,OP,Story_OP,サキュバス,\C[5]サキュバス,"……って、あれ……？
あのー……お兄さん……？","...Ơ, kìa...?
Nè... anh trai...?"
CommonEvents,402,OP1,OP,Story_OP,サキュバス,\C[5]サキュバス,どうして、まだ何もしてないのに勃起してるの……？♡,Sao em chưa làm gì mà anh đã cương lên rồi...?♡
CommonEvents,402,OP1,OP,Story_OP,,\N[1],……っ。,... ah.
CommonEvents,402,OP1,OP,Story_OP,サキュバス,\C[5]サキュバス,"えぇ～……♡　なになに、どうしちゃったの？♡
魅了の魔法なんてまだ使ってないよ……？♡","Á chà~...♡ Sao thế sao thế, có chuyện gì vậy?♡
Phép thuật mê hoặc em còn chưa dùng tới mà...?♡"
CommonEvents,402,OP1,OP,Story_OP,サキュバス,\C[5]サキュバス,"もしかして……モンスター娘に迫られただけで、
すっごく期待しちゃってるの？♡","Chẳng lẽ... mới bị Monster Girl tiếp cận một chút thôi
mà anh đã mong chờ đến mức đó rồi sao?♡"
CommonEvents,402,OP1,OP,Story_OP,,\N[1],……そ、そんなこと……っ。,...K-Không có chuyện đó...!
CommonEvents,402,OP1,OP,Story_OP,サキュバス,\C[5]サキュバス,"あははっ♡　顔真っ赤～♡
お兄さん可愛い～♡","A ha ha♡ Mặt đỏ như gấc rồi kìa♡
Anh trai đáng yêu quá đi♡"
CommonEvents,402,OP1,OP,Story_OP,サキュバス,\C[5]サキュバス,"それじゃあお兄さんのご希望通り、
念入りに搾ってあげないとね……♡","Thế thì đúng như nguyện vọng của anh trai,
em phải vắt cạn anh thật kỹ mới được...♡"
CommonEvents,402,OP1,OP,Story_OP,,\N[1],や、やめっ、うわぁぁっ！,"D-Dừng lại, ối u oa a a!"
CommonEvents,402,OP1,OP,Story_OP,ギルドの受付嬢,ギルドの受付嬢,クエスト失敗……ですか。,Nhiệm vụ thất bại... sao ạ.
CommonEvents,402,OP1,OP,Story_OP,,\N[1],すいません……。,Thành thật xin lỗi...
CommonEvents,402,OP1,OP,Story_OP,ギルドの受付嬢,ギルドの受付嬢,"い、いえいえ！　そんな！
このダンジョンは非常に危険で難易度が高いですから！",(A... quả nhiên là lại bị khuất phục rồi...)
CommonEvents,402,OP1,OP,Story_OP,ギルドの受付嬢,ギルドの受付嬢,"むしろ無事に帰って来てくれただけで嬉しいです！
しかし、あなたほどの実力者でも踏破できないとは……。",(Cứ đà này thì mình chẳng bao giờ chinh phục được hầm ngục mất...)
CommonEvents,402,OP1,OP,Story_OP,ギルドの受付嬢,ギルドの受付嬢,"やはり多くの犠牲者を出していると言われる
ドラゴンの魔物に阻まれたんですか？",Monster Girl nham hiểm quá mà... Thôi đừng tự dằn dằn bản thân nữa.
CommonEvents,402,OP1,OP,Story_OP,,\N[1],ドラゴンですか？　えっと、多分そいつは倒しました。,"Với lại, hôm nay tôi có tin tốt cho anh đây!"
CommonEvents,402,OP1,OP,Story_OP,ギルドの受付嬢,ギルドの受付嬢,"えっ！？　そうなんですか！？
で、では、それ以上に強力な魔物にやられたと……！？",Tin tốt sao?
CommonEvents,402,OP1,OP,Story_OP,ギルドの受付嬢,ギルドの受付嬢,"一体どんな魔物だったんですか！？
情報提供おねがいします！",Vâng! Nghe nói ở gần thành phố mới mở một phòng khám chuyên trị liệu bệnh này đấy!
CommonEvents,402,OP1,OP,Story_OP,,\N[1],"えっ、あっ、そのー……、
んー……な、なんか人型……ぽかった……かも。",Thật sao ạ!?
CommonEvents,402,OP1,OP,Story_OP,ギルドの受付嬢,ギルドの受付嬢,"なるほどなるほど！
大きさや色などはどうでした！？",Vâng! Anh thử đến đó khám xem sao nhé?
CommonEvents,402,OP1,OP,Story_OP,,\N[1],"えっとぉ……その、逃げるのに必死で
あまり覚えてないと言いますか……。",Cảm ơn cô nhiều lắm! Tôi sẽ đi ngay đây!
CommonEvents,402,OP1,OP,Story_OP,,\N[1],"（言えない……。モンスター娘のHな攻撃に
あっけなく負けました、なんて……！）",(Chuyên trị liệu bệnh của mình... Phòng khám đó chắc chắn sẽ giúp ích được!)
CommonEvents,402,OP1,OP,Story_OP,,\N[1],はぁ……。,(...Dù sao thì bây giờ mình cũng không còn cách nào khác.)
CommonEvents,402,OP1,OP,Story_OP,,\N[1],"（駆け出し冒険者だった頃と比べると
色々な魔物を倒せるようになった）",Vào một ngày nọ...
CommonEvents,402,OP1,OP,Story_OP,,\N[1],"（一般的に強いと言われている魔物も
最近は危なげなく倒せている）",(Nơi này... chính là phòng khám mà cô lễ tân nói sao...?)
CommonEvents,402,OP1,OP,Story_OP,,\N[1],（……なのに……）,"(Nhìn bề ngoài thì giống một ngôi nhà bình thường... Nhưng biển hiệu có ghi ""Phòng Khám Thiên Sứ: Chuyên Trị Xuất Tinh Sớm""...)"
CommonEvents,402,OP1,OP,Story_OP,,\N[1],（早漏すぎてモンスター娘に毎回負ける……！）,(Vào thử xem sao...)
CommonEvents,402,OP1,OP,Story_OP,,\N[1],"（他の冒険者なら振り払える程度のセクハラでも、
すぐに力が抜けてしまう……）",Xin chào...
CommonEvents,402,OP1,OP,Story_OP,,\N[1],"（このままじゃ行けるダンジョンが少なくなって
生活が苦しくなる一方だ……）","Vâng, xin chào quý khách."
CommonEvents,402,OP1,OP,Story_OP,,\N[1],"（早くなんとかしないと……でもどうやって鍛えれば……。
……ん？）",Lần đầu quý khách đến khám đúng không ạ?
CommonEvents,402,OP1,OP,Story_OP,,\N[1],（早漏治療のクリニック……！？　なんだこれ……！？）,"À, vâng! Đúng vậy ạ!"
CommonEvents,402,OP1,OP,Story_OP,,\N[1],"（こ、ここにこんなのあったっけ……？
いや、初めて見たぞ……）",Vậy xin mời quý khách ngồi chờ ở ghế đằng kia một chút nhé.
CommonEvents,402,OP1,OP,Story_OP,,\N[1],"（周りの人はなんで気にしてないんだ……？
見えてないのか……？）",Rất nhanh sẽ có cô y tá ra làm thủ tục tư vấn cho quý khách.
CommonEvents,402,OP1,OP,Story_OP,,\N[1],"（ま、まぁでも悩んでる人も大勢いるだろうし、
よくよく考えれば真面目なところなのか……）","Vâng, tôi hiểu rồi."
CommonEvents,402,OP1,OP,Story_OP,,\N[1],（……やはり自分もこういうところに行くべきなのか）,(Không ngờ trong phòng khám lại yên tĩnh và sạch sẽ thế này...)
CommonEvents,402,OP1,OP,Story_OP,,\N[1],"（相談するのは少し恥ずかしいけど、多分先生は男の人だろうし、
慣れてるだろうからきっと笑わずに聞いてくれるはず）",(Mà... bệnh của mình là bị Monster Girl quyến rũ vắt cạn...)
CommonEvents,402,OP1,OP,Story_OP,,\N[1],（……よし）,(Nói ra chuyện xấu hổ như thế với y tá... liệu có ổn không nhỉ...)
CommonEvents,402,OP1,OP,Story_OP,,\N[1],す、すみませーん……。,(Nhưng nếu không chữa thì mình chẳng thể làm Mạo Hiểm Giả tiếp được...)
CommonEvents,402,OP1,OP,Story_OP,？？？,\C[4]？？？,"はい。
少々お待ちください。",Xoạch.
CommonEvents,402,OP1,OP,Story_OP,,\N[1],（え……っ！　女の人の声……！？）,Xin lỗi vì đã để quý khách chờ lâu.
CommonEvents,402,OP1,OP,Story_OP,？？？,\C[4]？？？,お待たせいたしました。,!
CommonEvents,402,OP1,OP,Story_OP,？？？,\C[4]？？？,診療をご希望でしょうか。,(X-Xinh đẹp quá... Cô y tá này đẹp như tiên nữ vậy...)
CommonEvents,402,OP1,OP,Story_OP,,\N[1],は、はい……。,(Nhưng mà... trang phục này có hơi thiếu vải quá không...?)
CommonEvents,402,OP1,OP,Story_OP,,\N[1],"（そうか、ナースさんがいるのか……。
女性がいるのはちょっと恥ずかしいな……）","(Ra vậy, có y tá sao... Có phụ nữ ở đây cảm giác hơi xấu hổ thật...)"
CommonEvents,402,OP1,OP,Story_OP,,\N[1],（……あの頭の輪っか、何だろう……？）,(...Cái vòng sáng trên đầu cô ấy là gì thế nhỉ...?)
CommonEvents,402,OP1,OP,Story_OP,,\N[1],（それに……羽根……？）,(Với cả... đôi cánh kia nữa...?)
CommonEvents,402,OP1,OP,Story_OP,,\N[1],"（まるで天使だけど……。そういえば看板に
「エンジェルクリニック」と書いてあったような）","(Trông giống hệt như Thiên Sứ... Nhắc mới nhớ trên biển hiệu có ghi ""Phòng Khám Thiên Sứ""...)"
CommonEvents,402,OP1,OP,Story_OP,,\N[1],（でも、こんなところに天使がいるわけないしな……）,(Nhưng làm sao mà lại có Thiên Sứ ở một nơi thế này được chứ...)
CommonEvents,402,OP1,OP,Story_OP,？？？,\C[4]？？？,"かしこまりました。
ではまずカウンセリングを行います。",Tôi đã hiểu rồi. Vậy trước tiên chúng ta sẽ tiến hành tư vấn nhé.
CommonEvents,402,OP1,OP,Story_OP,？？？,\C[4]？？？,お隣失礼します。,Cho phép em ngồi bên cạnh anh nhé.
CommonEvents,402,OP1,OP,Story_OP,,\N[1],えっ……！？,Éc...!?
CommonEvents,402,OP1,OP,Story_OP,？？？,\C[4]？？？,それではまず症状の方を……。,Vậy thì trước tiên về triệu chứng bệnh của anh...
CommonEvents,402,OP1,OP,Story_OP,,\N[1],あ、あの……症状はナースさんに直接話す形式なんでしょうか……？,"À, ừm... triệu chứng bệnh là phải nói trực tiếp với cô y tá sao ạ...?"
CommonEvents,402,OP1,OP,Story_OP,？？？,\C[4]？？？,"はい。
何か問題でも？",Vâng. Có vấn đề gì sao ạ?
CommonEvents,402,OP1,OP,Story_OP,,\N[1],"い、いえ……。
大丈夫です……。",Kh-Không có gì... Không sao đâu ạ...
CommonEvents,402,OP1,OP,Story_OP,,\N[1],"（ち、近い……。このナースさん、露出が多いから
目のやり場に困る……）",(G-Gần quá... Cô y tá này mặc đồ hở hang quá làm mình chẳng biết giấu mắt đi đâu...)
CommonEvents,402,OP1,OP,Story_OP,,\N[1],"（なんだか良い匂いがするし……。
やりづらい……っ）",(Lại còn có mùi hương thơm phức nữa chứ... Khó tập trung quá...)
CommonEvents,402,OP1,OP,Story_OP,？？？,\C[4]？？？,それで、本日はどうされましたか？,Vậy hôm nay anh gặp vấn đề gì ạ?
CommonEvents,402,OP1,OP,Story_OP,,\N[1],え、えっと……まず、僕は冒険者なんですが……。,"À, ừm... Trước tiên thì tôi là một mạo hiểm giả..."
CommonEvents,402,OP1,OP,Story_OP,,\N[1],"モンスター娘からの卑猥な攻撃に弱いのが悩みでして……、
そういうのってここで治療できますか……？",Trăn trở của tôi là rất yếu trước các đòn quyến rũ dâm đục của Monster Girl... Những chuyện như thế ở đây có chữa được không ạ...?
CommonEvents,402,OP1,OP,Story_OP,？？？,\C[4]？？？,"……ふむ。それは、どんな相手であろうと
精液を搾り取られてしまっているのですか？","...Hừm. Tức là dù đối phương là ai, anh cũng đều bị vắt cạn tinh dịch sao?"
CommonEvents,402,OP1,OP,Story_OP,,\N[1],………………は、い。,................V-Vâng.
CommonEvents,402,OP1,OP,Story_OP,？？？,\C[4]？？？,……そうですか。,...Ra là vậy.
CommonEvents,402,OP1,OP,Story_OP,,\N[1],（視線が冷たい……っ。は、恥ずかしい……っ！）,(Ánh mắt lạnh ngắt... X-Xấu hổ quá đi...!)
CommonEvents,402,OP1,OP,Story_OP,？？？,\C[4]？？？,"治療については可能です。
完治にはある程度時間がかかりますが。",Về việc trị liệu thì hoàn toàn có thể. Dù để chữa khỏi hoàn toàn sẽ mất một khoảng thời gian.
CommonEvents,402,OP1,OP,Story_OP,,\N[1],本当ですか！,Có thật không ạ!
CommonEvents,402,OP1,OP,Story_OP,？？？,\C[4]？？？,"はい。
では、奥の部屋で検診を行いますのでこちらへどうぞ。",Vâng. Vậy xin mời anh vào căn phòng bên trong để tiến hành khám bệnh.
CommonEvents,402,OP1,OP,Story_OP,？？？,\C[4]？？？,プライバシーの保護のため、扉には鍵をかけさせていただきます。,"Để bảo vệ quyền riêng tư, em xin phép khóa cửa lại."
CommonEvents,402,OP1,OP,Story_OP,,\N[1],"はい……あれ？
先生はいらっしゃらないんですか？",Vâng... Ơ? Bác sĩ không có ở đây sao ạ?
CommonEvents,402,OP1,OP,Story_OP,？？？,\C[4]？？？,"先生？
……あぁ、そういうことですか。","Bác sĩ? ...À, ra là ý anh như vậy."
CommonEvents,402,OP1,OP,Story_OP,セラ,\C[4]セラ,"申し遅れました。
あなたの治療を担当するセラと申します。","Em xin tự giới thiệu muộn một chút. Em là Sera, người sẽ đảm nhận trị liệu cho anh."
CommonEvents,402,OP1,OP,Story_OP,セラ,\C[4]セラ,"このクリニックには私一人しかいません。
治療の全ては私が取り仕切ります。",Trong phòng khám này chỉ có một mình em thôi. Toàn bộ quá trình trị liệu đều do em quản lý.
CommonEvents,402,OP1,OP,Story_OP,,\N[1],"ひ、一人でやっているんですか？
すごいですね。",M-Một mình em làm hết sao? Giỏi quá vậy.
CommonEvents,402,OP1,OP,Story_OP,セラ,\C[4]セラ,人々を助けること……それが我々天使の使命ですので。,Giúp đỡ mọi người... đó là sứ mệnh của Thiên Sứ chúng em.
CommonEvents,402,OP1,OP,Story_OP,,\N[1],天使……。,Thiên Sứ...
CommonEvents,402,OP1,OP,Story_OP,,\N[1],"（確かに天使の特徴を持っている……、
でも、にわかには信じがたい……）",(Đúng là có những đặc điểm của Thiên Sứ... Nhưng vẫn thật khó tin...)
CommonEvents,402,OP1,OP,Story_OP,,\N[1],"（悩める人間へ啓示を与えにやってくると
聞いたことはあるけど……）",(Mình từng nghe nói Thiên Sứ xuống trần để ban khuyên bảo cho con người đang lạc lối...)
CommonEvents,402,OP1,OP,Story_OP,,\N[1],"（街で働いている天使なんて聞いたことがない。
しかも、早漏治療のクリニックでなんて……）",(Nhưng chưa từng nghe nói có Thiên Sứ làm việc ở thành phố. Lại còn ở phòng khám trị xuất tinh sớm nữa chứ...)
CommonEvents,402,OP1,OP,Story_OP,セラ,\C[4]セラ,それではまず、服をお脱ぎください。,"Vậy trước tiên, xin anh hãy cởi quần áo ra."
CommonEvents,402,OP1,OP,Story_OP,,\N[1],"分かりました。
肌着も脱いだ方がいいですか？",Tôi hiểu rồi. Đồ lót bên trong cũng phải cởi sao ạ?
CommonEvents,402,OP1,OP,Story_OP,セラ,\C[4]セラ,"はい。お願いします。
全て脱いでください。",Vâng. Xin anh hãy cởi hết ra.
CommonEvents,402,OP1,OP,Story_OP,セラ,\C[4]セラ,ズボンも、パンツも、全て。,"Cả quần dài, lẫn quần lót, tất cả."
CommonEvents,402,OP1,OP,Story_OP,,\N[1],"えっ……！
し、下もですか？",Éc...! Th-Cả bên dưới cũng phải cởi sao ạ?
CommonEvents,402,OP1,OP,Story_OP,セラ,\C[4]セラ,"はい。
患部ですので。",Vâng. Vì đó là vùng bệnh mà.
CommonEvents,402,OP1,OP,Story_OP,,\N[1],うぅ……分かりました……。,Ưu... Tôi hiểu rồi...
CommonEvents,402,OP1,OP,Story_OP,セラ,\C[4]セラ,ふむ……。,Hừm...
CommonEvents,402,OP1,OP,Story_OP,,\N[1],（ま、まじまじと股間を見られている……っ）,(C-Cô ấy đang nhìn chằm chằm vào vùng kín của mình...!)
CommonEvents,402,OP1,OP,Story_OP,セラ,\C[4]セラ,"……ありがとうございます。
それでは治療方法の説明をさせていただきます。",...Cảm ơn anh. Sau đây em xin phép giải thích về phương pháp trị liệu.
CommonEvents,402,OP1,OP,Story_OP,セラ,\C[4]セラ,"そもそも症状の原因ですが、身体的な問題の他、
精神的な問題が関わっている場合もあります。","Vốn dĩ nguyên nhân của triệu chứng này ngoài vấn đề thể chất, đôi khi còn liên quan đến vấn đề tâm lý."
CommonEvents,402,OP1,OP,Story_OP,セラ,\C[4]セラ,"なのでまずは原因を判定しつつ……、
「私で」慣れていただきます。","Cho nên trước tiên vừa xác định nguyên nhân... em vừa giúp anh ""quen dần"" với em."
CommonEvents,402,OP1,OP,Story_OP,,\N[1],"ナースさんで……？
と、言うと……？",Quen dần với y tá sao...? Ý em là...?
CommonEvents,402,OP1,OP,Story_OP,セラ,\C[4]セラ,"私があなたに、モンスター娘からの攻撃と同様に
性的な行為を行いますので、射精を我慢してください。","Em sẽ thực hiện các hành vi tình dục với anh giống như đòn tấn công của Monster Girl, anh phải chịu đựng không được xuất tinh."
CommonEvents,402,OP1,OP,Story_OP,,\N[1],！？！？！？,FFFFFF!?!?!?
CommonEvents,402,OP1,OP,Story_OP,セラ,\C[4]セラ,"規定の時間我慢することができれば治療を次の段階へと進めます。
そうして完治を目指していきます。","Nếu anh chịu đựng được trong thời gian quy định, trị liệu sẽ bước sang giai đoạn tiếp theo. Cứ như thế hướng tới việc chữa khỏi hoàn toàn."
CommonEvents,402,OP1,OP,Story_OP,セラ,\C[4]セラ,何か質問はありますか？,Anh có thắc mắc gì không?
CommonEvents,402,OP1,OP,Story_OP,,\N[1],"い、いや、性的な行為って……っ、
そんな……っ。","Kh-Không, hành vi tình dục... chuyện đó..."
CommonEvents,402,OP1,OP,Story_OP,セラ,\C[4]セラ,"不満がおありですか？
その割には……、",Anh có điểm gì không hài lòng sao? Dù nói vậy nhưng...
CommonEvents,402,OP1,OP,Story_OP,セラ,\C[4]セラ,おちんちんが既に勃起しているようですが。,Con cu của anh đã cương cứng lên mất rồi kìa.
CommonEvents,402,OP1,OP,Story_OP,,\N[1],あ……っ！,A...!
CommonEvents,402,OP1,OP,Story_OP,,\N[1],"……す、すみません……。
いつもこんな風に誘惑に負けているものですから……。",...S-Xin lỗi em... Tại bình thường anh cũng hay bị thua trước sự cám dỗ như thế này...
CommonEvents,402,OP1,OP,Story_OP,,\N[1],"セラさんみたいな美人な人に言われると、
勝手にこうなってしまって……。","Được một người xinh đẹp như Sera nói thế, nó tự nhiên lại thành ra như vậy..."
CommonEvents,402,OP1,OP,Story_OP,セラ,\C[4]セラ,…………。,............
CommonEvents,402,OP1,OP,Story_OP,セラ,\C[4]セラ,"……なるほど。
普段どのように敗北しているのかは把握しました。",...Ra là vậy. Em đã nắm rõ việc bình thường anh bị thất bại như thế nào rồi.
CommonEvents,402,OP1,OP,Story_OP,セラ,\C[4]セラ,"つまり……こういうことをされると
なおさら我慢が利かなくなる、と。",Tức là... khi bị làm những chuyện thế này thì anh càng không thể kiềm chế được đúng không.
CommonEvents,402,OP1,OP,Story_OP,,\N[1],"（っ！　セ、セラさんの谷間……っ！
お、おっきい……っ！）",(Á! K-Khe ngực của Sera... Th-To quá...!)
CommonEvents,402,OP1,OP,Story_OP,セラ,\C[4]セラ,"視線が釘付けになってしまいましたね。
鼻息も荒くなっていますよ。",Ánh mắt anh bị dính chặt vào đây rồi kìa. Hơi thở cũng dồn dập lên rồi đấy.
CommonEvents,402,OP1,OP,Story_OP,セラ,\C[4]セラ,"治療に必要であれば、谷間だけでなく先端部分をお見せしたり、
揉みしだいていただくのもやぶさかではありませんが……。","Nếu cần thiết cho trị liệu, không chỉ khe ngực mà em còn có thể cho anh xem phần đầu ngực, hoặc để anh nhào nặn tùy thích..."
CommonEvents,402,OP1,OP,Story_OP,セラ,\C[4]セラ,それでも、こういった治療はお嫌ですか？,"Dù vậy, anh vẫn ghét kiểu trị liệu này sao?"
CommonEvents,402,OP1,OP,Story_OP,,\N[1],"あ……っ、あ……っ！
い、嫌じゃな……っ！","A... ah, a... ah! Kh-Không ghét...!"
CommonEvents,402,OP1,OP,Story_OP,セラ,\C[4]セラ,"……と、このように、現状のあなたの症状は
自然に治癒するレベルを超えています。","...Đó, như anh thấy, triệu chứng hiện tại của anh đã vượt quá mức có thể tự bình phục tự nhiên rồi."
CommonEvents,402,OP1,OP,Story_OP,セラ,\C[4]セラ,"こんなあからさまな色仕掛けで
あっさりと篭絡されてしまうのですから。",Bởi vì chỉ với màn quyến rũ trắng trợn thế này thôi mà anh đã dễ dàng bị khuất phục rồi.
CommonEvents,402,OP1,OP,Story_OP,,\N[1],うぅ……。,Ưu...
CommonEvents,402,OP1,OP,Story_OP,セラ,\C[4]セラ,あなたはモンスター娘に負けないようになりたいんですよね。,Thế nên anh không cần phải thấy xấu hổ.
CommonEvents,402,OP1,OP,Story_OP,セラ,\C[4]セラ,"なら、例え恥ずかしくてもこれは必要な治療ですから、
羞恥心は抑えてください。",Người bị bệnh thì tiếp nhận trị liệu là điều hiển nhiên mà.
CommonEvents,402,OP1,OP,Story_OP,,\N[1],……はい……。,"Chưa kể, đây là căn bệnh do tinh thần nhút nhát và sự khao khát tình dục của anh tạo nên."
CommonEvents,402,OP1,OP,Story_OP,セラ,\C[4]セラ,"ご安心ください。
最初から高難度の治療は行いませんので。",Đã có em ở bên cạnh hỗ trợ anh rồi.
CommonEvents,402,OP1,OP,Story_OP,セラ,\C[4]セラ,"先ほどのように胸を使った誘惑に負けるのも、
現状では仕方ないと判断しています。ですから……、",...Em sẽ đưa anh thoát khỏi chứng xuất tinh sớm này.
CommonEvents,402,OP1,OP,Story_OP,セラ,\C[4]セラ,治療中、私のおっぱい見ちゃってもいいですよ……。,Sera...
CommonEvents,402,OP1,OP,Story_OP,,\N[1],……っ！,"Vâng, em hiểu rồi. Tôi xin giao thân xác này cho em..."
CommonEvents,402,OP1,OP,Story_OP,セラ,\C[4]セラ,ベッドへ腰かけ、脚を開き患部をこちらへ。,Cảm ơn anh. Vậy chúng ta hãy cùng cố gắng hết sức nhé.
CommonEvents,402,OP1,OP,Story_OP,セラ,\C[4]セラ,それでは……治療を開始します。,"(Cứ như vậy, liệu trình chữa trị chứng xuất tinh sớm của mình bắt đầu...)"
CommonEvents,403,OP2,OP,Story_OP,セラ,\C[4]セラ,呆けた顔をされていますが、大丈夫ですか？,"Trông anh ngơ ngác thế kia, anh có sao không?"
CommonEvents,403,OP2,OP,Story_OP,,\N[1],"大丈夫……ですけど、色々ありすぎて
混乱しているというか……。",Tôi không sao... nhưng có nhiều chuyện quá nên hơi loạn...
CommonEvents,403,OP2,OP,Story_OP,セラ,\C[4]セラ,"そうですか。
初回の治療ですから、無理もないでしょう。",Ra là vậy. Lần đầu trị liệu nên cũng khó tránh khỏi.
CommonEvents,403,OP2,OP,Story_OP,セラ,\C[4]セラ,"次回の来院はいつでも構いませんが、
できるだけ間隔はあけないようにお願いします。","Lần tới anh đến lúc nào cũng được, nhưng xin hãy cố gắng đừng để khoảng cách quá xa nhé."
CommonEvents,403,OP2,OP,Story_OP,セラ,\C[4]セラ,治療の効果が薄れてしまうので。,Vì hiệu quả trị liệu sẽ bị giảm bớt đấy.
CommonEvents,403,OP2,OP,Story_OP,,\N[1],次……。,Lần tới...
CommonEvents,403,OP2,OP,Story_OP,,\N[1],（また次もあるのか……ごくっ……）,(Lại còn có lần tới nữa sao... *nuốt nước bọt*...)
CommonEvents,403,OP2,OP,Story_OP,セラ,\C[4]セラ,"……あの。返事をしていただかないと
また来ていただけるかどうか分からないのですが。",...Ừm. Nếu anh không trả lời thì em không biết liệu anh có đến nữa hay không đâu.
CommonEvents,403,OP2,OP,Story_OP,,\N[1],"あっ、は、はい。
また来ます。よろしくお願いします。","A, v-vâng. Tôi sẽ lại đến. Nhờ em giúp đỡ."
CommonEvents,403,OP2,OP,Story_OP,セラ,\C[4]セラ,それなら良かったです。,Thế thì tốt rồi.
CommonEvents,403,OP2,OP,Story_OP,セラ,\C[4]セラ,"私は「あなた専属ナース」なので、
継続的に来ていただかないと困りますから。","Vì em là ""y tá riêng của anh"", nên nếu anh không đến thường xuyên thì em sẽ khó xử lắm."
CommonEvents,403,OP2,OP,Story_OP,,\N[1],あ、あなた専属……？,Y-Y tá riêng của tôi...?
CommonEvents,403,OP2,OP,Story_OP,セラ,\C[4]セラ,"おや、今気づいたのですか？
名札にも記載していたのですが。","Ồ, bây giờ anh mới nhận ra sao? Trên bảng tên của em cũng có ghi mà."
CommonEvents,403,OP2,OP,Story_OP,セラ,\C[4]セラ,"……あぁ、そういえばお見せしていませんでしたね。
あなたに夢中で忘れていました。","...A, phải rồi, em chưa cho anh xem. Tại mải mê với anh quá nên em quên mất."
CommonEvents,403,OP2,OP,Story_OP,セラ,\C[4]セラ,"改めまして、あなた専属ナースのセラです。
今後ともよろしくお願いします。","Một lần nữa xin tự giới thiệu, em là Sera, y tá riêng của anh. Từ nay về sau mong được anh giúp đỡ."
CommonEvents,403,OP2,OP,Story_OP,,\N[1],（何が何だか分からない……）,(Tôi chẳng hiểu chuyện gì đang xảy ra nữa...)
CommonEvents,403,OP2,OP,Story_OP,,\N[1],"（本当にここに通って大丈夫なんだろうか……。
もしかしてハニートラップなのでは……）",(Rốt cuộc đến đây thường xuyên thế này có ổn không nhỉ... Không chừng đây là bẫy mỹ nhân kế...?)
CommonEvents,403,OP2,OP,Story_OP,セラ,\C[4]セラ,それではお大事に。,Vậy anh hãy giữ gìn sức khỏe nhé.
CommonEvents,403,OP2,OP,Story_OP,セラ,\C[4]セラ,また、来てくださいね。,Lần tới anh lại đến nhé.
CommonEvents,403,OP2,OP,Story_OP,,\N[1],……。,……
CommonEvents,403,OP2,OP,Story_OP,？？？,\C[5]？？？,"あれ～？
お兄さん、また会ったね♡","Hê~? Anh trai, anh lại đến nữa sao~?♡"
CommonEvents,403,OP2,OP,Story_OP,,\N[1],……！,……！
CommonEvents,403,OP2,OP,Story_OP,サキュバス,\C[5]サキュバス,"まさかまた来てくれるなんて！
嬉しいな～♡",Không ngờ anh lại đến nữa! Em vui lắm đó~♡
CommonEvents,403,OP2,OP,Story_OP,サキュバス,\C[5]サキュバス,"こないだ遊んであげたのが
癖になっちゃったのかな？♡",Có phải lần trước được em chơi cùng nên thành nghiện rồi đúng không?♡
CommonEvents,403,OP2,OP,Story_OP,サキュバス,\C[5]サキュバス,"もしかしてお家でも私のこと思い出して
シコシコしてたり？♡　くすくすくす……♡",Hay là ở nhà cũng nhớ tới em rồi tự sướng?♡ Hì hì hì...♡
CommonEvents,403,OP2,OP,Story_OP,サキュバス,\C[5]サキュバス,"じゃあ、お兄さんがも～っと私で頭の中を
いっぱいにできるようにお手伝いしてあげる♡",Thế thì để em giúp anh trai lấp đầy hình bóng em trong đầu hơn nữa nhé♡
CommonEvents,403,OP2,OP,Story_OP,,\N[1],"……っ。
すぅ……はぁ……。",... ah. Hà... phù...
CommonEvents,403,OP2,OP,Story_OP,,\N[1],……はぁっ！,...Hà!
CommonEvents,403,OP2,OP,Story_OP,サキュバス,\C[5]サキュバス,"……あ……、な、なんで……っ。
耐えられるように、なってるの……？","...A..., s-sao lại... ah. Sao anh lại chịu đựng được chứ...?"
CommonEvents,403,OP2,OP,Story_OP,サキュバス,\C[5]サキュバス,勃起、してる癖にぃ……っ。,Rõ ràng con cu đang cứng ngắc mà... ah.
CommonEvents,403,OP2,OP,Story_OP,,\N[1],"はぁ……。
危なかった……。",Phù... Nguy hiểm thật...
CommonEvents,403,OP2,OP,Story_OP,受付嬢,受付嬢,"えっ……！？
あのダンジョン、攻略できたんですか……！？",Éc...!? Anh chinh phục được hầm ngục đó rồi sao...!?
CommonEvents,403,OP2,OP,Story_OP,,\N[1],はい、なんとか……。,"Vâng, bằng cách nào đó..."
CommonEvents,403,OP2,OP,Story_OP,受付嬢,受付嬢,"この短期間でリベンジに成功するなんてすごいです！
前に行く手を阻まれた魔物を、一体どうやって倒したんですか？","Trong thời gian ngắn thế này mà phục thù thành công, anh giỏi quá! Rốt cuộc anh đã hạ gục con quái vật ngán đường đó bằng cách nào vậy?"
CommonEvents,403,OP2,OP,Story_OP,,\N[1],どうやってと言われると難しいんですけど、えーっと……。,"Hỏi bằng cách nào thì khó nói lắm, ừm..."
CommonEvents,403,OP2,OP,Story_OP,,\N[1],"……こう、ある人のことを思い浮かべたら
力が湧いてきたと言いますか……。","...Kiểu như, khi nghĩ về một người nào đó thì tự nhiên sức mạnh bộc phát ra..."
CommonEvents,403,OP2,OP,Story_OP,受付嬢,受付嬢,"なるほど！！　守るべき者のために戦うことで
さらなる力を発揮したというわけですね！!",Ra là thế!! Chiến đấu vì người mình muốn bảo vệ nên đã phát huy sức mạnh vượt giới hạn đúng không!!
CommonEvents,403,OP2,OP,Story_OP,,\N[1],あー、まぁ、そんな感じですかねー……。,"À, ừm, đại loại là kiểu vậy đó..."
CommonEvents,403,OP2,OP,Story_OP,,\N[1],（治療の効果……本当にあったな）,(Hiệu quả trị liệu... thực sự có tác dụng thật)
CommonEvents,403,OP2,OP,Story_OP,受付嬢,受付嬢,"ともかく、クエスト達成の報告は受け付けました！
その他連絡事項などはございませんか？",Dù sao thì thủ tục báo cáo hoàn thành nhiệm vụ tôi đã tiếp nhận! Anh còn việc gì cần liên lạc nữa không?
CommonEvents,403,OP2,OP,Story_OP,,\N[1],他は特にな……あっ。,Khác thì không có gì... À.
CommonEvents,403,OP2,OP,Story_OP,,\N[1],"クエストとは関係ないんですけど、
一つ聞いて良いですか？","Không liên quan đến nhiệm vụ lắm, nhưng tôi có thể hỏi một câu được không?"
CommonEvents,403,OP2,OP,Story_OP,受付嬢,受付嬢,"はい！
なんでしょうか？",Vâng! Anh cứ hỏi đi ạ!
CommonEvents,403,OP2,OP,Story_OP,,\N[1],天使って……どういう存在なんですか？,Thiên Sứ... là sự tồn tại như thế nào vậy?
CommonEvents,403,OP2,OP,Story_OP,受付嬢,受付嬢,"天使、ですか。
一応接触報告自体はあるのですが、どれも内容が曖昧でして……。","Thiên Sứ sao. Tuy có báo cáo ghi nhận từng tiếp xúc, nhưng nội dung đều mơ hồ..."
CommonEvents,403,OP2,OP,Story_OP,受付嬢,受付嬢,"共通している部分で言うと、天使には頭上に輪っかが浮いていて
腰に翼が生えていること。",Điểm chung duy nhất là Thiên Sứ có vòng sáng lơ lửng trên đầu và đôi cánh sau lưng.
CommonEvents,403,OP2,OP,Story_OP,受付嬢,受付嬢,迷っている人間へ啓示を与えにやってくること。,Họ xuống trần để ban khuyên bảo cho con người đang lạc lối.
CommonEvents,403,OP2,OP,Story_OP,受付嬢,受付嬢,"それから……顔からは感情が全く読み取れず、
「一切笑わない」ことなどでしょうか。","Ngoài ra... trên khuôn mặt hoàn toàn không đọc được cảm xúc, và ""tuyệt đối không bao giờ cười""."
CommonEvents,403,OP2,OP,Story_OP,,\N[1],……。,......
CommonEvents,403,OP2,OP,Story_OP,受付嬢,受付嬢,"探しているのであれば、また報告があれば
お伝えしますよ！",Nếu anh đang tìm kiếm thì khi nào có báo cáo mới tôi sẽ báo cho anh biết nhé!
CommonEvents,403,OP2,OP,Story_OP,,\N[1],"……はい。
よろしくお願いします。",...Vâng. Nhờ cô giúp cho.
CommonEvents,403,OP2,OP,Story_OP,,\N[1],「天使は笑わない」……。,"""Thiên Sứ không bao giờ cười""..."
CommonEvents,403,OP2,OP,Story_OP,,\N[1],……彼女は一体、何者なんだろう。,...Cô ấy rốt cuộc là ai chứ.
CommonEvents,404,ショップ初回,買い物,UI_Shop,,\N[1],"そろそろ探索用のアイテムが少なくなってきたな。
今のうちに補充しておこう。",Dạo này đạo cụ khám phá sắp hết rồi. Phải tranh thủ bổ sung mới được.
CommonEvents,404,ショップ初回,買い物,UI_Shop,,\N[1],"……お、ちょうどいいところに道具屋がある。
入ってみよう。","...Ồ, vừa hay có tiệm tạp hóa ở kia. Vào xem thử thôi."
CommonEvents,404,ショップ初回,買い物,UI_Shop,サキュバス,\C[5]サキュバス,いらっしゃいませーっ！,Xin kính chào quý khách--!
CommonEvents,404,ショップ初回,買い物,UI_Shop,,\N[1],え？,Hả?
CommonEvents,404,ショップ初回,買い物,UI_Shop,サキュバス,\C[5]サキュバス,あっ。,Á.
CommonEvents,404,ショップ初回,買い物,UI_Shop,,\N[1],なぜここにサキュバスが……？,Tại sao Succubus lại ở đây...?
CommonEvents,404,ショップ初回,買い物,UI_Shop,サキュバス,\C[5]サキュバス,"待って待って！
剣構えないで！",Khoan khoan đã! Đừng rút kiếm ra mà!
CommonEvents,404,ショップ初回,買い物,UI_Shop,サキュバス,\C[5]サキュバス,"も、もう～♡　一度身体を重ねた仲でしょお兄さん♡
そんなに睨んだら格好いい顔が台無しだよぉ？♡",M-Mới ngày nào còn mây mưa với nhau mà anh trai♡ Anh trợn mắt nhìn em thế là làm hỏng khuôn mặt bảnh bao rồi đấy nhé?♡
CommonEvents,404,ショップ初回,買い物,UI_Shop,,\N[1],とりあえずここにいる理由を聞かせてください。,Tạm thời hãy cho tôi biết lý do cô ở đây cái đã.
CommonEvents,404,ショップ初回,買い物,UI_Shop,サキュバス,\C[5]サキュバス,えーーーっとぉ……。,Ừmmmm...
CommonEvents,404,ショップ初回,買い物,UI_Shop,サキュバス,\C[5]サキュバス,"お兄さんに生まれて初めての敗北を味あわされて、
挫折しちゃったっていうかぁ……。","Thì là bị anh trai cho nếm trải thất bại đầu tiên trong đời, nên thấy suy sụp tinh thần..."
CommonEvents,404,ショップ初回,買い物,UI_Shop,サキュバス,\C[5]サキュバス,"自分の力に限界を感じて、争いのない場所で
生きていこうかなって思ったっていうかぁ……。",Cảm thấy bản thân có giới hạn nên muốn chuyển đến sống ở nơi không có tranh chấp...
CommonEvents,404,ショップ初回,買い物,UI_Shop,,\N[1],……そうですか……。,...Ra là vậy...
CommonEvents,404,ショップ初回,買い物,UI_Shop,サキュバス,\C[5]サキュバス,お兄さんのせいだからね！？,Tất cả là tại anh trai đấy nhé!?
CommonEvents,404,ショップ初回,買い物,UI_Shop,サキュバス,\C[5]サキュバス,"誘惑に乗らない相手は普通に力でねじ伏せられてたのに！
どっちでも勝てないなんてどうしようもないじゃん！！",Những kẻ không mắc mưu quyến rũ bình thường đều bị em dùng sức mạnh đè bẹp! Thế mà gặp anh thì cách nào cũng thua làm sao em sống nổi chứ!!
CommonEvents,404,ショップ初回,買い物,UI_Shop,サキュバス,\C[5]サキュバス,"てなわけで今はただのいち店員として働いてるから
退治しないでね♡","Vì thế nên bây giờ em chỉ làm nhân viên bán hàng bình thường thôi, đừng tiêu diệt em nhé♡"
CommonEvents,404,ショップ初回,買い物,UI_Shop,,\N[1],まぁ、悪さしないなら……。,"Mà, nếu không làm chuyện ác thì..."
CommonEvents,404,ショップ初回,買い物,UI_Shop,サキュバス,\C[5]サキュバス,"さすがお兄さん♡
話が分かる～♡",Quả nhiên là anh trai♡ Hiểu chuyện quá đi♡
CommonEvents,404,ショップ初回,買い物,UI_Shop,サキュバス,\C[5]サキュバス,"ちなみにお兄さんは何をお探し？
冒険に必要なものは一通りそろってるよ。",Tiện thể anh trai đang tìm mua gì thế? Những đồ cần thiết cho phiêu lưu ở đây có đủ cả đấy.
CommonEvents,404,ショップ初回,買い物,UI_Shop,サキュバス,\C[5]サキュバス,"レベルの高いダンジョンに行かれるなら、
ハイポーション10個セットがお得ですよー！",Nếu đi hầm ngục cấp cao thì mua gói 10 bình Thuốc Hồi Phục Cao Cấp sẽ tiết kiệm lắm đó!
CommonEvents,404,ショップ初回,買い物,UI_Shop,,\N[1],（ちゃんと店員してる……）,(Làm nhân viên bán hàng đàng hoàng thật...)
CommonEvents,404,ショップ初回,買い物,UI_Shop,サキュバス,\C[5]サキュバス,"あとね～、これは私だからこそ売れる
スペシャルアイテムなんだけど～、","Ngoài ra nè~, đây là vật phẩm đặc biệt chỉ mình em mới bán được thôi~"
CommonEvents,404,ショップ初回,買い物,UI_Shop,サキュバス,\C[5]サキュバス,"インキュバスが執筆した夜のテクニックのハウツー本もあるよ♡
魔物の間じゃ定番なんだぁ。",Sách hướng dẫn kỹ thuật phòng trung do Incubus biên soạn đấy♡ Vật phẩm kinh điển của giới quái vật đó.
CommonEvents,404,ショップ初回,買い物,UI_Shop,サキュバス,\C[5]サキュバス,"お兄さんみたいな女の子に弱～い人には
特におすすめだよ♡　なんちゃって♡",Đặc biệt khuyến nghị cho những người yếu trước con gái như anh trai đấy♡ Giỡn chút thôi hi hi♡
CommonEvents,404,ショップ初回,買い物,UI_Shop,,\N[1],"（夜のテクニック……もしかしたら
早漏の治療に使えるかもしれない）",(Kỹ thuật phòng trung... Biết đâu lại dùng được cho việc trị liệu xuất tinh sớm)
CommonEvents,404,ショップ初回,買い物,UI_Shop,,\N[1],あー……、ちょっと見せてもらってもいいですか？,À... Cho tôi xem thử một chút được không?
CommonEvents,404,ショップ初回,買い物,UI_Shop,サキュバス,\C[5]サキュバス,"え？
本当に欲しいの？",Hả? Anh muốn mua thật sao?
CommonEvents,404,ショップ初回,買い物,UI_Shop,サキュバス,\C[5]サキュバス,"なになに～？♡
お兄さんの癖にテクニシャンぶろうなんて生意気じゃーん♡","Gì đây gì đây~?♡ Anh trai mà cũng muốn tỏ ra là tay chơi sành sỏi cơ đấy, xấc xược ghê~♡"
CommonEvents,404,ショップ初回,買い物,UI_Shop,,\N[1],あーもう、いいから早く見せてください。,"Thôi được rồi, đưa tôi xem nhanh lên."
CommonEvents,404,ショップ初回,買い物,UI_Shop,サキュバス,\C[5]サキュバス,はいはい、相変わらず早漏さんなんだから♡,"Rồi rồi, đúng là cái đồ xuất tinh sớm lúc nào cũng vội vã♡"
CommonEvents,404,ショップ初回,買い物,UI_Shop,,\N[1],はぁ……。,Hà...
CommonEvents,405,メインストーリー1,メインストーリー,Story_Main,セラ,\C[4]セラ,"今日もお疲れ様でした。
お大事に。",Hôm nay anh làm việc vất vả rồi. Chúc anh mau khỏe.
CommonEvents,405,メインストーリー1,メインストーリー,Story_Main,,\N[1],"は、はい。
ありがとうございました。",V-Vâng. Cảm ơn em.
CommonEvents,405,メインストーリー1,メインストーリー,Story_Main,,\N[1],"……あの、セラさんって以前から
ナースとしてこういうことをされてるんですか？","...À này Sera, từ trước đến nay em đã làm công việc y tá kiểu này bao giờ chưa?"
CommonEvents,405,メインストーリー1,メインストーリー,Story_Main,セラ,\C[4]セラ,"いいえ？
ナースになったのは最近です。",Chưa ạ? Em mới làm y tá gần đây thôi.
CommonEvents,405,メインストーリー1,メインストーリー,Story_Main,セラ,\C[4]セラ,"必要と判断したから、つい最近このクリニックを開院し
ナースを名乗り始めたに過ぎません。",Vì thấy cần thiết nên mới mở phòng khám này và xưng là y tá cách đây không lâu.
CommonEvents,405,メインストーリー1,メインストーリー,Story_Main,セラ,\C[4]セラ,"私たち天使は迷える人間を導くのが使命です。
迷う要因が早漏ならば、我々が治療しなくては。",Thiên Sứ chúng em có sứ mệnh dẫn dắt con người lạc lối. Nếu nguyên nhân lạc lối là xuất tinh sớm thì chúng em phải chữa trị.
CommonEvents,405,メインストーリー1,メインストーリー,Story_Main,,\N[1],確かに悩んでいますが、大げさなような……。,"Đúng là anh đang trăn trở thật, nhưng có vẻ hơi quá đà..."
CommonEvents,405,メインストーリー1,メインストーリー,Story_Main,セラ,\C[4]セラ,そんなことはありません。,Không hề có chuyện đó đâu ạ.
CommonEvents,405,メインストーリー1,メインストーリー,Story_Main,セラ,\C[4]セラ,"あなたは冒険者です。
なのにモンスター娘のいる場所には行けないだなんて
大きな損失でしょう。",Anh là mạo hiểm giả. Thế mà lại không thể đi đến nơi có Monster Girl thì đúng là tổn thất lớn.
CommonEvents,405,メインストーリー1,メインストーリー,Story_Main,セラ,\C[4]セラ,これは間違いなく我々天使が手助けするべき案件です。,Đây chắc chắn là vụ việc Thiên Sứ chúng em nên ra tay giúp đỡ.
CommonEvents,405,メインストーリー1,メインストーリー,Story_Main,セラ,\C[4]セラ,"もっとも、私は早漏なあなたも可愛いらしいと思っていますが……、
治療すべきなので仕方がありません。",Dù sao thì em cũng thấy một người xuất tinh sớm như anh rất đáng yêu... Dù vậy việc trị liệu vẫn phải làm thôi.
CommonEvents,405,メインストーリー1,メインストーリー,Story_Main,,\N[1],"か、かわ……。
相変わらず真顔でそういうこと言いますね。",Đ-Đáng... Thật tình em toàn nói những câu như thế với vẻ mặt nghiêm túc.
CommonEvents,405,メインストーリー1,メインストーリー,Story_Main,,\N[1],他の患者さんにもこういう感じなんですか？,Với bệnh nhân khác em cũng như thế này sao?
CommonEvents,405,メインストーリー1,メインストーリー,Story_Main,セラ,\C[4]セラ,"おや？
私は「あなた専属ナース」だと先日ご説明したはずですが。","Ồ? Lần trước em đã giải thích em là ""y tá riêng của anh"" rồi mà."
CommonEvents,405,メインストーリー1,メインストーリー,Story_Main,セラ,\C[4]セラ,"あなた以外の患者など存在しません。
ここはあなたのためのクリニックですので。",Không hề có bệnh nhân nào khác ngoài anh cả. Nơi này là phòng khám dành riêng cho anh mà.
CommonEvents,405,メインストーリー1,メインストーリー,Story_Main,,\N[1],"（……聞けば聞くほど分からない。
なんで僕専属なんだ……）",(...Càng nghe càng không hiểu. Tại sao lại là riêng mình chứ...)
CommonEvents,405,メインストーリー1,メインストーリー,Story_Main,,\N[1],（何回かここに来ているが、セラさんについては未だに色々と謎だ）,(Đã đến đây vài lần rồi nhưng về Sera mình vẫn thấy vô vàn bí ẩn)
CommonEvents,405,メインストーリー1,メインストーリー,Story_Main,セラ,\C[4]セラ,"ふむ……そんなことを聞くなんて、もしかして
私を疑っているのですか？",Hừm... Hỏi như vậy chẳng lẽ anh đang nghi ngờ em sao?
CommonEvents,405,メインストーリー1,メインストーリー,Story_Main,,\N[1],"い、いや！
そういうわけでは！",K-Không phải! Không có chuyện đó đâu!
CommonEvents,405,メインストーリー1,メインストーリー,Story_Main,セラ,\C[4]セラ,隠す必要はありません。,Anh không cần phải giấu.
CommonEvents,405,メインストーリー1,メインストーリー,Story_Main,セラ,\C[4]セラ,"私が専属を名乗りながら他の人に治療をしていないか
気が気ではないのではないですか？",Chẳng lẽ anh đang sốt ruột lo lắng xem em có danh nghĩa là y tá riêng nhưng lại đi chữa cho người khác không?
CommonEvents,405,メインストーリー1,メインストーリー,Story_Main,,\N[1],……本当にそういうわけではないんですか……。,...Thực sự là không phải như thế mà...
CommonEvents,405,メインストーリー1,メインストーリー,Story_Main,セラ,\C[4]セラ,"私たちはナースと患者という関係なのに、
そう悩まれると少し困ってしまいます。","Chúng ta đang trong mối quan hệ y tá và bệnh nhân, anh trăn trở như vậy khiến em hơi khó xử đấy."
CommonEvents,405,メインストーリー1,メインストーリー,Story_Main,セラ,\C[4]セラ,"そうですね……あなたを安心させるのも
治療に必要だと判断しました。",Đúng rồi... Em quyết định việc làm cho anh an tâm cũng là điều cần thiết trong trị liệu.
CommonEvents,405,メインストーリー1,メインストーリー,Story_Main,セラ,\C[4]セラ,少々失礼します。,Em xin phép một chút.
CommonEvents,405,メインストーリー1,メインストーリー,Story_Main,,\N[1],な、何ですか……！？,G-Gì thế em...!?
CommonEvents,405,メインストーリー1,メインストーリー,Story_Main,セラ,\C[4]セラ,見ての通り、手をつないでいます。,"Như anh thấy đấy, em đang nắm tay anh."
CommonEvents,405,メインストーリー1,メインストーリー,Story_Main,セラ,\C[4]セラ,"人間は手を繋ぐことで愛情を表現すると
聞いたことがあります。",Em nghe nói con người thể hiện tình cảm thông qua việc nắm tay.
CommonEvents,405,メインストーリー1,メインストーリー,Story_Main,セラ,\C[4]セラ,ですから、こうすれば安心するのではないかと考えました。,Vì vậy em nghĩ làm thế này sẽ giúp anh an tâm hơn.
CommonEvents,405,メインストーリー1,メインストーリー,Story_Main,,\N[1],な、なるほどです……。,R-Ra là thế...
CommonEvents,405,メインストーリー1,メインストーリー,Story_Main,セラ,\C[4]セラ,"……。
視線が泳いでいますね。",.... Ánh mắt anh đang đảo liên hồi kìa.
CommonEvents,405,メインストーリー1,メインストーリー,Story_Main,セラ,\C[4]セラ,"私はこんなに目を見つめているのに。
じー……。",Trong khi em đang nhìn chằm chằm vào mắt anh thế này. Nhìn chằm chằm...
CommonEvents,405,メインストーリー1,メインストーリー,Story_Main,,\N[1],"こんな距離感で手を繋がれることなんてないので、
緊張してしまって……。",Tại vì chưa bao giờ anh được nắm tay ở khoảng cách gần thế này nên thấy bối rối quá...
CommonEvents,405,メインストーリー1,メインストーリー,Story_Main,セラ,\C[4]セラ,"緊張……。
安心させるどころか逆効果だった、ということですか。",Bối rối... Tức là chẳng những không làm anh an tâm mà còn phản tác dụng sao.
CommonEvents,405,メインストーリー1,メインストーリー,Story_Main,セラ,\C[4]セラ,"……私、間違えてしまったみたいですね。
すみません。",...Có vẻ em làm sai mất rồi. Em xin lỗi.
CommonEvents,405,メインストーリー1,メインストーリー,Story_Main,セラ,\C[4]セラ,これでも勉強はしているつもりなのですが。,Dù em đã cố gắng học hỏi nhiều...
CommonEvents,405,メインストーリー1,メインストーリー,Story_Main,セラ,\C[4]セラ,やはり、人間の感覚は難しいですね……。,Quả nhiên cảm xúc của con người khó thật...
CommonEvents,405,メインストーリー1,メインストーリー,Story_Main,,\N[1],あ……。,À...
CommonEvents,405,メインストーリー1,メインストーリー,Story_Main,,\N[1],（セラさんも……そんな顔するんだ）,(Sera cũng... có lúc làm vẻ mặt như thế sao)
CommonEvents,405,メインストーリー1,メインストーリー,Story_Main,,\N[1],（天使も、落ち込むのかな）,(Thiên Sứ cũng biết buồn phiền sao)
CommonEvents,405,メインストーリー1,メインストーリー,Story_Main,,\N[1],……あの、セラさん。,"...À này, Sera."
CommonEvents,405,メインストーリー1,メインストーリー,Story_Main,,\N[1],やっぱり僕の手握ってください！,Anh xin em hãy nắm tay anh tiếp đi!
CommonEvents,405,メインストーリー1,メインストーリー,Story_Main,セラ,\C[4]セラ,あっ……。,Hả...
CommonEvents,405,メインストーリー1,メインストーリー,Story_Main,,\N[1],"緊張はしますけど、でも、安心もしてます！
間違ってないです！","Tuy anh có bối rối thật, nhưng anh cũng thấy an tâm nữa! Em không làm sai đâu!"
CommonEvents,405,メインストーリー1,メインストーリー,Story_Main,セラ,\C[4]セラ,"えっと……。
そう、ですか。",Ờm... Ra là vậy sao.
CommonEvents,405,メインストーリー1,メインストーリー,Story_Main,セラ,\C[4]セラ,"安心しているようには見えなかったですが、
そういうものなのでしょうか。","Trông anh không giống như đang an tâm chút nào, nhưng hoá ra là như thế sao."
CommonEvents,405,メインストーリー1,メインストーリー,Story_Main,セラ,\C[4]セラ,……でも、ありがとうございます。,"...Nhưng mà, cảm ơn anh nhé."
CommonEvents,405,メインストーリー1,メインストーリー,Story_Main,,\N[1],！,!
CommonEvents,405,メインストーリー1,メインストーリー,Story_Main,,\N[1],"（……受付嬢さんが言ってたんだっけ。
天使は一切笑わないっていう話）",(...Cô lễ tân từng nói gì nhỉ. Rằng Thiên Sứ không bao giờ cười)
CommonEvents,405,メインストーリー1,メインストーリー,Story_Main,,\N[1],"（……モンスター娘にもいつもこうやって
騙されてるんだけどな）",(...Dù bình thường mình toàn bị Monster Girl lừa dối kiểu này)
CommonEvents,405,メインストーリー1,メインストーリー,Story_Main,,\N[1],（やっぱり、可愛いって思ってしまう）,"(Nhưng quả nhiên, mình vẫn thấy cô ấy thật đáng yêu)"
CommonEvents,406,メインストーリー2-1,メインストーリー,Story_Main,セラ,\C[4]セラ,"順調に治療の段階が進んでいますね。
とても良いことです。",Giai đoạn trị liệu đang tiến triển rất thuận lợi. Đây là điều rất tốt.
CommonEvents,406,メインストーリー2-1,メインストーリー,Story_Main,セラ,\C[4]セラ,"次はよりあなたの特性に合わせた治療を
行おうと考えています。",Tiếp theo em dự định sẽ tiến hành liệu trình phù hợp hơn với đặc tính của anh.
CommonEvents,406,メインストーリー2-1,メインストーリー,Story_Main,,\N[1],僕の特性？,Đặc tính của anh sao?
CommonEvents,406,メインストーリー2-1,メインストーリー,Story_Main,セラ,\C[4]セラ,もっと分かりやすく言いましょうか。,Để em nói dễ hiểu hơn nhé.
CommonEvents,406,メインストーリー2-1,メインストーリー,Story_Main,セラ,\C[4]セラ,"マゾの方によーく効く施術で
あなたを虜にさせる……ということです。",Tức là dùng liệu trình có hiệu quả cực cao đối với đồ M để làm cho anh say đắm em... là như thế đấy.
CommonEvents,406,メインストーリー2-1,メインストーリー,Story_Main,,\N[1],っ！,!
CommonEvents,406,メインストーリー2-1,メインストーリー,Story_Main,セラ,\C[4]セラ,"そうすれば、あなたの性癖を見抜いて
甘く意地悪してくる相手にも強くなれますよ。",Sera chọn lâu thật đấy...
CommonEvents,406,メインストーリー2-1,メインストーリー,Story_Main,セラ,\C[4]セラ,"あなたの負け癖を、私だけに対しての負け癖へ
上書きしてしまうのですから。",Vì em muốn chọn kỹ càng đồ bôi trơn để dùng cho đợt trị liệu tới mà.
CommonEvents,406,メインストーリー2-1,メインストーリー,Story_Main,セラ,\C[4]セラ,それでは始めましょうか。,Ờm... Có cần phải đi hẳn đến tiệm tạp hóa thế này không...
CommonEvents,406,メインストーリー2-1,メインストーリー,Story_Main,セラ,\C[4]セラ,"新しい負け癖をおちんちんに刻まれる準備は
よろしいでしょうか。",Hừm. Dụng cụ y tế dành cho con người ở phòng khám em đều do vị khách đằng kia cung cấp.
CommonEvents,407,メインストーリー2-2,メインストーリー,Story_Main,,,治療の後、セラはそそくさと荷物をまとめ始めた。,Nên đồ ở đây đầy đủ chủng loại nhất.
CommonEvents,407,メインストーリー2-2,メインストーリー,Story_Main,,\N[1],"あれ？
この後どこかお出かけするんですか？","À, ra là vậy..."
CommonEvents,407,メインストーリー2-2,メインストーリー,Story_Main,セラ,\C[4]セラ,"はい。
治療に必要な物資を街に買いに行こうかと。",(Thì ra là lấy đồ từ chỗ cô ả Succubus đó sao...)
CommonEvents,407,メインストーリー2-2,メインストーリー,Story_Main,,\N[1],そうなんですね。,Ngoài ra nơi này còn có bán cả tạp chí dành cho người lớn nên em có thể tìm hiểu thêm về sở thích của con người.
CommonEvents,407,メインストーリー2-2,メインストーリー,Story_Main,,\N[1],"……あの、もし大丈夫だったら
着いて行ってもいいですか？",Khụ khụ!
CommonEvents,407,メインストーリー2-2,メインストーリー,Story_Main,セラ,\C[4]セラ,"はぁ……。
構いませんが、面白いことなど何もありませんよ。",Anh sao thế? Bị ho sao?
CommonEvents,407,メインストーリー2-2,メインストーリー,Story_Main,,\N[1],"それでも大丈夫です！
ご迷惑でなければですが。",Kh-Không có gì... Không sao đâu...
CommonEvents,407,メインストーリー2-2,メインストーリー,Story_Main,セラ,\C[4]セラ,"迷惑ではありませんが……。
分かりました、少々お待ちください。",Thế thì tốt rồi. Vậy xin phép anh cho em ghé qua xem quầy đồ bôi trơn nhé.
CommonEvents,407,メインストーリー2-2,メインストーリー,Story_Main,,\N[1],ありがとうございます！,Anh có muốn đi cùng em không?
CommonEvents,407,メインストーリー2-2,メインストーリー,Story_Main,,\N[1],"（セラさんがクリニック以外にいるところを
見たことがないから、少し気になる）",Cùng đi xem đồ bôi trơn sao!?
CommonEvents,407,メインストーリー2-2,メインストーリー,Story_Main,,\N[1],"（正直まだ彼女のことを信用しきれてるわけじゃないし、
人となりを知ってみたい）",Đương nhiên rồi. Anh cũng là người sử dụng mà.
CommonEvents,407,メインストーリー2-2,メインストーリー,Story_Main,セラ,\C[4]セラ,"さて、と……このあたりに目的の店が
あるらしいのですが……。",Nên em nghĩ anh cũng nên chọn loại mình thích.
CommonEvents,407,メインストーリー2-2,メインストーリー,Story_Main,,\N[1],"良ければ案内しましょうか？
このあたりの地理なら分かりますよ。",Tôi hiểu rồi... Tôi sẽ đi cùng em.
CommonEvents,407,メインストーリー2-2,メインストーリー,Story_Main,セラ,\C[4]セラ,そうなのですね、ではお願いします。,"Vâng, mời anh đi đường này."
CommonEvents,407,メインストーリー2-2,メインストーリー,Story_Main,通行人A,通行人A,"おい、みろよあの美人……。
すげースタイルいいな。",Nè hai người kia~ Đừng có tự nhiên xem nơi này thành không gian hai người thế chứ~
CommonEvents,407,メインストーリー2-2,メインストーリー,Story_Main,通行人B,通行人B,"あぁ。
でも彼氏が一緒か……。",...
CommonEvents,407,メインストーリー2-2,メインストーリー,Story_Main,通行人A,通行人A,"俺もあんな彼女が欲しいよ。
羨ましいな～。",Lần sau tôi sẽ dùng phép thuật thanh tẩy tiệm này đấy.
CommonEvents,407,メインストーリー2-2,メインストーリー,Story_Main,セラ,\C[4]セラ,……何やら周囲に勘違いされているようですね。,Đừng có đe dọa người ta chứ!
CommonEvents,407,メインストーリー2-2,メインストーリー,Story_Main,,\N[1],あはは……。,Hôm nay em đến mua đồ bôi trơn để trị liệu đúng không?
CommonEvents,407,メインストーリー2-2,メインストーリー,Story_Main,セラ,\C[4]セラ,"まぁ、私はあなたのことが好きなので
当然まんざらでもありませんが。",Chỗ đó ở đằng kia kìa. Đi thong thả nhé~
CommonEvents,407,メインストーリー2-2,メインストーリー,Story_Main,セラ,\C[4]セラ,あなたはどうですか？,Cảm ơn.
CommonEvents,407,メインストーリー2-2,メインストーリー,Story_Main,,\N[1],"えっ！？　えっと……僕も、ですかねぇ。
セラさんみたいな人とそういう風に見てもらえるのは光栄です。",Hừm...
CommonEvents,407,メインストーリー2-2,メインストーリー,Story_Main,セラ,\C[4]セラ,……なるほど。,(Nhiều loại thật đấy... Chi chít trên kệ luôn...)
CommonEvents,407,メインストーリー2-2,メインストーリー,Story_Main,セラ,\C[4]セラ,もしかして今、私のことを口説きましたか？,Loại này có vẻ phổ biến nhất nhỉ.
CommonEvents,407,メインストーリー2-2,メインストーリー,Story_Main,,\N[1],"！？
そ、そういうわけでは……！","Độ trơn vừa phải, dễ lau chùi..."
CommonEvents,407,メインストーリー2-2,メインストーリー,Story_Main,セラ,\C[4]セラ,冗談です。,Nhưng có vẻ hơi thiếu tính kích thích cho việc trị liệu.
CommonEvents,407,メインストーリー2-2,メインストーリー,Story_Main,,\N[1],（真顔だから本気なのかどうか全く分からない）,"Sera giỏi thật đấy, đọc lướt qua thành phần là hiểu ngay tác dụng..."
CommonEvents,407,メインストーリー2-2,メインストーリー,Story_Main,,\N[1],そういえば探してる物資って何なんですか？,Vì em là y tá riêng của anh mà.
CommonEvents,407,メインストーリー2-2,メインストーリー,Story_Main,セラ,\C[4]セラ,"色々ありますが、このお店で探したいのは……、
あぁ、ここにありました。",Phải nắm rõ tác dụng của từng loại để áp dụng vào trị liệu hiệu quả nhất.
CommonEvents,407,メインストーリー2-2,メインストーリー,Story_Main,セラ,\C[4]セラ,ローションです。,Ra là vậy...
CommonEvents,407,メインストーリー2-2,メインストーリー,Story_Main,セラ,\C[4]セラ,"……おや？
どうして少し恥ずかしそうな顔をしているんですか？",Vậy loại này thì sao?
CommonEvents,407,メインストーリー2-2,メインストーリー,Story_Main,,\N[1],や、やっぱりエッチなグッズなので、ちょっと……。,Loại đó có vẻ tạo cảm giác ấm áp khi bôi lên...
CommonEvents,407,メインストーリー2-2,メインストーリー,Story_Main,セラ,\C[4]セラ,"そうですか。
初心な反応をしてしまうところも可愛いですね。",Cảm giác ấm nóng trơn mịn bao bọc lấy quy đầu... Cũng là một ý hay đấy.
CommonEvents,407,メインストーリー2-2,メインストーリー,Story_Main,セラ,\C[4]セラ,"ですがこちらは治療に必要ですから。
少しこの棚を物色させてもらいます。","Nhưng chuyện này cần thiết cho trị liệu mà.
Nên em xin phép xem xét kỹ quầy này một chút nhé."
CommonEvents,407,メインストーリー2-2,メインストーリー,Story_Main,セラ,\C[4]セラ,"ふむ……このお店は品揃えが良いですね。
特性の違う商品がたくさん置かれています。","Hừm... Cửa hàng này hàng hóa phong phú thật đấy.
Có rất nhiều sản phẩm với đặc tính khác nhau."
CommonEvents,407,メインストーリー2-2,メインストーリー,Story_Main,セラ,\C[4]セラ,"保湿力や粘度によって細分化されているのは助かります。
治療に最適なものを探したかったので。","Việc phân loại chi tiết theo độ ẩm và độ trơn thế này rất giúp ích cho em.
Vì em muốn tìm loại tối ưu nhất cho trị liệu mà."
CommonEvents,407,メインストーリー2-2,メインストーリー,Story_Main,セラ,\C[4]セラ,"含有成分によって肌への刺激も変わりますから、
しっかりと確認が必要ですね。","Tùy thuộc vào thành phần mà độ kích thích lên da cũng khác nhau,
nên cần phải kiểm tra thật kỹ lưỡng."
CommonEvents,407,メインストーリー2-2,メインストーリー,Story_Main,セラ,\C[4]セラ,"こちらのバランスタイプが人気のようですが、
あなたに合わせたものを厳選しなくては……。","Loại cân bằng này có vẻ được ưa chuộng nhất,
nhưng em phải tuyển chọn loại hợp nhất với anh mới được..."
CommonEvents,407,メインストーリー2-2,メインストーリー,Story_Main,セラ,\C[4]セラ,"うーん……これがいいでしょうか……。
しかしこちらも……治療によって使い分けるのも良いでしょうか……。","Ưm... Loại này tốt hơn nhỉ...
Nhưng loại này cũng... Hay là tùy theo đợt trị liệu mà dùng thay đổi nhỉ..."
CommonEvents,407,メインストーリー2-2,メインストーリー,Story_Main,,\N[1],（セラさん、真剣に選んでる）,(Sera chọn lựa nghiêm túc thật)
CommonEvents,407,メインストーリー2-2,メインストーリー,Story_Main,セラ,\C[4]セラ,"長時間の治療を想定するなら保湿力の高いものを選ぶべきですが、
あなたは早漏なので今はまだ重要視せずとも良いでしょうか。","Nếu tính đến việc trị liệu thời gian dài thì nên chọn loại độ ẩm cao,
nhưng anh bị xuất tinh sớm nên hiện tại chưa cần coi trọng cái đó lắm."
CommonEvents,407,メインストーリー2-2,メインストーリー,Story_Main,セラ,\C[4]セラ,"こちらはとろみが強いようです。
ねっとりと絡みつくように治療するのも捨てがたいですね。","Loại này có vẻ rất sền sệt.
Trị liệu kiểu quánh dính ôm trọn lấy con cu cũng là một lựa chọn không thể bỏ qua."
CommonEvents,407,メインストーリー2-2,メインストーリー,Story_Main,セラ,\C[4]セラ,"これは血行促進効果がある、と。
勃起をさらに促して敏感にし、弄ぶのも良い治療ができそうです。","Loại này giúp thúc đẩy tuần hoàn máu này.
Làm cho cương cứng hơn nữa, nhạy cảm hơn rồi trêu chọc chắc sẽ có một buổi trị liệu tuyệt vời đấy."
CommonEvents,407,メインストーリー2-2,メインストーリー,Story_Main,セラ,\C[4]セラ,"……あの。
少し前屈みになっているの、バレていますよ。","...Nè anh.
Anh hơi khom lưng về phía trước là em phát hiện ra rồi đấy nhé."
CommonEvents,407,メインストーリー2-2,メインストーリー,Story_Main,セラ,\C[4]セラ,ローションを使った治療を想像してしまいましたか。,Anh lại lỡ tưởng tượng ra cảnh trị liệu bằng gel bôi trơn rồi đúng không.
CommonEvents,407,メインストーリー2-2,メインストーリー,Story_Main,セラ,\C[4]セラ,"期待させてしまって申し訳ありませんが、
今は我慢してくださいね。","Xin lỗi vì đã làm anh mong chờ,
nhưng bây giờ anh ráng chịu đựng nhé."
CommonEvents,407,メインストーリー2-2,メインストーリー,Story_Main,セラ,\C[4]セラ,その代わり、次の治療でたーっぷり楽しませてあげますから……。,"Bù lại, buổi trị liệu tới em sẽ cho anh tận hưởng thỏa thích..."
CommonEvents,407,メインストーリー2-2,メインストーリー,Story_Main,,\N[1],……っ！,... ah!
CommonEvents,407,メインストーリー2-2,メインストーリー,Story_Main,,,その後も二人で色々な店を回った。,Sau đó hai người cùng nhau đi quanh vài cửa hàng nữa.
CommonEvents,407,メインストーリー2-2,メインストーリー,Story_Main,セラ,\C[4]セラ,今日はお付き合いいただきありがとうございました。,Cảm ơn anh hôm nay đã đi cùng em nhé.
CommonEvents,407,メインストーリー2-2,メインストーリー,Story_Main,,\N[1],"いやいや！
僕が勝手についてきただけですから。","Không có gì đâu!
Là do tôi tự nguyện đi theo mà."
CommonEvents,407,メインストーリー2-2,メインストーリー,Story_Main,セラ,\C[4]セラ,"そうですか。
なら、ついて来てもらって良かった、と言うべきでしょうか。","Vậy sao.
Thế thì em nên nói là thật tốt vì anh đã đi cùng nhỉ."
CommonEvents,407,メインストーリー2-2,メインストーリー,Story_Main,セラ,\C[4]セラ,誰かと買い物をするという体験は、新鮮でしたので。,Trải nghiệm đi mua sắm cùng ai đó đối với em rất mới mẻ.
CommonEvents,407,メインストーリー2-2,メインストーリー,Story_Main,,\N[1],……。,...
CommonEvents,407,メインストーリー2-2,メインストーリー,Story_Main,,\N[1],"（今日は結局色々買い物しただけで、
あんまりセラさんのことは聞けなかった）","(Hôm nay rốt cuộc chỉ toàn đi mua sắm linh tinh,
chẳng hỏi thêm được gì về Sera cả)"
CommonEvents,407,メインストーリー2-2,メインストーリー,Story_Main,,\N[1],（真顔で冗談言うし、やっぱりよく分からないとも思った）,"(Toàn nói đùa với vẻ mặt nghiêm túc, đúng là vẫn thấy khó hiểu thật)"
CommonEvents,407,メインストーリー2-2,メインストーリー,Story_Main,,\N[1],（……でも）,(...Nhưng mà)
CommonEvents,407,メインストーリー2-2,メインストーリー,Story_Main,,\N[1],（僕のために真剣な顔をしてくれていた）,(Cô ấy đã làm vẻ mặt nghiêm túc vì mình)
CommonEvents,407,メインストーリー2-2,メインストーリー,Story_Main,,\N[1],（やっぱり、悪い人には見えないな……）,"(Quả nhiên, cô ấy không có vẻ gì là người xấu cả...)"
CommonEvents,407,メインストーリー2-2,メインストーリー,Story_Main,,\N[1],セラさん、ありがとうございます。,"Sera này, cảm ơn em nhé."
CommonEvents,407,メインストーリー2-2,メインストーリー,Story_Main,セラ,\C[4]セラ,"……？
それは何に対しての感謝ですか？","...?
Anh cảm ơn em vì chuyện gì thế?"
CommonEvents,407,メインストーリー2-2,メインストーリー,Story_Main,,\N[1],"そうですね……色々お世話になってるので、
そのお礼です。","Thì là... em đã chăm sóc tôi rất nhiều,
nên tôi muốn cảm ơn em thôi."
CommonEvents,407,メインストーリー2-2,メインストーリー,Story_Main,,\N[1],"お陰様でモンスター娘の誘惑にも
強くなってきました。","Nhờ có em mà khả năng chống chịu sự quyến rũ của Monster Girl
cũng ngày một mạnh hơn rồi."
CommonEvents,407,メインストーリー2-2,メインストーリー,Story_Main,,\N[1],だから、ありがとうございます。,"Nên là, cảm ơn em nhiều nhé."
CommonEvents,407,メインストーリー2-2,メインストーリー,Story_Main,セラ,\C[4]セラ,……そうですか。,...Ra là vậy.
CommonEvents,407,メインストーリー2-2,メインストーリー,Story_Main,セラ,\C[4]セラ,"こういう時、どういう言葉を返すのが適切か分かりません……。
ですが、そうですね……。","Những lúc thế này em không biết nên đáp lại bằng lời nào cho thích hợp nữa...
Nhưng mà, đúng rồi..."
CommonEvents,407,メインストーリー2-2,メインストーリー,Story_Main,セラ,\C[4]セラ,どういたしまして……と、言っておきます。,Em xin nhận lời... em đáp lại như vậy nhé.
CommonEvents,407,メインストーリー2-2,メインストーリー,Story_Main,,\N[1],（夕日のせいだったのかな）,(Có phải do ánh hoàng hôn không nhỉ)
CommonEvents,407,メインストーリー2-2,メインストーリー,Story_Main,,\N[1],（セラさんの頬が、少し赤く見えた）,(Đôi má của Sera trông như hơi hồng lên thì phải)
CommonEvents,408,メインストーリー3-1,メインストーリー,Story_Main,セラ,\C[4]セラ,"さて、治療にも慣れてきたことでしょうから
そろそろ違った内容で処置を行っていこうと思います。","Được rồi, vì anh đã quen với việc trị liệu rồi,
nên em định chuẩn bị tiến hành điều trị với nội dung khác một chút."
CommonEvents,408,メインストーリー3-1,メインストーリー,Story_Main,セラ,\C[4]セラ,"あなたは男性器の中で一番敏感な部分はどこか
分かりますか？","Anh có biết phần nhạy cảm nhất trên bộ phận sinh dục nam
là ở đâu không?"
CommonEvents,408,メインストーリー3-1,メインストーリー,Story_Main,,\N[1],えっと、亀頭……ですかね？,"À thì, là quy đầu... đúng không?"
CommonEvents,408,メインストーリー3-1,メインストーリー,Story_Main,セラ,\C[4]セラ,"はい、その通りです。
つまりそこが対モンスター娘における最大の弱点ということです。","Vâng, chính xác rồi đấy.
Tức là chỗ đó chính là điểm yếu lớn nhất của anh trước Monster Girl."
CommonEvents,408,メインストーリー3-1,メインストーリー,Story_Main,セラ,\C[4]セラ,"ですから、早漏治療においてここを鍛えるのは
避けて通れない道と言えます。","Vì vậy trong việc trị xuất tinh sớm, luyện tập chỗ này
là con đường không thể né tránh."
CommonEvents,408,メインストーリー3-1,メインストーリー,Story_Main,セラ,\C[4]セラ,"というわけで今回の治療は
「先っぽばっかり集中応援治療」とさせていただきます。","Do đó đợt trị liệu lần này em đặt tên là
""Trị liệu tập trung cổ vũ riêng phần quy đầu""."
CommonEvents,408,メインストーリー3-1,メインストーリー,Story_Main,セラ,\C[4]セラ,"また、あなたの興奮を煽るために
前回とは違った形で施術を行いたいと思います。","Ngoài ra để kích thích sự hưng phấn của anh,
em muốn thực hiện trị liệu dưới một hình thức khác lần trước."
CommonEvents,408,メインストーリー3-1,メインストーリー,Story_Main,セラ,\C[4]セラ,"……少々恥ずかしいですが、こうすれば
よりおちんちんに血が集まりやすいのでは？","...Dù hơi xấu hổ một chút, nhưng làm thế này
có lẽ máu sẽ dễ dồn về con cu hơn đúng không?"
CommonEvents,408,メインストーリー3-1,メインストーリー,Story_Main,セラ,\C[4]セラ,"くす……鼻の下を伸ばしてしまって……。
効果てきめん、と言ったところでしょうか。","Hì hì... Anh giấu nụ cười dâm đục kìa...
Có vẻ hiệu quả tức thì nhỉ."
CommonEvents,408,メインストーリー3-1,メインストーリー,Story_Main,セラ,\C[4]セラ,"前回より難易度が上がりましたが、心配せずとも
ある程度手加減はしますよ。ある程度は、ですが。","Lần này độ khó sẽ cao hơn lần trước một chút,
nhưng anh đừng lo, em sẽ nương tay ở mức độ nhất định mà. Nhất định thôi nhé."
CommonEvents,408,メインストーリー3-1,メインストーリー,Story_Main,セラ,\C[4]セラ,"それではあなたの一番の弱点、
私に差し出していただいてよろしいでしょうか。","Vậy thì điểm yếu lớn nhất của anh,
anh có thể dâng ra cho em được chứ?"
CommonEvents,408,メインストーリー3-1,メインストーリー,Story_Main,セラ,\C[4]セラ,あなたの亀頭さん、私が格好良くしてあげますからね。,"Quy đầu của anh, em sẽ làm cho nó trở nên thật bảnh bao nhé."
CommonEvents,409,メインストーリー3-2,メインストーリー,Story_Main,サキュバス,\C[5]サキュバス,いらっしゃいませーっ！,Xin kính chào quý khách--!
CommonEvents,409,メインストーリー3-2,メインストーリー,Story_Main,サキュバス,\C[5]サキュバス,"……って、お兄さんじゃーん♡
今日もえっちなやつ欲しいのぉ？♡","...Ủa, là anh trai kìa~♡
Hôm nay lại muốn mua đồ dâm mát nữa sao?♡"
CommonEvents,409,メインストーリー3-2,メインストーリー,Story_Main,,\N[1],誤解を生む言い方はやめてください。,Đừng có dùng cách nói gây hiểu lầm như thế.
CommonEvents,409,メインストーリー3-2,メインストーリー,Story_Main,サキュバス,\C[5]サキュバス,"え～？　別に事実でしょ？
最近熱心に集めてるよねぇ、エロテクの本。","Ơ~? Thì là sự thật mà đúng không?
Dạo này anh tích cực sưu tầm sách kỹ thuật phòng trung lắm nha."
CommonEvents,409,メインストーリー3-2,メインストーリー,Story_Main,サキュバス,\C[5]サキュバス,"何？　もしかして彼女？
おちんちんはよわよわな癖に生意気～♡","Sao đó? Chẳng lẽ có bạn gái rồi sao?
Con cu thì yếu hìu mà xấc xược thế~♡"
CommonEvents,409,メインストーリー3-2,メインストーリー,Story_Main,,\N[1],……。,...
CommonEvents,409,メインストーリー3-2,メインストーリー,Story_Main,サキュバス,\C[5]サキュバス,"ちょっ、そんな怖い顔しないでよ！
冗談冗談！","K-Khoan đã, đừng làm vẻ mặt đáng sợ thế chứ!
Đùa thôi đùa thôi mà!"
CommonEvents,409,メインストーリー3-2,メインストーリー,Story_Main,サキュバス,\C[5]サキュバス,"こんな雑魚サキュバスの言葉なんて
大目に見ちゃってよぉ。",Anh đại xá cho lời nói của một Succubus gà mờ này đi mà~
CommonEvents,409,メインストーリー3-2,メインストーリー,Story_Main,,\N[1],はぁ……。,Hà...
CommonEvents,409,メインストーリー3-2,メインストーリー,Story_Main,？？？,？？？,……おや？,...Ồ?
CommonEvents,409,メインストーリー3-2,メインストーリー,Story_Main,セラ,\C[4]セラ,奇遇ですね。,Trùng hợp thật đấy.
CommonEvents,409,メインストーリー3-2,メインストーリー,Story_Main,,\N[1],"あっ、セ、セラさん！
こんにちは！","Á, S-Sera!
Chào em!"
CommonEvents,409,メインストーリー3-2,メインストーリー,Story_Main,セラ,\C[4]セラ,"あなたも買い出しですか。
このお店にはよく来られるのですか？","Anh cũng đi mua đồ sao.
Anh có hay đến cửa hàng này không?"
CommonEvents,409,メインストーリー3-2,メインストーリー,Story_Main,,\N[1],ま、まぁ……あはは……。,"À, th-thì... a ha ha..."
CommonEvents,409,メインストーリー3-2,メインストーリー,Story_Main,サキュバス,\C[5]サキュバス,……。,...
CommonEvents,409,メインストーリー3-2,メインストーリー,Story_Main,サキュバス,\C[5]サキュバス,ふーん……♪,Succubus.
CommonEvents,409,メインストーリー3-2,メインストーリー,Story_Main,サキュバス,\C[5]サキュバス,"ねぇねぇお兄さん、もしかしてこの人のために
色々ウチで買ってたわけ？",V-Vâng!?
CommonEvents,409,メインストーリー3-2,メインストーリー,Story_Main,,\N[1],い、いや、セラさんのためってわけじゃ……。,Tại sao cô lại ở chung phòng với vị khách này?
CommonEvents,409,メインストーリー3-2,メインストーリー,Story_Main,サキュバス,\C[5]サキュバス,"なんだそっかぁ～♡
良かった～気になってるのがこの人じゃなくて♡",Hẻ!? Th-Thì đây là cửa hàng của em mà...
CommonEvents,409,メインストーリー3-2,メインストーリー,Story_Main,サキュバス,\C[5]サキュバス,こんな美人が相手じゃ絶対私、勝ち目無いもん♡,Hơn nữa hai người còn đứng sát rạt vào nhau nữa.
CommonEvents,409,メインストーリー3-2,メインストーリー,Story_Main,サキュバス,\C[5]サキュバス,まだ私にもチャンスあるみたいで良かった～♡,Anh nghe em giải thích đã Sera! Cô ấy chỉ là người bán hàng thôi mà!
CommonEvents,409,メインストーリー3-2,メインストーリー,Story_Main,,\N[1],"な、何くっついて……。
離れてください。",...Anh đang bảo vệ cô ta sao?
CommonEvents,409,メインストーリー3-2,メインストーリー,Story_Main,セラ,\C[4]セラ,！,K-Không phải bảo vệ! Chỉ là giải thích sự thật thôi mà!
CommonEvents,409,メインストーリー3-2,メインストーリー,Story_Main,サキュバス,\C[5]サキュバス,"え～？♡
このくらいいつも通りでしょ？♡","Succubus, cô lại dùng phép thuật mê hoặc anh ấy nữa đúng không."
CommonEvents,409,メインストーリー3-2,メインストーリー,Story_Main,サキュバス,\C[5]サキュバス,（あたしにはなびかなかった癖に、この女は気になるんだぁ……）,Em đâu có làm thế! Anh ấy tự nguyện vào cửa hàng mua đồ mà!
CommonEvents,409,メインストーリー3-2,メインストーリー,Story_Main,サキュバス,\C[5]サキュバス,（ムカつくから邪魔してやろ～っと♡）,Nói dối.
CommonEvents,409,メインストーリー3-2,メインストーリー,Story_Main,セラ,\C[4]セラ,……。,Một Succubus như cô làm sao có thể buôn bán đàng hoàng được.
CommonEvents,409,メインストーリー3-2,メインストーリー,Story_Main,セラ,\C[4]セラ,この方と随分仲が良いみたいですね。,"Sera, bình tĩnh lại đi! Cô ấy thực sự đang làm nhân viên bán hàng ở đây mà!"
CommonEvents,409,メインストーリー3-2,メインストーリー,Story_Main,,\N[1],いや、そんなことはな……。,...Anh tin lời cô ta sao?
CommonEvents,409,メインストーリー3-2,メインストーリー,Story_Main,サキュバス,\C[5]サキュバス,"そうなんですよ～♡
お兄さんはいっつもウチに買い物しに来てくれるんですよぉ？♡","K-Không phải là tin hay không tin, nhưng sự thật là như thế..."
CommonEvents,409,メインストーリー3-2,メインストーリー,Story_Main,サキュバス,\C[5]サキュバス,もしかして、私に会いに来てたりして♡,...
CommonEvents,409,メインストーリー3-2,メインストーリー,Story_Main,セラ,\C[4]セラ,それは……良かったですね。,Em hiểu rồi.
CommonEvents,409,メインストーリー3-2,メインストーリー,Story_Main,セラ,\C[4]セラ,"……そういえばあなた、その角、翼……。
人間には見えませんが……。","Nếu cô ta đã dùng thủ đoạn quyến rũ anh,"
CommonEvents,409,メインストーリー3-2,メインストーリー,Story_Main,サキュバス,\C[5]サキュバス,"あぁ、そうだよ～？♡
私サキュバスなんだ～♡",thì em bắt buộc phải dùng biện pháp mạnh để bảo vệ anh.
CommonEvents,409,メインストーリー3-2,メインストーリー,Story_Main,サキュバス,\C[5]サキュバス,"悪いサキュバスだと勘違いされがちだけど、
その度にお兄さんが守ってくれるんだ♡",Khoan đã Sera! Đừng rút vũ khí ra ở đây chứ!
CommonEvents,409,メインストーリー3-2,メインストーリー,Story_Main,,\N[1],は？,Để em tiêu diệt ả Succubus này.
CommonEvents,409,メインストーリー3-2,メインストーリー,Story_Main,サキュバス,\C[5]サキュバス,"お兄さんって中身も格好良いんだよ？
浅～いところしか知らないあなたには分からないだろうけど♡",A a a a! Cứu với! Y tá điên quá!
CommonEvents,409,メインストーリー3-2,メインストーリー,Story_Main,セラ,\C[4]セラ,…………。,Sera! Dừng tay lại đi!
CommonEvents,409,メインストーリー3-2,メインストーリー,Story_Main,セラ,\C[4]セラ,"人間の街で商売をできるほどの社会性は評価しますが、
人をたぶらかす本能までは抑えられていないようですね。",...
CommonEvents,409,メインストーリー3-2,メインストーリー,Story_Main,セラ,\C[4]セラ,"危険と判断しました。
排除します。",Anh đang cản em sao?
CommonEvents,409,メインストーリー3-2,メインストーリー,Story_Main,サキュバス,\C[5]サキュバス,"は、排除ぉ？
ななな何ムキになってんのバッカじゃない？",Thì là ở đây là trong thành phố mà! Không được dùng vũ lực đâu!
CommonEvents,409,メインストーリー3-2,メインストーリー,Story_Main,サキュバス,\C[5]サキュバス,そんなことしたら犯罪なんだよぉ、お姉さん♡,...Nhưng cô ta là quái vật.
CommonEvents,409,メインストーリー3-2,メインストーリー,Story_Main,,\N[1],天使が魔物を退治して犯罪になるんですかね？,Cô ấy không làm hại ai cả! Thật đấy!
CommonEvents,409,メインストーリー3-2,メインストーリー,Story_Main,サキュバス,\C[5]サキュバス,"は！？　こいつ天使かよ！？
ヤバ！！",...
CommonEvents,409,メインストーリー3-2,メインストーリー,Story_Main,サキュバス,\C[5]サキュバス,"お兄さん守って早く！
浄化される！！",Anh bảo vệ cô ta đến mức đó sao.
CommonEvents,409,メインストーリー3-2,メインストーリー,Story_Main,,\N[1],"ちょっ、ひっぱらないでくださ……、
セラさんも落ち着いて！",Không phải bảo vệ! Chỉ là quy tắc của thành phố thôi mà!
CommonEvents,409,メインストーリー3-2,メインストーリー,Story_Main,セラ,\C[4]セラ,"どいてください。
天使としての仕事ですので。",Hơn nữa cô ấy còn bán cả vật phẩm hỗ trợ phiêu lưu nữa...
CommonEvents,409,メインストーリー3-2,メインストーリー,Story_Main,,\N[1],"こいつも一応今は悪さしてないので！
勘弁してあげてください！",Vật phẩm hỗ trợ...?
CommonEvents,409,メインストーリー3-2,メインストーリー,Story_Main,サキュバス,\C[5]サキュバス,"お兄さんはこっちの味方なんだぁ、嬉しぃ～♡
2対1とか天使ちゃんかわいそ～、ぷぷぷ～。","Succubus, cô bán cái gì cho anh ấy?"
CommonEvents,409,メインストーリー3-2,メインストーリー,Story_Main,セラ,\C[4]セラ,"……っ。なぜサキュバスの味方をするんですか。
冒険者の……あなたの最大の敵でしょう。",Th-Thì là sách hướng dẫn kỹ thuật đêm xuân...
CommonEvents,409,メインストーリー3-2,メインストーリー,Story_Main,セラ,\C[4]セラ,"もしや洗脳されているんですか？
それならば強硬手段に……。","Chẳng lẽ anh bị tẩy não rồi sao?
Nếu vậy em phải dùng biện pháp cưỡng chế..."
CommonEvents,409,メインストーリー3-2,メインストーリー,Story_Main,,\N[1],"そんなことないですって！
次何かしたら引き渡すんで！　ね！？","Không có chuyện đó đâu mà!
Lần sau nếu cô ấy làm gì em cứ bắt cô ấy đi! Nhé!?"
CommonEvents,409,メインストーリー3-2,メインストーリー,Story_Main,セラ,\C[4]セラ,"……。分かりました、あなたがそこまで言うなら
今は見逃して差し上げます。","...Được rồi, nếu anh đã nói đến mức đó
thì lần này em sẽ bỏ qua cho cô ta."
CommonEvents,409,メインストーリー3-2,メインストーリー,Story_Main,セラ,\C[4]セラ,"ですがそこのサキュバス。宣言しておきますが、
絶対にあなたより私の方がこの方のことを好きですから。","Nhưng nghe cho rõ đây ả Succubus kia. Em tuyên bố luôn,
tuyệt đối em thích anh ấy hơn cô gấp hàng ngàn lần."
CommonEvents,409,メインストーリー3-2,メインストーリー,Story_Main,サキュバス,\C[5]サキュバス,"あ、そう。
私は別に好きじゃないけど。","À, thế sao.
Tôi thì đâu có thích anh ấy đâu."
CommonEvents,409,メインストーリー3-2,メインストーリー,Story_Main,セラ,\C[4]セラ,……っ！,... hừm!
CommonEvents,409,メインストーリー3-2,メインストーリー,Story_Main,,\N[1],"セラさん落ち着いて！
あなたも挑発しないでください！","Sera bình tĩnh đi!
Cô cũng đừng có khiêu khích nữa!"
CommonEvents,409,メインストーリー3-2,メインストーリー,Story_Main,サキュバス,\C[5]サキュバス,はーい。,Dạ vâng~
CommonEvents,409,メインストーリー3-2,メインストーリー,Story_Main,セラ,\C[4]セラ,"はぁ……。もういいです。
行きましょう、サキュバスは危険です。","Hà... Thôi được rồi.
Chúng ta đi thôi, Succubus rất nguy hiểm."
CommonEvents,409,メインストーリー3-2,メインストーリー,Story_Main,,\N[1],あっ、でもまだ買い物できてな……。,"Ơ, nhưng tôi còn chưa mua đồ xong..."
CommonEvents,409,メインストーリー3-2,メインストーリー,Story_Main,セラ,\C[4]セラ,じゃあ早くしてください、外で待ってますので。,"Thế thì anh nhanh lên đi, em đứng chờ ở bên ngoài."
CommonEvents,409,メインストーリー3-2,メインストーリー,Story_Main,サキュバス,\C[5]サキュバス,"うわー、めっちゃ睨んでた。
分かりやすく切れてる。","U oa, cô ta lườm ghê chưa kìa.
Nổi giận rõ mười mươi luôn."
CommonEvents,409,メインストーリー3-2,メインストーリー,Story_Main,,\N[1],あなたのせいでしょう……。,Tại cô cả đấy...
CommonEvents,409,メインストーリー3-2,メインストーリー,Story_Main,サキュバス,\C[5]サキュバス,"てかお兄さんアレが好きなの？
趣味悪っ。顔は悪くないけど愛想無さ過ぎ～。","Mà anh trai thích kiểu cô ta sao?
Gu tệ thật đấy. Mặt mũi không đến nỗi nhưng chẳng có chút thân thiện nào cả~"
CommonEvents,409,メインストーリー3-2,メインストーリー,Story_Main,,\N[1],サキュバス好きよりはいい趣味ですよ。,Vẫn tốt hơn gu thích Succubus nhiều.
CommonEvents,409,メインストーリー3-2,メインストーリー,Story_Main,サキュバス,\C[5]サキュバス,一回は私の誘惑に負けてる癖に……。,Thế mà có người từng thua trước màn quyến rũ của em đấy nhé...
CommonEvents,409,メインストーリー3-2,メインストーリー,Story_Main,サキュバス,\C[5]サキュバス,"まぁウチの商品買ってくれるなら
お兄さんの好みなんてどうでもいいけどさー、気を付けなよ？","Mà thôi, miễn là anh mua đồ của em thì gu của anh thế nào em chả quan tâm~ Nhưng mà cẩn thận đó nhé?"
CommonEvents,409,メインストーリー3-2,メインストーリー,Story_Main,サキュバス,\C[5]サキュバス,あんなに私欲が出てる天使なんて見たことないもん。,Em chưa từng thấy con Thiên Sứ nào để lộ dục vọng cá nhân rõ rệt như cô ta đâu.
CommonEvents,409,メインストーリー3-2,メインストーリー,Story_Main,,\N[1],天使にも色んな性格の方がいるんじゃないですか？,Thiên Sứ thì cũng có nhiều tính cách khác nhau chứ?
CommonEvents,409,メインストーリー3-2,メインストーリー,Story_Main,サキュバス,\C[5]サキュバス,いや、そういう話じゃなくてさぁ。,"Không, ý em không phải thế."
CommonEvents,409,メインストーリー3-2,メインストーリー,Story_Main,サキュバス,\C[5]サキュバス,天使が自分の幸せのために人間を利用するのってご法度なんだよ。,Thiên Sứ lợi dụng con người vì hạnh phúc của bản thân là điều cấm kỵ tuyệt đối đấy.
CommonEvents,409,メインストーリー3-2,メインストーリー,Story_Main,サキュバス,\C[5]サキュバス,"昔、人間を愛玩動物にしたり、
強制的に自分のつがいにしたやつらがいて禁止になったとか。","Ngày xưa từng có kẻ biến con người thành thú cưng hoặc cưỡng ép làm bạn đời, nên sau đó bị cấm tiệt."
CommonEvents,409,メインストーリー3-2,メインストーリー,Story_Main,サキュバス,\C[5]サキュバス,"だからあいつら、私情を挟まないようにあえて
人間の前じゃぴくりとも笑わないんだって。","Thế nên bọn họ mới không để lộ tình cảm cá nhân, trước mặt con người tuyệt đối không bao giờ nở nụ cười."
CommonEvents,409,メインストーリー3-2,メインストーリー,Story_Main,サキュバス,\C[5]サキュバス,"そんな天使の「好き」って言葉に、
どんな目的があるんだろーね。","Một con Thiên Sứ như thế mà lại nói từ ""thích"" với anh, không biết có mục đích gì đằng sau nhỉ~"
CommonEvents,409,メインストーリー3-2,メインストーリー,Story_Main,サキュバス,\C[5]サキュバス,"得体が知れないよね～。
そもそも、あの子って本当に天使なのかな？","Thật là không biết đằng nào mà lần nhỉ~.
Cơ mà, cô ta có thực sự là Thiên Sứ không đấy?"
CommonEvents,409,メインストーリー3-2,メインストーリー,Story_Main,,\N[1],……。,...
CommonEvents,409,メインストーリー3-2,メインストーリー,Story_Main,,\N[1],僕のことを不安にさせようとしてます？,Cô đang cố tình làm tôi lo lắng đúng không?
CommonEvents,409,メインストーリー3-2,メインストーリー,Story_Main,サキュバス,\C[5]サキュバス,うん♡,Đúng rồi đó♡
CommonEvents,409,メインストーリー3-2,メインストーリー,Story_Main,,\N[1],はぁ……。,Hà...
CommonEvents,409,メインストーリー3-2,メインストーリー,Story_Main,サキュバス,\C[5]サキュバス,でも、別に嘘はついてないよ？,Nhưng em đâu có nói dối đâu?
CommonEvents,409,メインストーリー3-2,メインストーリー,Story_Main,サキュバス,\C[5]サキュバス,"お兄さんって騙されやすいからさ。
善良なサキュバスちゃんがアドバイスしてあげただけ♡","Tại anh trai dễ bị lừa quá mà.
Một cô Succubus tốt bụng như em chỉ đưa ra lời khuyên chân thành thôi♡"
CommonEvents,409,メインストーリー3-2,メインストーリー,Story_Main,,\N[1],お待たせしました。,Để em chờ lâu rồi.
CommonEvents,409,メインストーリー3-2,メインストーリー,Story_Main,セラ,\C[4]セラ,"いえ……。
そもそも私たちは一緒に来たわけではないですから。",Không sao... Dù sao chúng ta cũng đâu có đi cùng nhau.
CommonEvents,409,メインストーリー3-2,メインストーリー,Story_Main,セラ,\C[4]セラ,"あなたがあのサキュバスと1秒でも長く同じ場所にいるのが
危険だと判断したので連れ出すことにしたまでです。",Em chỉ thấy anh ở cùng một chỗ với ả Succubus đó dù chỉ 1 giây cũng nguy hiểm nên mới lôi anh ra ngoài thôi.
CommonEvents,409,メインストーリー3-2,メインストーリー,Story_Main,セラ,\C[4]セラ,……あなたはあの子のことが好きなのですか？,...Anh thích cô ta sao?
CommonEvents,409,メインストーリー3-2,メインストーリー,Story_Main,,\N[1],いや、全然。,"Không, hoàn toàn không."
CommonEvents,409,メインストーリー3-2,メインストーリー,Story_Main,セラ,\C[4]セラ,"そうですか。
それならいいんです。誘惑に屈していなくて安心しました。","Vậy sao. Thế thì tốt rồi.
An tâm vì anh không bị quyến rũ."
CommonEvents,409,メインストーリー3-2,メインストーリー,Story_Main,セラ,\C[4]セラ,"ですが、あの店に行くのは必要最低限にしてください。
アレが何をしでかすか分かりません。","Nhưng anh hãy hạn chế đến cửa hàng đó ở mức tối thiểu nhé.
Không biết cô ta sẽ giở trò gì đâu."
CommonEvents,409,メインストーリー3-2,メインストーリー,Story_Main,セラ,\C[4]セラ,あそこに行くくらいなら私のクリニックに来てください。,Thay vì đến đó anh hãy đến phòng khám của em này.
CommonEvents,409,メインストーリー3-2,メインストーリー,Story_Main,セラ,\C[4]セラ,私の方が絶対にあなたのことを思っていますので。,Bởi vì em tuyệt đối quan tâm đến anh hơn bất kỳ ai mà.
CommonEvents,409,メインストーリー3-2,メインストーリー,Story_Main,,\N[1],……。,...
CommonEvents,409,メインストーリー3-2,メインストーリー,Story_Main,,\N[1],（言葉の目的……）,(Mục đích của lời nói...)
CommonEvents,409,メインストーリー3-2,メインストーリー,Story_Main,,\N[1],（考えすぎ、なんだろうか）,(Chắc là mình nghĩ nhiều quá thôi nhỉ)
CommonEvents,410,メインストーリー4-1,メインストーリー,Story_Main,セラ,\C[4]セラ,最近あなたは治療をよく頑張れていますね。,Dạo này anh nỗ lực trị liệu rất tốt đấy.
CommonEvents,410,メインストーリー4-1,メインストーリー,Story_Main,セラ,\C[4]セラ,"もうそろそろより強い刺激に触れても問題ないレベルだと
私は思います。",Em nghĩ đã đến lúc anh tiếp xúc với mức độ kích thích mạnh hơn rồi.
CommonEvents,410,メインストーリー4-1,メインストーリー,Story_Main,セラ,\C[4]セラ,"ですので……男の子の大好きなあれ、
やってみますか？","Cho nên... điều mà các cậu con trai thích nhất, anh có muốn thử không?"
CommonEvents,410,メインストーリー4-1,メインストーリー,Story_Main,,\N[1],あれって何でしょうか？,Điều đó là điều gì vậy?
CommonEvents,410,メインストーリー4-1,メインストーリー,Story_Main,セラ,\C[4]セラ,まだ私たちが一度もしていないことがあるでしょう？,Vẫn còn một việc mà chúng ta chưa từng làm cùng nhau đúng không?
CommonEvents,410,メインストーリー4-1,メインストーリー,Story_Main,セラ,\C[4]セラ,セックス、ですよ……♡,Là làm tình đấy...♡
CommonEvents,410,メインストーリー4-1,メインストーリー,Story_Main,,\N[1],……っ！,... ah!
CommonEvents,410,メインストーリー4-1,メインストーリー,Story_Main,セラ,\C[4]セラ,"こら。もう顔が赤くなっていますよ。
この程度の誘惑に負けてはいけません。","Kìa. Mặt anh đã đỏ bừng lên rồi.
Không được thua trước sự quyến rũ mức độ này đâu đấy."
CommonEvents,410,メインストーリー4-1,メインストーリー,Story_Main,セラ,\C[4]セラ,"次の治療は、セックスをちらつかせられても
耐える治療です。",Bài trị liệu tiếp theo là bài tập chịu đựng ngay cả khi được gợi ý làm tình.
CommonEvents,410,メインストーリー4-1,メインストーリー,Story_Main,セラ,\C[4]セラ,それもゴム有りの事務的なえっちではありません。,Mà không phải là làm tình công việc có dùng bao su đâu nhé.
CommonEvents,410,メインストーリー4-1,メインストーリー,Story_Main,セラ,\C[4]セラ,"生でとろとろのおまんこに腰を振って、
中出しをぴゅっぴゅ～ってできるらぶらぶえっちです。","Mà là làm tình ân âu yếm mặn nồng, dập hông vào cô bé trơn mịn nguyên bản, rồi bắn phọt phọt tinh dịch vào bên trong đấy."
CommonEvents,410,メインストーリー4-1,メインストーリー,Story_Main,セラ,\C[4]セラ,"いいですか？
絶対に誘惑に負けてはいけませんよ？","Anh hiểu chưa?
Tuyệt đối không được thua trước sự cám dỗ đâu đấy nhé?"
CommonEvents,410,メインストーリー4-1,メインストーリー,Story_Main,セラ,\C[4]セラ,"さもないと、おちんちんが私に
とっても気持ちよく食べられてしまいますから……♡",Nếu không thì con cu của anh sẽ bị em xào nấu ăn thịt cực kỳ sung sướng đấy...♡
CommonEvents,411,メインストーリー4-2,メインストーリー,Story_Main,,,治療を受けに来たある日のこと……。,Vào một ngày nọ khi đến trị liệu...
CommonEvents,411,メインストーリー4-2,メインストーリー,Story_Main,,\N[1],"セラさん、いますか？
……あっ。","Sera ơi, em có ở đó không?
...Ơ."
CommonEvents,411,メインストーリー4-2,メインストーリー,Story_Main,セラ,\C[4]セラ,"もぐもぐ……。
すみません、はしたないところを見せてしまいました。",Nhồm nhàm... Xin lỗi anh vì đã để anh thấy dáng vẻ bất nhã này.
CommonEvents,411,メインストーリー4-2,メインストーリー,Story_Main,,\N[1],お食事中でしたか、すみません。,"Em đang ăn cơm sao, xin lỗi vì đã làm phiền."
CommonEvents,411,メインストーリー4-2,メインストーリー,Story_Main,セラ,\C[4]セラ,"ごくん……。いいえ。あなたが来ることを予見できないとは、
あなた専属ナースとしてお恥ずかしい限りです。",Ợ... Không sao đâu. Không dự đoán được anh sẽ đến là thiếu sót lớn của em với tư cách y tá riêng của anh.
CommonEvents,411,メインストーリー4-2,メインストーリー,Story_Main,,\N[1],それはさすがに難しいのでは……。,Chuyện đó thì làm sao mà đoán trước được chứ...
CommonEvents,411,メインストーリー4-2,メインストーリー,Story_Main,,\N[1],"そういえば、セラさんがご飯食べてるところ
初めて見たかもしれません。","Nhắc mới nhớ, đây là lần đầu tiên tôi thấy Sera ăn cơm đấy."
CommonEvents,411,メインストーリー4-2,メインストーリー,Story_Main,セラ,\C[4]セラ,"はぁ。
天使も食事くらいはしますが。",Hà. Thiên Sứ thì cũng phải ăn uống chứ.
CommonEvents,411,メインストーリー4-2,メインストーリー,Story_Main,,\N[1],"そうですよね。
なんだか浮世離れしているからイメージできなくて。","Đúng vậy nhỉ.
Tại trông em thoát tục quá nên tôi không hình dung ra được."
CommonEvents,411,メインストーリー4-2,メインストーリー,Story_Main,セラ,\C[4]セラ,"私達も所詮は生き物ですから。
栄養補給は他の生物同様に必須です。","Dù sao chúng em cũng là sinh vật sống mà.
Việc bổ sung dinh dưỡng là bắt buộc giống như các sinh vật khác thôi."
CommonEvents,411,メインストーリー4-2,メインストーリー,Story_Main,セラ,\C[4]セラ,"ただ、人間の世界の食べ物は
天使の世界のそれより圧倒的に発展しているので驚いています。",Có điều đồ ăn ở thế giới con người phát triển vượt bậc so với thế giới Thiên Sứ khiến em rất ngạc nhiên.
CommonEvents,411,メインストーリー4-2,メインストーリー,Story_Main,セラ,\C[4]セラ,"このクリームパンという食べ物は甘くて美味しいです。
とても気に入っています。","Món bánh kem sữa này ngọt ngào và ngon tuyệt.
Em thích nó lắm."
CommonEvents,411,メインストーリー4-2,メインストーリー,Story_Main,,\N[1],"ふふ……パンで感動できるなら、ケーキなんて食べたら
大好物になっちゃうかもしれませんね。",Hì hì... Nếu bánh mì làm em cảm động thế này thì nếu ăn bánh gato chắc em sẽ nghiện luôn mất.
CommonEvents,411,メインストーリー4-2,メインストーリー,Story_Main,セラ,\C[4]セラ,"ほう……。
ケーキ、ですか。","Ồ...
Bánh gato sao."
CommonEvents,411,メインストーリー4-2,メインストーリー,Story_Main,セラ,\C[4]セラ,興味があります。,Em rất có hứng thú đấy.
CommonEvents,411,メインストーリー4-2,メインストーリー,Story_Main,,\N[1],（圧が強い）,(Áp lực lớn quá)
CommonEvents,411,メインストーリー4-2,メインストーリー,Story_Main,,\N[1],"じゃあ、良いお店を知っているので
良ければ今度一緒に行きませんか？","Vậy tôi biết một quán rất ngon, nếu được thì hôm nào chúng ta cùng đi nhé?"
CommonEvents,411,メインストーリー4-2,メインストーリー,Story_Main,セラ,\C[4]セラ,"行きましょう。
……いやしかし、これではまるで逢引きのようですね。","Đi thôi.
...À nhưng mà, thế này trông giống như hẹn hò quá nhỉ."
CommonEvents,411,メインストーリー4-2,メインストーリー,Story_Main,セラ,\C[4]セラ,"私とあなたはナースと患者という関係なのに、
困ってしまいます。",Mối quan hệ giữa em và anh là y tá và bệnh nhân mà thế này thì thật khó xử.
CommonEvents,411,メインストーリー4-2,メインストーリー,Story_Main,,\N[1],セラさんってそこはこだわりますよね。,Sera để ý mấy cái đó kỹ thật đấy.
CommonEvents,411,メインストーリー4-2,メインストーリー,Story_Main,セラ,\C[4]セラ,"……うーん……。
ではこうしましょう。",...Ưm... Vậy làm thế này đi.
CommonEvents,411,メインストーリー4-2,メインストーリー,Story_Main,セラ,\C[4]セラ,いいですか、これはクリニックの外で行う特別な治療です。,"Anh nghe cho kỹ nhé, đây là bài trị liệu đặc biệt thực hiện bên ngoài phòng khám."
CommonEvents,411,メインストーリー4-2,メインストーリー,Story_Main,セラ,\C[4]セラ,"私は無害なフリをしてあなたにハニートラップを仕掛けます。
あなたは私にドキドキしないように我慢してください。",Em sẽ giả vờ làm người vô hại để giăng bẫy mỹ nhân kế với anh. Anh phải chịu đựng để không bị đập xao xuyến trước em.
CommonEvents,411,メインストーリー4-2,メインストーリー,Story_Main,セラ,\C[4]セラ,"人間に化けて接触してくるモンスター娘もいますから、
そういった相手へ対抗するための治療です。","Vì có những Monster Girl biến thành con người để tiếp cận anh, nên đây là bài trị liệu để đối phó với kẻ thù kiểu đó."
CommonEvents,411,メインストーリー4-2,メインストーリー,Story_Main,セラ,\C[4]セラ,"そうなると、私のこの服装は不適切ですね。
一般人を装う必要がありますから。","Nếu vậy thì bộ trang phục này của em không phù hợp rồi.
Vì cần phải giả làm người bình thường mà."
CommonEvents,411,メインストーリー4-2,メインストーリー,Story_Main,セラ,\C[4]セラ,"新たに人間の衣服を購入する必要があります。
それこそ、逢引きに着ていくような一張羅が。","Em cần phải mua trang phục của con người.
Chính là loại trang phục lộng lẫy mặc đi hẹn hò đấy."
CommonEvents,411,メインストーリー4-2,メインストーリー,Story_Main,セラ,\C[4]セラ,……一つお聞きしたいのですが。,...Em muốn hỏi anh một câu.
CommonEvents,411,メインストーリー4-2,メインストーリー,Story_Main,,\N[1],は、はい。,V-Vâng.
CommonEvents,411,メインストーリー4-2,メインストーリー,Story_Main,セラ,\C[4]セラ,"あなたはどのような衣服を身にまとった女性が
好みですか？",Anh thích phụ nữ mặc loại trang phục như thế nào?
CommonEvents,411,メインストーリー4-2,メインストーリー,Story_Main,,\N[1],"えっと……あ、あんまりパっとは思いつかないですかねぇ。
順当に女の子っぽい服でしょうか。","À thì... Tôi cũng không nghĩ ra ngay được.
Chắc là kiểu quần áo nữ tính bình thường nhỉ."
CommonEvents,411,メインストーリー4-2,メインストーリー,Story_Main,セラ,\C[4]セラ,"なるほどなるほど……。
参考にさせていただきます。","Ra là vậy ra là vậy...
Em sẽ tham khảo."
CommonEvents,411,メインストーリー4-2,メインストーリー,Story_Main,セラ,\C[4]セラ,"女の子っぽい服……。
中々悩ましいですが、治療のためですから仕方ありません。","Quần áo nữ tính sao...
Khá là đau đầu đấy, nhưng vì trị liệu nên đành chịu thôi."
CommonEvents,411,メインストーリー4-2,メインストーリー,Story_Main,セラ,\C[4]セラ,"実施までもう少し日にちがかかりそうですので、
しばらく待っていてください。",Để thực hiện chắc sẽ mất thêm vài ngày nữa nên anh hãy kiên nhẫn chờ nhé.
CommonEvents,411,メインストーリー4-2,メインストーリー,Story_Main,セラ,\C[4]セラ,なにせ、しっかりと吟味する必要がありそうですから。,Dù sao thì cũng cần phải tuyển chọn thật kỹ lưỡng mà.
CommonEvents,412,メインストーリー5-1,メインストーリー,Story_Main,セラ,\C[4]セラ,本日はあるモンスター娘への対策に特化した治療を行います。,Hôm nay chúng ta sẽ tiến hành bài trị liệu chuyên biệt đối phó với một loại Monster Girl.
CommonEvents,412,メインストーリー5-1,メインストーリー,Story_Main,セラ,\C[4]セラ,"あなたはモンスター娘の中で最もポピュラーで
多くの被害者を出している種が分かりますか？",Anh có biết loài Monster Girl phổ biến nhất và gây ra nhiều nạn nhân nhất là loài nào không?
CommonEvents,412,メインストーリー5-1,メインストーリー,Story_Main,,\N[1],それは……サキュバスですか？,Đó... có phải là Succubus không?
CommonEvents,412,メインストーリー5-1,メインストーリー,Story_Main,セラ,\C[4]セラ,"はい、その通りです。
サキュバスは生息数が多い上、その実力も侮れません。","Vâng, chính xác rồi.
Succubus không chỉ có số lượng đông đảo mà thực lực cũng không thể coi thường."
CommonEvents,412,メインストーリー5-1,メインストーリー,Story_Main,セラ,\C[4]セラ,"時には街で商売してまであなたに付きまとうので
本当に悪質です。","Đôi khi chúng còn đến tận thành phố buôn bán để bám riết lấy anh, thật sự rất tàn ác."
CommonEvents,412,メインストーリー5-1,メインストーリー,Story_Main,,\N[1],（それはサキュバスという種族じゃなくて彼女のことでは……）,(Đó không phải là loài Succubus nói chung mà là cô ả đó đấy chứ...)
CommonEvents,412,メインストーリー5-1,メインストーリー,Story_Main,セラ,\C[4]セラ,そのサキュバスの特徴と言えば、フェロモンです。,Đặc trưng của Succubus chính là Pheromone.
CommonEvents,412,メインストーリー5-1,メインストーリー,Story_Main,セラ,\C[4]セラ,"彼女たちはただそこにいるだけで
男性を誘惑するフェロモンを漂わせることができます。",Bọn chúng chỉ cần đứng đó thôi cũng có thể tỏa ra Pheromone quyến rũ nam giới.
CommonEvents,412,メインストーリー5-1,メインストーリー,Story_Main,セラ,\C[4]セラ,"これは彼女たちの強力な武器ですが、強力であるがゆえに
そのフェロモンに頼りきっている部分があります。","Đây là vũ khí mạnh mẽ của chúng, nhưng chính vì mạnh mẽ nên chúng bị phụ thuộc hoàn toàn vào Pheromone."
CommonEvents,412,メインストーリー5-1,メインストーリー,Story_Main,セラ,\C[4]セラ,"ですから、弱い個体なら
フェロモンさえ封じれば無力も同然です。",Thế nên với những con yếu ớt thì chỉ cần phong ấn Pheromone là coi như vô hại.
CommonEvents,412,メインストーリー5-1,メインストーリー,Story_Main,セラ,\C[4]セラ,"つまり、フェロモンへの抵抗力をつけることで
対サキュバス戦は大幅に有利になるということです。",Tức là nâng cao khả năng kháng Pheromone sẽ giúp trận chiến đối đầu Succubus có lợi thế cực lớn.
CommonEvents,412,メインストーリー5-1,メインストーリー,Story_Main,セラ,\C[4]セラ,"さて……ここに、サキュバスのフェロモンに似せて作った
お香があります。","Và đây, ở đây em có loại hương trầm được làm nhái theo Pheromone của Succubus."
CommonEvents,412,メインストーリー5-1,メインストーリー,Story_Main,セラ,\C[4]セラ,"今日はこれを使ってサキュバスとの戦闘を
シミュレーションしましょう。",Hôm nay chúng ta sẽ dùng cái này để mô phỏng trận chiến với Succubus nhé.
CommonEvents,412,メインストーリー5-1,メインストーリー,Story_Main,,\N[1],"あの……そのお香、もう既に
たかれてる気がするんですが……。",À... loại hương trầm đó tôi thấy hình như đang được đốt sẵn rồi thì phải...
CommonEvents,412,メインストーリー5-1,メインストーリー,Story_Main,セラ,\C[4]セラ,"えぇ、そうですよ。
ですから、この説明をしている間に準備は完了しているはずです。","Vâng, đúng vậy đấy.
Cho nên trong lúc em giải thích thì công tác chuẩn bị đã hoàn tất rồi."
CommonEvents,412,メインストーリー5-1,メインストーリー,Story_Main,セラ,\C[4]セラ,確認してみましょうか。,Để em kiểm tra thử xem sao nhé.
CommonEvents,412,メインストーリー5-1,メインストーリー,Story_Main,セラ,\C[4]セラ,ちゅっ……♡,Chụt...♡
CommonEvents,412,メインストーリー5-1,メインストーリー,Story_Main,,\N[1],（う……っ！？　キス、きもち、い……っ！）,"(Ư... ah!? Hôn, sướng quá... ah!)"
CommonEvents,412,メインストーリー5-1,メインストーリー,Story_Main,セラ,\C[4]セラ,くす……キスだけで腰が抜けてしまいましたね。,Hì hì... Mới hôn một cái thôi mà anh đã bủn rủn chân tay rồi kìa.
CommonEvents,412,メインストーリー5-1,メインストーリー,Story_Main,セラ,\C[4]セラ,"今だけは私もサキュバス気分で
あなたを誘惑してしまいましょう。",Chỉ riêng lúc này em sẽ đóng vai Succubus để quyến rũ anh nhé.
CommonEvents,412,メインストーリー5-1,メインストーリー,Story_Main,セラ,\C[4]セラ,"それでは始めましょうか。
可愛い冒険者さん……♡","Vậy chúng ta bắt đầu thôi nhỉ.
Anh chàng mạo hiểm giả đáng yêu...♡"
CommonEvents,413,メインストーリー5-2,メインストーリー,Story_Main,セラ,\C[4]セラ,いいですか、これはクリニックの外で行う特別な治療です。,"Anh nghe cho kỹ nhé, đây là bài trị liệu đặc biệt thực hiện bên ngoài phòng khám."
CommonEvents,413,メインストーリー5-2,メインストーリー,Story_Main,セラ,\C[4]セラ,"私は無害なフリをしてあなたにハニートラップを仕掛けます。
あなたは私にドキドキしないように我慢してください。",Em sẽ giả vờ làm người vô hại để giăng bẫy mỹ nhân kế với anh. Anh phải chịu đựng để không bị đập xao xuyến trước em.
CommonEvents,413,メインストーリー5-2,メインストーリー,Story_Main,,,"\N[1]は事前にセラに伝えられた通りに
待ち合わせ場所へやってきていた。",Main đã đến điểm hẹn trước theo đúng lời Sera dặn.
CommonEvents,413,メインストーリー5-2,メインストーリー,Story_Main,,\N[1],"（今日のために服を買うって言ってたけど、
結局どんな服にしたんだろうか）","(Cô ấy bảo mua quần áo cho ngày hôm nay, không biết rốt cuộc là chọn bộ như thế nào nhỉ)"
CommonEvents,413,メインストーリー5-2,メインストーリー,Story_Main,セラ,\C[4]セラ,お待たせしました。,"Đồ bơi này của em thế nào ạ?
Bộ ngực phập phồng căng tròn đúng không?"
CommonEvents,413,メインストーリー5-2,メインストーリー,Story_Main,,\N[1],あっ、セラさんこんにち……。,"Hê hê♡ Cứ ngắm thoải mái đi nhé.
Tiện thể làm cho con cu anh cứng ngắc luôn nào♡"
CommonEvents,413,メインストーリー5-2,メインストーリー,Story_Main,セラ,\C[4]セラ,集合時刻5分前から待機されているとはさすがです。,"A~a, cứng ngắc mất rồi kìa♡
Muốn được em chữa lành bằng bộ ngực này lắm đúng không?♡"
CommonEvents,413,メインストーリー5-2,メインストーリー,Story_Main,セラ,\C[4]セラ,……？,"Hì hì, được thôi♡
Em sẽ cưng nựng anh bằng cặp núi đôi trơn mịn này nhé♡"
CommonEvents,413,メインストーリー5-2,メインストーリー,Story_Main,セラ,\C[4]セラ,"……あの、そんなにまじまじと見られると
恥ずかしいのですが……。","Nào, mau úp mặt anh vào ngực em đi♡
Súp súp...♡"
CommonEvents,413,メインストーリー5-2,メインストーリー,Story_Main,,\N[1],あっ、す、すみません！,"Ưm... ah♡
Được kẹp mặt vào ngực sướng lắm đúng không?♡"
CommonEvents,413,メインストーリー5-2,メインストーリー,Story_Main,セラ,\C[4]セラ,まぁ、構いませんが。,"Cứ vùi mặt vào ngực em
rồi sướng đi nhé."
CommonEvents,413,メインストーリー5-2,メインストーリー,Story_Main,セラ,\C[4]セラ,"その様子なら問題なく治療を実施できそうですね。
安心しました。","Ưm... ah♡
Bắn xa quá...♡"
CommonEvents,413,メインストーリー5-2,メインストーリー,Story_Main,セラ,\C[4]セラ,"ですが、あくまでこれは治療ですから、
過度に気を取られないように気を付けてください。","Ngoan ngoan.
Thế này là có sức cho buổi trị liệu tiếp theo rồi nhé."
CommonEvents,413,メインストーリー5-2,メインストーリー,Story_Main,セラ,\C[4]セラ,\}……少しだけならいいですけど。,"Thế nào? Được em liếm tai có sướng không?♡
Chẹp chẹp chẹp...♡"
CommonEvents,413,メインストーリー5-2,メインストーリー,Story_Main,セラ,\C[4]セラ,"さて、では良きましょう。
例のお店へのエスコート、よろしくお願いいたします。","Đầu lưỡi trơn trượt ngoáy sâu vào trong tai nà♡
Ưm... ah♡"
CommonEvents,413,メインストーリー5-2,メインストーリー,Story_Main,セラ,\C[4]セラ,"こういったお店には初めて入りましたが、
中は綺麗なものですね。","Anh thở dốc dâm đãng quá đấy♡
Thích đến mức đó sao?♡"
CommonEvents,413,メインストーリー5-2,メインストーリー,Story_Main,セラ,\C[4]セラ,で、ケーキはどこにあるのですか？,"Vậy em sẽ liếm sâu hơn nữa nhé♡
Chẹp chẹp chẹp...♡"
CommonEvents,413,メインストーリー5-2,メインストーリー,Story_Main,,\N[1],"セラさん、まずは店員さんに注文をしないといけないんですよ。
メニューがあるので選びましょう。","Ưm... ah♡
Con cu giật bắn lên rồi kìa♡"
CommonEvents,413,メインストーリー5-2,メインストーリー,Story_Main,セラ,\C[4]セラ,"ほう……。
色々なケーキがあるのですね。","Bắn hết tinh dịch vào miệng em đi nào...♡
Chẹp...♡"
CommonEvents,413,メインストーリー5-2,メインストーリー,Story_Main,セラ,\C[4]セラ,"チーズケーキ……チョコケーキ……。
どれも気になります……。","Nào, chột chột...♡
Ra nhiều tinh dịch ướt đẫm miệng em rồi nà♡"
CommonEvents,413,メインストーリー5-2,メインストーリー,Story_Main,セラ,\C[4]セラ,"このホールケーキというのは何ですか？
どんな味ですか？","Ngoan lắm♡
Uống hết tinh dịch của anh rồi nhé♡"
CommonEvents,413,メインストーリー5-2,メインストーリー,Story_Main,,\N[1],ええっと、それは味というか大きさの話で……。,"Anh trai à, anh có biết khuôn mặt lúc được chữa lành của anh trông dâm đục lắm không?♡"
CommonEvents,413,メインストーリー5-2,メインストーリー,Story_Main,,,\N[1]はセラに色々教えて、二人分の注文を済ませた。,"Mắt thì đờ đẫn, miệng thì há ra thở dốc...♡
Trông như con sâu tinh dịch vậy♡"
CommonEvents,413,メインストーリー5-2,メインストーリー,Story_Main,店員,店員,お待たせしました、いちごのショートケーキです。,"Nhưng mà em thích dáng vẻ đó của anh lắm đấy♡
Trông đáng yêu chết đi được♡"
CommonEvents,413,メインストーリー5-2,メインストーリー,Story_Main,セラ,\C[4]セラ,"おぉ……。
これがショートケーキ……。","Nên lần sau lại để em chữa lành cho anh nhé♡
Hì hì♡"
CommonEvents,413,メインストーリー5-2,メインストーリー,Story_Main,セラ,\C[4]セラ,"見てください。
いちごが堂々と上に乗っています。","Chà~, anh trai thích được mút cu bằng miệng thế cơ à?♡"
CommonEvents,413,メインストーリー5-2,メインストーリー,Story_Main,セラ,\C[4]セラ,"それに綺麗に切られているので崩すのがもったいないですね。
端から食べましょう。",Được một Succubus dâm mát như em mút cu thì sướng phải biết nhỉ♡
CommonEvents,413,メインストーリー5-2,メインストーリー,Story_Main,セラ,\C[4]セラ,"ぱくっ……。
っ！","Nào, em sẽ ngậm trọn con cu của anh vào miệng nhé♡
Chụtttt...♡"
CommonEvents,413,メインストーリー5-2,メインストーリー,Story_Main,セラ,\C[4]セラ,甘くて美味しい……。,"Ưm... ah♡
Quy đầu nóng hổi sưng to trong miệng em rồi nà♡"
CommonEvents,413,メインストーリー5-2,メインストーリー,Story_Main,セラ,\C[4]セラ,"クリームパンも甘くて美味しいですが、
ケーキはもっと甘くて美味しいです。","Đầu lưỡi em sẽ liếm mút xung quanh rãnh quy đầu nhé♡
Chẹp chẹp...♡"
CommonEvents,413,メインストーリー5-2,メインストーリー,Story_Main,セラ,\C[4]セラ,"それにいちごが中にも入っていて
甘くて美味しいです。","Sướng đến mức rên rỉ rồi kìa♡
Đúng là tên M cuồng dâm mà♡"
CommonEvents,413,メインストーリー5-2,メインストーリー,Story_Main,,\N[1],（感想が全部一緒だ）,"Cứ dập hông vào miệng em thỏa thích đi nào♡
Chụt chụt...♡"
CommonEvents,413,メインストーリー5-2,メインストーリー,Story_Main,,\N[1],（……セラさん、本当にこういうの食べ慣れてないんだな）,"Bắn tinh vào sâu trong cổ họng em đi!♡
Ưm... ah♡"
CommonEvents,413,メインストーリー5-2,メインストーリー,Story_Main,,\N[1],いちごって甘酸っぱくて美味しいですよね。,"Phọt phọt phọt~♡
Tinh dịch nóng hổi trào dâng trong miệng rồi nà♡"
CommonEvents,413,メインストーリー5-2,メインストーリー,Story_Main,セラ,\C[4]セラ,"甘酸っぱい……なるほど、言い得て妙ですね。
まさにそれです。","Ưm... nuốt ực...♡
Tinh dịch của anh trai ngọt và ngon lắm đấy♡"
CommonEvents,413,メインストーリー5-2,メインストーリー,Story_Main,セラ,\C[4]セラ,"甘くて美味しいクリームと甘酸っぱいいちごが合わさると
さらに美味しいんです。",Em không biết lại có món ăn ngọt ngào đến mức này đấy.
CommonEvents,413,メインストーリー5-2,メインストーリー,Story_Main,,\N[1],"たまにコーヒーを飲むと甘いのがリセットされて
次の一口がまた甘く感じますよ。","Thỉnh thoảng uống thêm cà phê sẽ làm vi ngọt được cân bằng lại,
miếng tiếp theo ăn vào sẽ lại thấy ngọt ngào hơn đấy."
CommonEvents,413,メインストーリー5-2,メインストーリー,Story_Main,セラ,\C[4]セラ,"何ですかそのテクニックは。
ではコーヒーを飲んでから……ごくっ。",Kỹ thuật gì thế này. Vậy để em uống thử cà phê xem... Ực.
CommonEvents,413,メインストーリー5-2,メインストーリー,Story_Main,セラ,\C[4]セラ,"ぱくっ……。
っ！",Nếm thử... Khử... ah!
CommonEvents,413,メインストーリー5-2,メインストーリー,Story_Main,セラ,\C[4]セラ,"苦いものを飲んだはずなのに、
今私はより甘さを感じています。","Rõ ràng là vừa uống thứ đắng ngắt,
mà bây giờ em lại cảm thấy ngọt ngào hơn nhiều."
CommonEvents,413,メインストーリー5-2,メインストーリー,Story_Main,セラ,\C[4]セラ,"これは発明です。
大発見です。","Đây đúng là một phát minh.
Một phát hiện vĩ đại."
CommonEvents,413,メインストーリー5-2,メインストーリー,Story_Main,セラ,\C[4]セラ,"今まで甘ければ甘いほどいいと思っていましたが、
苦いや酸っぱいも織り交ぜると相乗効果が生まれるのですね。","Trước giờ em cứ nghĩ càng ngọt thì càng tốt,
không ngờ kết hợp với vị đắng hay vị chua lại tạo ra hiệu ứng cộng hưởng thế này."
CommonEvents,413,メインストーリー5-2,メインストーリー,Story_Main,セラ,\C[4]セラ,"とっても美味しいです。
もぐもぐもぐ……。","Ngon tuyệt vời luôn.
Nhồm nhàm nhồm nhàm..."
CommonEvents,413,メインストーリー5-2,メインストーリー,Story_Main,,\N[1],（いっぱい食べてる……可愛い……）,(Ăn nhiều ghê... Đáng yêu quá...)
CommonEvents,413,メインストーリー5-2,メインストーリー,Story_Main,セラ,\C[4]セラ,"あなたもぜひ食べてみてください。
はい、あーん。","Anh cũng ăn thử xem sao nhé.
Nào, há miệng ra, A~n."
CommonEvents,413,メインストーリー5-2,メインストーリー,Story_Main,,\N[1],"えっ！？
は、恥ずかしいですよ……人目もありますし……。","Éc!?
X-Xấu hổ lắm... Có bao nhiêu người xung quanh mà..."
CommonEvents,413,メインストーリー5-2,メインストーリー,Story_Main,セラ,\C[4]セラ,この感動を共有したいのですが……、,Em muốn chia sẻ sự cảm động này với anh mà...
CommonEvents,413,メインストーリー5-2,メインストーリー,Story_Main,セラ,\C[4]セラ,食べてくれないんですか？,Anh không ăn cho em sao?
CommonEvents,413,メインストーリー5-2,メインストーリー,Story_Main,,\N[1],うっ……た、食べます。,"Ưm... Th-Được rồi, anh ăn."
CommonEvents,413,メインストーリー5-2,メインストーリー,Story_Main,セラ,\C[4]セラ,"良かったです。
では、あーん。","Tốt quá rồi.
Nào, A~n."
CommonEvents,413,メインストーリー5-2,メインストーリー,Story_Main,,\N[1],ぱくっ……あ、美味しい。,"Nếm thử... Ô, ngon thật."
CommonEvents,413,メインストーリー5-2,メインストーリー,Story_Main,セラ,\C[4]セラ,"そうでしょう。
私の間接キス付きですよ？","Đúng không nào.
Có kèm cả nụ hôn gián tiếp của em đấy nhé?"
CommonEvents,413,メインストーリー5-2,メインストーリー,Story_Main,,\N[1],は、はい……。,V-Vâng...
CommonEvents,413,メインストーリー5-2,メインストーリー,Story_Main,セラ,\C[4]セラ,"くす……照れてる。
可愛いですね。","Hì hì... Anh ngượng rồi kìa.
Đáng yêu quá."
CommonEvents,413,メインストーリー5-2,メインストーリー,Story_Main,セラ,\C[4]セラ,これは治療ですから、油断しちゃだめですよ。,"Đây là bài trị liệu đấy nhé, không được lơ đễnh đâu."
CommonEvents,413,メインストーリー5-2,メインストーリー,Story_Main,,\N[1],"（僕がセラさんのことを可愛いって思ってたのに、
やり返された……）","(Mới vừa rồi mình còn thấy Sera đáng yêu, vậy mà đã bị cô ấy trêu lại rồi...)"
CommonEvents,413,メインストーリー5-2,メインストーリー,Story_Main,セラ,\C[4]セラ,"非常にいい体験ができました。
お店を教えてくださってありがとうございます。","Em đã có một trải nghiệm rất tuyệt vời.
Cảm ơn anh vì đã giới thiệu cho em quán này nhé."
CommonEvents,413,メインストーリー5-2,メインストーリー,Story_Main,,\N[1],"いえいえ、僕も一緒にこれて良かったです。
セラさんは治療って言ってましたけど、普通に楽しんじゃいました。","Không có gì đâu, tôi cũng rất vui vì được đi cùng em. Sera bảo đây là trị liệu chứ tôi thấy như đi chơi bình thường vậy."
CommonEvents,413,メインストーリー5-2,メインストーリー,Story_Main,セラ,\C[4]セラ,"えぇ、そうでしょうね。
治療はここからが本番ですから。","Vâng, đương nhiên rồi.
Việc trị liệu từ bây giờ mới là phần chính mà."
CommonEvents,413,メインストーリー5-2,メインストーリー,Story_Main,セラ,\C[4]セラ,……少し場所を変えましょうか。,...Chúng ta đổi chỗ một chút nhé.
CommonEvents,413,メインストーリー5-2,メインストーリー,Story_Main,,,セラは\N[1]の手を引き、路地裏へと入っていった。,Sera nắm lấy tay Main và kéo vào một con hẻm nhỏ.
CommonEvents,413,メインストーリー5-2,メインストーリー,Story_Main,,\N[1],"セラさん？
どうしてこんなところに？","Sera ơi?
Sao lại vào đây chứ?"
CommonEvents,413,メインストーリー5-2,メインストーリー,Story_Main,セラ,\C[4]セラ,"大通りでは都合が悪いので。
あなただけに見てもらいたいものがあるんです。","Ở đường lớn thì không tiện.
Em có thứ này chỉ muốn cho một mình anh xem thôi."
CommonEvents,413,メインストーリー5-2,メインストーリー,Story_Main,,\N[1],見てもらいたいもの……？,Thứ muốn cho tôi xem...?
CommonEvents,413,メインストーリー5-2,メインストーリー,Story_Main,セラ,\C[4]セラ,……。,...
CommonEvents,413,メインストーリー5-2,メインストーリー,Story_Main,,\N[1],セ、セラさん！？,S-Sera!?
CommonEvents,413,メインストーリー5-2,メインストーリー,Story_Main,セラ,\C[4]セラ,"分かりますか？
あなたと甘い時間を過ごしたせいで、こんなにも濡れています。","Anh có thấy không?
Do trải qua khoảng thời gian ngọt ngào với anh nên ở đây mới ướt sũng thế này."
CommonEvents,413,メインストーリー5-2,メインストーリー,Story_Main,セラ,\C[4]セラ,"この状態は誘惑に適していると思いましたので、
ここでいつものような実践治療を行いましょう。","Trạng thái này em nghĩ rất thích hợp cho việc quyến rũ,
nên chúng ta hãy thực hành trị liệu như mọi khi ngay tại đây nhé."
CommonEvents,413,メインストーリー5-2,メインストーリー,Story_Main,,\N[1],"えっ！？
ここでするんですか！？","Éc!?
Làm ngay ở đây sao!?"
CommonEvents,413,メインストーリー5-2,メインストーリー,Story_Main,セラ,\C[4]セラ,"はい。モンスター娘と戦う時はおおむね外ですから、
丁度いいシチュエーションかと。","Vâng. Khi chiến đấu với Monster Girl hầu như đều ở ngoài trời,
nên đây là bối cảnh vô cùng thích hợp."
CommonEvents,413,メインストーリー5-2,メインストーリー,Story_Main,セラ,\C[4]セラ,"ここであなたの精液が欲しい欲しいとたくさん
おねだりしちゃいします。",Tại đây em sẽ nũng nịu đòi hỏi tinh dịch của anh thật nhiều thật nhiều.
CommonEvents,413,メインストーリー5-2,メインストーリー,Story_Main,,\N[1],でも、こんなところでなんて……っ、,"Nhưng mà, ở một nơi như thế này..."
CommonEvents,413,メインストーリー5-2,メインストーリー,Story_Main,セラ,\C[4]セラ,……だめ、ですか？,...Không được... sao anh?
CommonEvents,413,メインストーリー5-2,メインストーリー,Story_Main,,\N[1],……～っ。,...~!
CommonEvents,413,メインストーリー5-2,メインストーリー,Story_Main,セラ,\C[4]セラ,くす……おちんちんでお返事、お上手ですね。,Hì hì... Con cu của anh dùng hành động trả lời giỏi lắm đấy.
CommonEvents,413,メインストーリー5-2,メインストーリー,Story_Main,セラ,\C[4]セラ,"では早速始めましょう。
課外治療、開始です。","Vậy chúng ta bắt đầu thôi nào.
Bài trị liệu ngoại khóa, bắt đầu."
CommonEvents,414,メインストーリー6-1,メインストーリー,Story_Main,セラ,\C[4]セラ,"分かりますか？
あなたと甘い時間を過ごしたせいで、こんなにも濡れています。","Anh thấy chưa?
Do trải qua khoảng thời gian ngọt ngào với anh nên ở đây mới ướt sũng thế này."
CommonEvents,414,メインストーリー6-1,メインストーリー,Story_Main,セラ,\C[4]セラ,"この状態は誘惑に適していると思いましたので、
ここでいつものような実践治療を行いましょう。","Trạng thái này em nghĩ rất thích hợp cho việc quyến rũ,
nên chúng ta hãy thực hành trị liệu như mọi khi ngay tại đây nhé."
CommonEvents,414,メインストーリー6-1,メインストーリー,Story_Main,セラ,\C[4]セラ,"では早速始めましょう。
課外治療、開始です。","Vậy chúng ta bắt đầu thôi nào.
Bài trị liệu ngoại khóa, bắt đầu."
CommonEvents,415,メインストーリー6-2,メインストーリー,Story_Main,,\N[1],はぁ……、はぁ……。,Hà... hà...
CommonEvents,415,メインストーリー6-2,メインストーリー,Story_Main,セラ,\C[4]セラ,"よく耐えました。
お疲れ様です。","Anh chịu đựng giỏi lắm.
Anh vất vả rồi."
CommonEvents,415,メインストーリー6-2,メインストーリー,Story_Main,セラ,\C[4]セラ,"突発的でしたがこういうのも存外悪くないものです。
……あくまで治癒効率の話ですが。","Dù hơi bộc phát nhưng kiểu này xem ra cũng không tồi chút nào.
...Ý em là nói về hiệu quả trị liệu thôi nhé."
CommonEvents,415,メインストーリー6-2,メインストーリー,Story_Main,セラ,\C[4]セラ,さて……少しお手洗いへ行って来てもいいでしょうか。,Được rồi... Em đi nhà vệ sinh một chút được không?
CommonEvents,415,メインストーリー6-2,メインストーリー,Story_Main,,\N[1],はい、汚れちゃいましたもんね……。,"Vâng, bẩn hết cả rồi mà..."
CommonEvents,415,メインストーリー6-2,メインストーリー,Story_Main,セラ,\C[4]セラ,そうですね。,Đúng vậy.
CommonEvents,415,メインストーリー6-2,メインストーリー,Story_Main,セラ,\C[4]セラ,"それと……少し身だしなみが崩れてしまいましたので、
直したいなと。","Với lại... Trang phục của em hơi bị xộc xệch một chút,
nên em muốn chỉnh đàng hoàng lại."
CommonEvents,415,メインストーリー6-2,メインストーリー,Story_Main,セラ,\C[4]セラ,"この後もあなたの前で乱れた服装でいるのは
少々恥ずかしいですから……。","Để trang phục xộc xệch đứng trước mặt anh sau chuyện này nữa
thì hơi xấu hổ..."
CommonEvents,415,メインストーリー6-2,メインストーリー,Story_Main,,,二人は近くのお手洗いに向かった。,Hai người cùng đi đến nhà vệ sinh gần đó.
CommonEvents,415,メインストーリー6-2,メインストーリー,Story_Main,,\N[1],"ふぅ……これで大丈夫だよな？
どこかに体液が付いてないか気が気じゃない……。","Phù... Thế này là ổn rồi đúng không?
Không biết có bị dính dịch cơ thể lên chỗ nào không nữa..."
CommonEvents,415,メインストーリー6-2,メインストーリー,Story_Main,,\N[1],"セラさんはまだそうだな。
ここで待っておこう。","Sera chắc vẫn chưa xong.
Mình cứ đứng đây đợi vậy."
CommonEvents,415,メインストーリー6-2,メインストーリー,Story_Main,,\N[1],……。,...
CommonEvents,415,メインストーリー6-2,メインストーリー,Story_Main,,\N[1],"（さっき……「この後もあなたの前で乱れた服装でいるのは」って
言ってたけど）","(Lúc nãy... Cô ấy nói ""Để trang phục xộc xệch đứng trước mặt anh sau chuyện này nữa thì hơi xấu hổ"")"
CommonEvents,415,メインストーリー6-2,メインストーリー,Story_Main,,\N[1],"（それってつまりまだデート……じゃなくて
治療は続いてるってことでいいのかな）","(Tức là đợt hẹn hò... à không, đợt trị liệu này vẫn còn tiếp tục đúng không nhỉ)"
CommonEvents,415,メインストーリー6-2,メインストーリー,Story_Main,,\N[1],（一応、目的だったケーキは食べたわけだけど……）,(Dù sao thì mục đích chính là ăn bánh gato cũng đã xong rồi...)
CommonEvents,415,メインストーリー6-2,メインストーリー,Story_Main,セラ,\C[4]セラ,お待たせしました。,Để anh chờ lâu rồi.
CommonEvents,415,メインストーリー6-2,メインストーリー,Story_Main,,\N[1],"あ、セラさん。大丈夫でした？
僕が変なところを汚していなかったらいいんですが。","À, Sera. Không sao chứ?
Tôi không làm bẩn chỗ nào trên người em chứ?"
CommonEvents,415,メインストーリー6-2,メインストーリー,Story_Main,セラ,\C[4]セラ,"問題ありません。仮に汚していたとして、
あなたのために用意した服なので本望です。","Không có vấn đề gì. Dù có làm bẩn đi nữa,
thì đây là bộ quần áo em chuẩn bị vì anh nên cũng là thỏa nguyện rồi."
CommonEvents,415,メインストーリー6-2,メインストーリー,Story_Main,セラ,\C[4]セラ,"……。
それで、今からどうしましょうか。",...Bây giờ chúng ta làm gì tiếp đây?
CommonEvents,415,メインストーリー6-2,メインストーリー,Story_Main,,\N[1],僕もどうしようか考えていたところです。,Tôi cũng đang suy nghĩ xem nên làm gì tiếp đây.
CommonEvents,415,メインストーリー6-2,メインストーリー,Story_Main,セラ,\C[4]セラ,"……その。
あなたはこの後、用事はないのですか？","...Ờm.
Sau đây anh có bận việc gì không?"
CommonEvents,415,メインストーリー6-2,メインストーリー,Story_Main,,\N[1],はい、全然大丈夫ですよ！,Tôi hoàn toàn rảnh rỗi mà!
CommonEvents,415,メインストーリー6-2,メインストーリー,Story_Main,セラ,\C[4]セラ,"そうですか。
それならいいんですが。","Thế sao.
Nếu vậy thì tốt rồi."
CommonEvents,415,メインストーリー6-2,メインストーリー,Story_Main,セラ,\C[4]セラ,"気を遣って無理しなくても大丈夫ですからね。
ある程度治療はできましたし……。","Anh không cần phải cố gượng ép vì nể em đâu nhé.
Dù sao thì trị liệu cũng đã thực hiện ở mức độ nhất định rồi..."
CommonEvents,415,メインストーリー6-2,メインストーリー,Story_Main,,\N[1],……？,...?
CommonEvents,415,メインストーリー6-2,メインストーリー,Story_Main,,\N[1],（セラさん、なんだか珍しくもじもじしてるな）,(...Dường như Sera muốn tiếp tục ở bên mình hơn thì phải)
CommonEvents,415,メインストーリー6-2,メインストーリー,Story_Main,,\N[1],（僕が気を遣っていないか心配なのかな）,"(Nhưng lại tự kìm nén cảm xúc cá nhân vì cho rằng đây chỉ là ""Trị liệu"")"
CommonEvents,415,メインストーリー6-2,メインストーリー,Story_Main,,\N[1],（ここは僕が決めた方がよさそうだ）,"(...Thế thì lúc nãy phân vân làm gì tiếp theo,)"
CommonEvents,415,メインストーリー6-2,メインストーリー,Story_Main,,\N[1],"ここから少し歩いたところに一般開放されている
庭園があるんですが、行ってみませんか？","(có phải cô ấy muốn nghe mình nói ""Tôi muốn ở bên em thêm chút nữa"" không nhỉ)"
CommonEvents,415,メインストーリー6-2,メインストーリー,Story_Main,セラ,\C[4]セラ,"庭園ですか。いいですね。
いかにも男女が逢引に行きそうで非常に治療向きな場所です。","(Đó chỉ là đoán mò và có thể là do mình tự tin thái quá, nhưng nếu đúng là vậy thì--)"
CommonEvents,415,メインストーリー6-2,メインストーリー,Story_Main,,\N[1],"あはは。
そうですね、僕もそう思って言ってみました。","Này, Sera."
CommonEvents,415,メインストーリー6-2,メインストーリー,Story_Main,セラ,\C[4]セラ,"さすがです。
早速向かいましょう。","? Vâng, có chuyện gì sao ạ?"
CommonEvents,415,メインストーリー6-2,メインストーリー,Story_Main,セラ,\C[4]セラ,"美しい庭園ですね。
心が落ち着きます。","Bộ quần áo đó, em đã đắn đo chọn lựa nhiều lắm đúng không?"
CommonEvents,415,メインストーリー6-2,メインストーリー,Story_Main,,\N[1],"そうですね。
まぁ、ちょっと人が多いので賑やかですが。","...! Vâng, đúng thế đấy ạ."
CommonEvents,415,メインストーリー6-2,メインストーリー,Story_Main,セラ,\C[4]セラ,"見たところ、予想していた通り
若い男女が多いですね。","Bởi vì nếu không quyến rũ được anh thì đâu thể gọi là trị liệu.
Đây là bộ trang phục được tuyển chọn từ vô số lựa chọn đấy."
CommonEvents,415,メインストーリー6-2,メインストーリー,Story_Main,セラ,\C[4]セラ,私たちも「そういう」風に見えているのでしょうか。,"Trong lúc tưởng tượng ra dáng vẻ ngại ngùng đáng yêu của anh,
em đã phân tích khuynh hướng từ trước đến nay--"
CommonEvents,415,メインストーリー6-2,メインストーリー,Story_Main,,\N[1],"あはは……でも他の人達はあからさまにイチャついてるので、
僕らは逆に浮いてるかもしれませんよ。",...Đáng yêu lắm.
CommonEvents,415,メインストーリー6-2,メインストーリー,Story_Main,,\N[1],あんな風に口説きあってる感じじゃないですからね。,"Rất hợp với em đấy.
Đúng chuẩn gu của tôi luôn."
CommonEvents,415,メインストーリー6-2,メインストーリー,Story_Main,セラ,\C[4]セラ,ではあなたも……、,... ah!
CommonEvents,415,メインストーリー6-2,メインストーリー,Story_Main,セラ,\C[4]セラ,いや……なんでもありません。,...Ra là vậy sao.
CommonEvents,415,メインストーリー6-2,メインストーリー,Story_Main,,\N[1],……？,"Thế thì tốt rồi.
Cung cấp bài trị liệu tốt hơn là sứ mệnh của em mà."
CommonEvents,415,メインストーリー6-2,メインストーリー,Story_Main,セラ,\C[4]セラ,"\}しかしこれも治療の一環として……、
うーん……でもそれでは……。","Thế này thì em đã hiểu sâu hơn về anh rồi, lần sau có thể áp dụng vào trị liệu tiếp, với lại, ờm..."
CommonEvents,415,メインストーリー6-2,メインストーリー,Story_Main,,\N[1],"（またセラさんがもじもじし始めた……。
今日はなんだか様子が変だな）",...Ờm.
CommonEvents,415,メインストーリー6-2,メインストーリー,Story_Main,セラ,\C[4]セラ,"……。
あの。",...
CommonEvents,415,メインストーリー6-2,メインストーリー,Story_Main,セラ,\C[4]セラ,"今日の服装は、この場所に似つかわしくないでしょうか。
変ではありませんか？","Cảm ơn anh nhiều nhé.
Em vui lắm."
CommonEvents,415,メインストーリー6-2,メインストーリー,Story_Main,,\N[1],"え？　そんなことありませんよ？
むしろ馴染んでいると思います","Nếu vậy thì ăn mặc bộ này đứng ở đây
cũng không lo bị nổi bật quá rồi."
CommonEvents,415,メインストーリー6-2,メインストーリー,Story_Main,セラ,\C[4]セラ,そう、ですか……。,Dù sao thì hôm nay em ăn mặc đáng yêu như lời anh nói mà.
CommonEvents,415,メインストーリー6-2,メインストーリー,Story_Main,セラ,\C[4]セラ,"……ま、まぁ、こういうシチュエーションを想定して
選びましたからね。",(Ra là chuyện đơn giản như thế)
CommonEvents,415,メインストーリー6-2,メインストーリー,Story_Main,セラ,\C[4]セラ,"例えばこのワンピースなども、丈や素材にこだわって
女の子らしさを表現しています。","(Sera chỉ đơn giản là muốn được khen ngợi dáng vẻ diện đồ đẹp đẽ của mình,)"
CommonEvents,415,メインストーリー6-2,メインストーリー,Story_Main,,\N[1],"へぇ～、さすがセラさん。
色々考えているんですね。","(không liên quan gì đến trị liệu cả, chỉ đơn thuần là muốn được khen thôi)"
CommonEvents,415,メインストーリー6-2,メインストーリー,Story_Main,セラ,\C[4]セラ,"……はい。そうですね。
治療のためですから……。","...Bộ đồ lót này thế nào ạ?
Có gì kỳ lạ không?"
CommonEvents,415,メインストーリー6-2,メインストーリー,Story_Main,セラ,\C[4]セラ,……。,"Đ-Đáng yêu lắm...!
Chẳng lẽ đây là bộ đồ lót em mặc hôm trị liệu trước sao?"
CommonEvents,415,メインストーリー6-2,メインストーリー,Story_Main,,\N[1],……？,Vâng. Dù sao cũng công phu chuẩn bị nên em định dùng độc lập bộ đồ lót này cho trị liệu luôn.
CommonEvents,415,メインストーリー6-2,メインストーリー,Story_Main,,\N[1],"（いつもあんなにはっきり「好き」とか「可愛い」って
言える人なのに、なんで今日は言葉に詰まってるんだろう）",...Anh nhìn chằm chằm ghê quá đấy. Để em đoán xem anh đang nghĩ gì nhé?
CommonEvents,415,メインストーリー6-2,メインストーリー,Story_Main,,\N[1],（何か言いづらいことでも……）,"""Sera mặc đồ lót đáng yêu quá...♡ Muốn mau chóng ôm cô ấy, làm tình quá...♡"""
CommonEvents,415,メインストーリー6-2,メインストーリー,Story_Main,サキュバス,\C[5]サキュバス,天使が自分の幸せのために人間を利用するのってご法度なんだよ。,"...Đại loại là như thế đúng không?
Dù sao thì bộ trang phục em chọn được khen là đáng yêu mà."
CommonEvents,415,メインストーリー6-2,メインストーリー,Story_Main,,\N[1],……。,"...Sao anh lại cúi mặt xuống thế?
Tai đỏ bừng lên rồi kìa."
CommonEvents,415,メインストーリー6-2,メインストーリー,Story_Main,,\N[1],（……もしかしてだけど）,Bị em đọc vị suy nghĩ trong lòng một cách mất hình tượng nên xấu hổ sao?
CommonEvents,415,メインストーリー6-2,メインストーリー,Story_Main,,\N[1],（言って欲しいことがある、のかな）,"Dáng vẻ thế kia thì buổi trị liệu hôm nay sẽ vất vả cho anh đấy.
Vì bài sắp tới là luyện tập khả năng chống chịu trước quái vật đọc suy nghĩ mà."
CommonEvents,415,メインストーリー6-2,メインストーリー,Story_Main,,\N[1],（でも僕が人間だから言わせることはできない、みたいな）,Đúng rồi... Những lời anh đang vừa đỏ mặt vừa suy nghĩ là...
CommonEvents,415,メインストーリー6-2,メインストーリー,Story_Main,,\N[1],"（……じゃあ、さっきどうするか迷っていた時も、
「まだ一緒にいたい」って言って欲しかったのかな）","""Bị đọc tiếng lòng xấu hổ thật đấy, nhưng mình lại thích những câu thoại dâm đục của Sera...♡"""
CommonEvents,415,メインストーリー6-2,メインストーリー,Story_Main,,\N[1],"（ただの予想だし、僕のうぬぼれかもしれないけど、
もしそうなんだったら――）",... ah.
CommonEvents,415,メインストーリー6-2,メインストーリー,Story_Main,,\N[1],あの、セラさん。,Hừm. Độ chính xác xem ra khá cao đấy nhỉ.
CommonEvents,415,メインストーリー6-2,メインストーリー,Story_Main,セラ,\C[4]セラ,"？
はい、なんでしょうか。","Vậy chúng ta bắt đầu thôi nào. Trái tim M đáng yêu của anh,
em sẽ phơi bày trần trụi hết cho xem."
CommonEvents,415,メインストーリー6-2,メインストーリー,Story_Main,,\N[1],その服、色々迷って決めてくれたんですか？,Vào một ngày nọ...
CommonEvents,415,メインストーリー6-2,メインストーリー,Story_Main,セラ,\C[4]セラ,"……！
はい、そうですよ。","Dạo này việc trị liệu tiến triển rất thuận lợi đấy.
Anh giỏi lắm."
CommonEvents,415,メインストーリー6-2,メインストーリー,Story_Main,セラ,\C[4]セラ,"やはりあなたを誘惑できなければ治療になりませんから。
数多の候補から選び抜かれた一着です。","Cảm ơn em nhiều!
Tất cả là nhờ có Sera đấy."
CommonEvents,415,メインストーリー6-2,メインストーリー,Story_Main,セラ,\C[4]セラ,"あなたが可愛く照れる姿を想像しながら、
これまでの傾向を分析して――。","Tình hình này chắc thành tích chiến đấu đối đầu Monster Girl
cũng được cải thiện rồi nhỉ."
CommonEvents,415,メインストーリー6-2,メインストーリー,Story_Main,,\N[1],……可愛いです。,"Éc, à... v-vâng."
CommonEvents,415,メインストーリー6-2,メインストーリー,Story_Main,,\N[1],"すごく似合っています。
めちゃくちゃ僕のタイプです。",...Phản ứng gì thế kia.
CommonEvents,415,メインストーリー6-2,メインストーリー,Story_Main,セラ,\C[4]セラ,……っ！,"Để làm tài liệu tham khảo, xin anh hãy kể cho em nghe dáng vẻ của anh khi gặp Monster Girl gần đây nhất."
CommonEvents,415,メインストーリー6-2,メインストーリー,Story_Main,セラ,\C[4]セラ,……そうですか。,À... ừm thì...
CommonEvents,415,メインストーリー6-2,メインストーリー,Story_Main,セラ,\C[4]セラ,"それならいいんです。
よりよい治療を提供するのが私の使命ですから。",Hôm nọ gặp cô em Slime... thì là do lỡ lơ đễnh nên bị thua mất...
CommonEvents,415,メインストーリー6-2,メインストーリー,Story_Main,セラ,\C[4]セラ,"これでよりあなたへの理解が深まりましたので、
次回の治療にも活かせますし、それに、ええと……。",Còn trận trước gặp Lamia... thì lỡ mắc lỗi chút nên thua mất...
CommonEvents,415,メインストーリー6-2,メインストーリー,Story_Main,セラ,\C[4]セラ,……えっと。,"Trận trước nữa gặp Harpy thì thắng... à không, thua luôn thì phải..."
CommonEvents,415,メインストーリー6-2,メインストーリー,Story_Main,セラ,\C[4]セラ,……。,...
CommonEvents,415,メインストーリー6-2,メインストーリー,Story_Main,セラ,\C[4]セラ,"ありがとう、ございます。
嬉しいです。",Th-Thỉnh thoảng thôi! Thỉnh thoảng dạo này mới thua liên tiếp thôi mà!
CommonEvents,415,メインストーリー6-2,メインストーリー,Story_Main,セラ,\C[4]セラ,"それなら、この場所にいても悪目立ちは
しなさそうです。",Hà... Anh đúng là bệnh nặng thật đấy.
CommonEvents,415,メインストーリー6-2,メインストーリー,Story_Main,セラ,\C[4]セラ,なにせ、今日の私は可愛いとのことですから。,Có một y tá riêng như em ở bên cạnh thế mà thật là...
CommonEvents,415,メインストーリー6-2,メインストーリー,Story_Main,,\N[1],（簡単なことだったんだ）,"Với lại, tại sao bị thua anh không chịu nói cho em biết?
Vì xấu hổ nên anh cố tình giấu đúng không?"
CommonEvents,415,メインストーリー6-2,メインストーリー,Story_Main,,\N[1],（セラさんはただ、頑張っておめかしした姿を、）,...Xin lỗi em.
CommonEvents,415,メインストーリー6-2,メインストーリー,Story_Main,,\N[1],（治療とか抜きで、普通に、褒めて欲しかっただけなんだ）,Có lẽ em đã quá nuông chiều anh rồi.
CommonEvents,416,メインストーリー7-1,メインストーリー,Story_Main,セラ,\C[4]セラ,"……この下着、どうでしょうか？
変ではありませんか？",Đã đến lúc em cần phải chấn chỉnh lại tinh thần cho anh rồi đấy.
CommonEvents,416,メインストーリー7-1,メインストーリー,Story_Main,,\N[1],"か、可愛いです……！
もしかしてこの間の治療の時に来ていた下着ですか？","Hôm nay em sẽ dạy dỗ anh nghiêm khắc, hãy chuẩn bị tinh thần đi."
CommonEvents,416,メインストーリー7-1,メインストーリー,Story_Main,セラ,\C[4]セラ,"はい。せっかく用意したので
下着単体でも治療に使ってみようかと。",Hôm nay em định tiến hành liệu pháp thôi miên cho anh.
CommonEvents,416,メインストーリー7-1,メインストーリー,Story_Main,セラ,\C[4]セラ,"……まじまじと見ていますね。
何を考えているのか当ててあげましょうか？",Liệu pháp thôi miên... Tức là dùng thuật thôi miên để trị liệu sao?
CommonEvents,416,メインストーリー7-1,メインストーリー,Story_Main,セラ,\C[4]セラ,"「下着姿のセラさん可愛い……♡
早く抱きたいっ、えっちしたい……っ♡」",Vâng. Dù nói vậy nhưng có lẽ hơi khác biệt so với thuật thôi miên của con người một chút.
CommonEvents,416,メインストーリー7-1,メインストーリー,Story_Main,セラ,\C[4]セラ,"……といったところでしょうか。
何せ私の選んだこの服は可愛いとのことですから。",Vì đây là một dạng phép thuật. Chúng ta hãy thử nghiệm khả năng dễ bị ám thị của anh xem sao nhé.
CommonEvents,416,メインストーリー7-1,メインストーリー,Story_Main,セラ,\C[4]セラ,"……俯いてどうしましたか？
耳が赤くなっていますよ。","Hãy nhìn thẳng vào mắt em nào.
Khụ."
CommonEvents,416,メインストーリー7-1,メインストーリー,Story_Main,セラ,\C[4]セラ,"心情を格好悪く代弁されて、
羞恥心を煽られてしまいましたか？","""Hãy cương lên""."
CommonEvents,416,メインストーリー7-1,メインストーリー,Story_Main,セラ,\C[4]セラ,"そんな様子では今日の治療がつらいものになってしまいますよ。
今から行うのは心を読んでくる魔物への耐性を付ける治療なのですから。",... ah!?
CommonEvents,416,メインストーリー7-1,メインストーリー,Story_Main,セラ,\C[4]セラ,"そうですね……今あなたが顔を赤くしながら
考えている言葉は……、","V-Vùng kín tự nhiên...!
Ưu..."
CommonEvents,416,メインストーリー7-1,メインストーリー,Story_Main,セラ,\C[4]セラ,"「心の声代弁されるの恥ずかしいけど、
セラさんの下品なセリフ好きぃ……♡」","Chốc lát thôi mà anh đã khom lưng xuống rồi kìa.
Quả nhiên anh rất yếu trước thôi miên."
CommonEvents,416,メインストーリー7-1,メインストーリー,Story_Main,,\N[1],……っ。,"Như thế này đây, đây là phép thuật có thể bắt đối phương hành động bất chấp ý muốn của họ."
CommonEvents,416,メインストーリー7-1,メインストーリー,Story_Main,セラ,\C[4]セラ,ふむ。精度は上々といったところでしょうか。,Hôm nay chúng ta sẽ dùng cái này để trị liệu.
CommonEvents,416,メインストーリー7-1,メインストーリー,Story_Main,セラ,\C[4]セラ,"それでは始めていきましょう。あなたの可愛いらしいマゾな心を、
ぜーんぶ丸裸にしてさしあげます。","Hành động bị hạn chế hơn bình thường nên bài trị liệu sẽ hơi khó một chút, nhưng anh cố gắng chịu đựng nhé."
CommonEvents,417,メインストーリー7-2,メインストーリー,Story_Main,,,ある日のこと……。,"Vậy thì... ""Hãy dâng con cu ra đây""."
CommonEvents,417,メインストーリー7-2,メインストーリー,Story_Main,セラ,\C[4]セラ,"最近は治療が順調に進んでいますよ。
偉いですね。","Hì hì... Không thể lùi hông lại được nên thấy xấu hổ đúng không.
Chúng ta bắt đầu trị liệu ngay thôi nào."
CommonEvents,417,メインストーリー7-2,メインストーリー,Story_Main,,\N[1],"ありがとうございます！
セラさんのおかげです。",Em đã đợi anh rồi. Hôm nay chúng ta lại trị liệu...
CommonEvents,417,メインストーリー7-2,メインストーリー,Story_Main,セラ,\C[4]セラ,"この様子なら対モンスター娘の戦績も
改善されてきたのではないでしょうか。",... ah!?
CommonEvents,417,メインストーリー7-2,メインストーリー,Story_Main,,\N[1],えっ、あっ……は、はい。,"Vết thương đó là sao!|
Có chuyện gì thế anh?"
CommonEvents,417,メインストーリー7-2,メインストーリー,Story_Main,セラ,\C[4]セラ,……なんですかその反応は。,Xin lỗi em vì mang dáng vẻ thô nát này đến.
CommonEvents,417,メインストーリー7-2,メインストーリー,Story_Main,セラ,\C[4]セラ,"参考に、直近のモンスター娘に出会った時の
あなたの様子をお聞かせ願います。",Vết thương không lớn lắm nhưng ở trong hầm ngục bị hết đạo cụ nên chưa kịp băng bó.
CommonEvents,417,メインストーリー7-2,メインストーリー,Story_Main,,\N[1],えっ……とぉ……。,"Gần đây nên tôi ghé qua luôn, không biết ở đây có để băng gạc gì không--"
CommonEvents,417,メインストーリー7-2,メインストーリー,Story_Main,,\N[1],"こないだスライム娘に出会った時は……、
その、油断してたのもあって負けちゃいましたね～……。","Anh mau lại đây nhanh lên.
Phải nhanh chóng sơ cứu mới được."
CommonEvents,417,メインストーリー7-2,メインストーリー,Story_Main,,\N[1],"その前のラミアとは……ちょっとミスして
負けちゃったっけ……。","Anh yên tâm đi.
Với tư cách y tá riêng của anh, em nhất định sẽ chữa khỏi cho anh."
CommonEvents,417,メインストーリー7-2,メインストーリー,Story_Main,,\N[1],その前のハーピィは勝……いや、負けたか……。,Ơ? Không cần lo lắng đến thế đâu mà... Ủa ối!
CommonEvents,417,メインストーリー7-2,メインストーリー,Story_Main,セラ,\C[4]セラ,……。,"Em sát trùng đây.
Sẽ hơi rát một chút đấy."
CommonEvents,417,メインストーリー7-2,メインストーリー,Story_Main,,\N[1],"た、たまたま！
たまたま最近は負け続きだっただけなんです！","Áp gạc vào đây...
Buộc chỗ này lại..."
CommonEvents,417,メインストーリー7-2,メインストーリー,Story_Main,セラ,\C[4]セラ,"はぁ……。
本当に重症ですね、あなたは。",Xin lỗi em vì phải làm phiền em thế này.
CommonEvents,417,メインストーリー7-2,メインストーリー,Story_Main,セラ,\C[4]セラ,私という専属ナースがいながら、全く……。,"Không có gì, chừng này là điều hiển nhiên mà."
CommonEvents,417,メインストーリー7-2,メインストーリー,Story_Main,セラ,\C[4]セラ,"それに、なぜ負けたことを私に言わなかったんですか？
恥ずかしいからって隠していましたね？","Tuy đây là phòng khám chuyên trị xuất tinh sớm, nhưng em cũng đã tính đến trường hợp anh bị thương rồi."
CommonEvents,417,メインストーリー7-2,メインストーリー,Story_Main,,\N[1],……すみません。,"...Mà, vì phép hồi phục em không giỏi nên chỉ là sơ cứu vật lý thôi."
CommonEvents,417,メインストーリー7-2,メインストーリー,Story_Main,セラ,\C[4]セラ,私は少々あなたを甘やかしすぎたのかもしれません。,"Từ giờ ngoài trị xuất tinh sớm ra, có chuyện gì anh cứ thoải mái ghé qua nhé.
Tất cả em đều sẽ chữa khỏi cho anh."
CommonEvents,417,メインストーリー7-2,メインストーリー,Story_Main,セラ,\C[4]セラ,"このあたりでいったん、あなたの気を引き締める必要が
あるみたいですね。",Tuyệt đối không được dùng đạo cụ hồi phục mua từ cô ả Succubus đó đấy nhé.
CommonEvents,417,メインストーリー7-2,メインストーリー,Story_Main,セラ,\C[4]セラ,今日は厳しく躾しますので、覚悟してください。,A ha ha... Tôi đâu có mua mấy cái đó ở đấy đâu...
CommonEvents,418,メインストーリー8-1,メインストーリー,Story_Main,セラ,\C[4]セラ,本日はあなたに催眠療法を実施しようと思います。,Mà nhắc mới nhớ Sera cũng biết cả kiến thức y khoa này nữa sao. Em từng bảo mới làm y tá gần đây mà.
CommonEvents,418,メインストーリー8-1,メインストーリー,Story_Main,,\N[1],"催眠療法……というと、催眠術を使って
治療をするということですか？",...Chủ yếu là em bắt chước theo thôi.
CommonEvents,418,メインストーリー8-1,メインストーリー,Story_Main,セラ,\C[4]セラ,"はい。と言っても、人間の言う催眠術とは
少々趣が誓うかもしれませんが。","Nhưng em vẫn đang học hỏi từng ngày.
Vì anh mà."
CommonEvents,418,メインストーリー8-1,メインストーリー,Story_Main,セラ,\C[4]セラ,"これは魔法の一種なので。
試しにあなたの被暗示性を検証してみましょうか。","Nếu không chỉ tâm trí mà cả cơ thể anh em cũng chữa lành được thì tốt biết mấy...
Em đang nghĩ như thế đấy."
CommonEvents,418,メインストーリー8-1,メインストーリー,Story_Main,セラ,\C[4]セラ,"私の目を見ていてくださいね。
コホン。","Cảm ơn em nhiều. Nhưng trước giờ tôi đi một mình vẫn xoay xở được mà, không cần lo lắng quá thế đâu."
CommonEvents,418,メインストーリー8-1,メインストーリー,Story_Main,セラ,\C[4]セラ,「勃起しろ」。,"Không được.
Em phải lo lắng chứ."
CommonEvents,418,メインストーリー8-1,メインストーリー,Story_Main,,\N[1],……っ！？,Cơ thể anh... có rất nhiều vết sẹo đúng không.
CommonEvents,418,メインストーリー8-1,メインストーリー,Story_Main,,\N[1],"こ、股間が勝手に……！
うぅ……。",Đây chính là bằng chứng cho thấy anh đang quá cố gắng đấy.
CommonEvents,418,メインストーリー8-1,メインストーリー,Story_Main,セラ,\C[4]セラ,"あっという間に前屈みになってしまいましたね。
やはりあなたは催眠に弱かったようです。","Nhưng vết thương cũ cũng nhiều mà, chắc bây giờ không sao đâu..."
CommonEvents,418,メインストーリー8-1,メインストーリー,Story_Main,セラ,\C[4]セラ,"このように、相手の意思に関係なく
行動させることができる魔法があるのです。",...Không được.
CommonEvents,418,メインストーリー8-1,メインストーリー,Story_Main,セラ,\C[4]セラ,今日はこちらを使って治療を行います。,Sera bất ngờ ôm chặt lấy cánh tay của Main.
CommonEvents,418,メインストーリー8-1,メインストーリー,Story_Main,セラ,\C[4]セラ,"普段より行動が制限されるため少々難しい治療となりますが、
どうか耐えてくださいね。",S-Sera?
CommonEvents,418,メインストーリー8-1,メインストーリー,Story_Main,セラ,\C[4]セラ,それでは……「おちんちんを差し出しなさい」。,"Tính cách hay cố gắng của anh,
em thấy rất tuyệt vời."
CommonEvents,418,メインストーリー8-1,メインストーリー,Story_Main,セラ,\C[4]セラ,"くす……腰を引くことができなくて恥ずかしいですね。
このまま治療を始めてしまいましょう。",Nhưng mà... Hãy dựa dẫm vào em đi.
CommonEvents,419,メインストーリー8-2,メインストーリー,Story_Main,セラ,\C[4]セラ,"お待ちしていました。
今日も治療を……、",Em cũng đang nỗ lực vì anh mà.
CommonEvents,419,メインストーリー8-2,メインストーリー,Story_Main,セラ,\C[4]セラ,……っ！？,H-Hểu rồi...
CommonEvents,419,メインストーリー8-2,メインストーリー,Story_Main,セラ,\C[4]セラ,"そのけがは！？
どうしたんですか？","Từ giờ mỗi khi anh đến phòng khám,
em cũng sẽ kiểm tra cả vết thương trên cơ thể anh nữa đấy."
CommonEvents,419,メインストーリー8-2,メインストーリー,Story_Main,,\N[1],すみません、お見苦しい姿で。,"...Vậy em đi chuẩn bị bài trị liệu đây,
anh chờ em một chút nhé."
CommonEvents,419,メインストーリー8-2,メインストーリー,Story_Main,,\N[1],"大した傷ではないんですが、ダンジョンの中でアイテムを
切らしてしまったせいで手当できていなくて。",Sera hay lo lắng thật đấy.
CommonEvents,419,メインストーリー8-2,メインストーリー,Story_Main,,\N[1],"近かったので寄ったんですけど、
包帯か何か置いてたり――。",...
CommonEvents,419,メインストーリー8-2,メインストーリー,Story_Main,セラ,\C[4]セラ,"早くこちらへ来てください。
急いで手当をしなければ。",(Cách Sera băng bó vừa rồi... mình nhìn suốt từ nãy đến giờ)
CommonEvents,419,メインストーリー8-2,メインストーリー,Story_Main,セラ,\C[4]セラ,"安心してください。
私があなた専属ナースとして絶対に治してあげますからね。",(Giống hệt cách mình tự băng bó cho bản thân. Dù mình tự học một mình)
CommonEvents,419,メインストーリー8-2,メインストーリー,Story_Main,,\N[1],"え？　そんな心配しなくても……、
ってうわぁ！？",(Chắc là ngẫu nhiên thôi nhỉ...)
CommonEvents,419,メインストーリー8-2,メインストーリー,Story_Main,セラ,\C[4]セラ,"消毒します。
少し沁みますよ。","Sera ơi, hôm nay lại nhờ em giúp đỡ--"
CommonEvents,419,メインストーリー8-2,メインストーリー,Story_Main,セラ,\C[4]セラ,"これでガーゼを当てて……。
ここをこうして……。",Xin kính chào quý khách.
CommonEvents,419,メインストーリー8-2,メインストーリー,Story_Main,,\N[1],すみません、やってもらっちゃって。,...Hả?
CommonEvents,419,メインストーリー8-2,メインストーリー,Story_Main,セラ,\C[4]セラ,いえ、この程度は当然のことです。,"Nơi đây là quán đêm quý khách có thể xem các vũ công biểu diễn khiêu vũ.
Chúc quý khách có khoảng thời gian vui vẻ."
CommonEvents,419,メインストーリー8-2,メインストーリー,Story_Main,セラ,\C[4]セラ,"早漏治療専門のクリニックではありますが、
あなたがけがをした際のことも想定していました。",Éc!? Nơi này biến thành quán rượu dâm mát từ lúc nào thế này!?
CommonEvents,419,メインストーリー8-2,メインストーリー,Story_Main,セラ,\C[4]セラ,"……まぁ、回復魔法は得意ではないので
物理的な手当になりますが。",Hì hì. Đây là bài trị liệu đặc biệt ngày hôm nay đấy ạ.
CommonEvents,419,メインストーリー8-2,メインストーリー,Story_Main,セラ,\C[4]セラ,"これからも、早漏治療以外でも気軽に来てください。
すべて私が治します。",Em sẽ hóa thân thành vũ công quyến rũ để phục vụ riêng cho anh.
CommonEvents,419,メインストーリー8-2,メインストーリー,Story_Main,セラ,\C[4]セラ,"間違ってもあのサキュバスから買った回復アイテムなどは
使わないようにしてください。","Nào, xin mời anh ngồi xuống chiếc ghế danh dự này nhé...♡"
CommonEvents,419,メインストーリー8-2,メインストーリー,Story_Main,,\N[1],あはは……まぁあそこでそういうのは買わないので……。,Hôm nay em sẽ múa cho một mình anh xem thôi.
CommonEvents,419,メインストーリー8-2,メインストーリー,Story_Main,,\N[1],"というかセラさんってこういう医療の知識もあるんですね。
ナースになったのは最近って言ってましたけど。",Đôi chân trần nuột nà này... chiếc eo thắt gợi cảm này...
CommonEvents,419,メインストーリー8-2,メインストーリー,Story_Main,セラ,\C[4]セラ,……あくまで見よう見まねといったところですが。,Và cả bộ ngực căn tròn đang nhún nhảy theo điệu nhạc nữa...♡
CommonEvents,419,メインストーリー8-2,メインストーリー,Story_Main,セラ,\C[4]セラ,"ですが勉強中ではあります。
あなたのために。",Anh có thấy hưng phấn không?
CommonEvents,419,メインストーリー8-2,メインストーリー,Story_Main,セラ,\C[4]セラ,"心だけでなく身体も癒せたなら……と。
そう思っているので。",Con cu của anh đã cứng ngắc lên rồi kìa...♡
CommonEvents,419,メインストーリー8-2,メインストーリー,Story_Main,,\N[1],"ありがとうございます。でも今まで一人でなんとかなっていたので、
そんなに心配しなくても大丈夫ですよ。","Nào, hãy ngắm nhìn thật kỹ cơ thể em đang biểu diễn cho anh nhé."
CommonEvents,419,メインストーリー8-2,メインストーリー,Story_Main,セラ,\C[4]セラ,"いいえ。
心配します。",Vũ điệu dâm mát này dành riêng cho một mình anh thôi đấy...♡
CommonEvents,419,メインストーリー8-2,メインストーリー,Story_Main,セラ,\C[4]セラ,あなたの身体……傷跡がたくさんありますよね。,Anh muốn chạm vào em sao?
CommonEvents,419,メインストーリー8-2,メインストーリー,Story_Main,セラ,\C[4]セラ,これこそまさに頑張りすぎている証拠です。,"Không được đâu nhé, bây giờ chỉ được nhìn thôi."
CommonEvents,419,メインストーリー8-2,メインストーリー,Story_Main,,\N[1],でも昔の傷も多いので、多分今は問題ないと思うんですけど……。,Phải kiềm chế thì lúc được thưởng mới sướng gấp bội phần chứ...♡
CommonEvents,419,メインストーリー8-2,メインストーリー,Story_Main,セラ,\C[4]セラ,"……。
だめです。",Ngoan nào... chịu đựng giỏi lắm.
CommonEvents,419,メインストーリー8-2,メインストーリー,Story_Main,,,セラは不意に\N[1]の腕に抱き着いた。,Bây giờ em sẽ thưởng cho anh nhé...♡
CommonEvents,419,メインストーリー8-2,メインストーリー,Story_Main,,\N[1],セ、セラさん？,Hãy để em dùng miệng cưng nựng con cu của anh nào...♡
CommonEvents,419,メインストーリー8-2,メインストーリー,Story_Main,セラ,\C[4]セラ,"あなたのその頑張り屋さんなところは
とても素敵だと思います。",Chụtttt... chẹp chẹp...♡
CommonEvents,419,メインストーリー8-2,メインストーリー,Story_Main,セラ,\C[4]セラ,でも……私を頼ってください。,"Ưm... ah♡
Nóng hổi quá...♡"
CommonEvents,419,メインストーリー8-2,メインストーリー,Story_Main,セラ,\C[4]セラ,私もあなたのために頑張っているんです。,Bắn hết tinh dịch vào miệng vũ công riêng của anh đi nào...♡
CommonEvents,419,メインストーリー8-2,メインストーリー,Story_Main,,\N[1],わ、分かりました……。,Ngoan lắm... em đã nuốt hết rồi.
CommonEvents,419,メインストーリー8-2,メインストーリー,Story_Main,セラ,\C[4]セラ,"これからはクリニックに来た際、
身体の傷もチェックしますからね。",Anh thấy buổi biểu diễn hôm nay thế nào?
CommonEvents,419,メインストーリー8-2,メインストーリー,Story_Main,セラ,\C[4]セラ,"……それでは治療の準備をしてきますので
少々お待ちください。",Lần sau lại đến ủng hộ em nhé...♡
CommonEvents,419,メインストーリー8-2,メインストーリー,Story_Main,,\N[1],セラさん、心配性だなぁ。,Đã nhận được Trang bị \c[1]Trái Tim Vũ Công\c[0]!
CommonEvents,419,メインストーリー8-2,メインストーリー,Story_Main,,\N[1],……。,Dạo này anh khám phá hầm ngục có vẻ thuận lợi nhỉ.
CommonEvents,419,メインストーリー8-2,メインストーリー,Story_Main,,\N[1],（セラさんの手当、ずっと見ていたけど……）,Vâng! Nhờ có sự trị liệu của Sera cả đấy!
CommonEvents,419,メインストーリー8-2,メインストーリー,Story_Main,,\N[1],（僕のやり方と全く一緒だった。僕は自己流でやってるのに）,Thế thì tốt rồi. Việc trị liệu có hiệu quả là mục tiêu của em mà.
CommonEvents,419,メインストーリー8-2,メインストーリー,Story_Main,,\N[1],（偶然、なのかな……）,Nhưng mà không được lơ đễnh đâu đấy.
CommonEvents,420,メインストーリー9-1,メインストーリー,Story_Main,,\N[1],セラさん、今日もよろしくお願いしま――。,Các Monster Girl ở hầm ngục tầng sâu nguy hiểm hơn nhiều.
CommonEvents,420,メインストーリー9-1,メインストーリー,Story_Main,セラ,\C[4]セラ,いらっしゃいませ。,Chúng có nhiều chiêu trò quyến rũ tinh vi hơn.
CommonEvents,420,メインストーリー9-1,メインストーリー,Story_Main,,\N[1],……え？,Nên hôm nay chúng ta sẽ nâng cấp bài trị liệu lên một tầm cao mới.
CommonEvents,420,メインストーリー9-1,メインストーリー,Story_Main,セラ,\C[4]セラ,"ここは踊り子さんのダンスショーが見れる夜のお店です。
楽しんでいってください。",Anh đã chuẩn bị sẵn sàng chưa?
CommonEvents,420,メインストーリー9-1,メインストーリー,Story_Main,,\N[1],……？？？,Bài trị liệu nâng cấp... Là gì thế em?
CommonEvents,420,メインストーリー9-1,メインストーリー,Story_Main,セラ,\C[4]セラ,"……というわけで、今日はこのようなコンセプトで
施術を行おうと思います。",Lần này em sẽ nâng độ kích thích lên mức tối đa.
CommonEvents,420,メインストーリー9-1,メインストーリー,Story_Main,,\N[1],すいません、まだ全然分かっていません。,Cụ thể là em sẽ thực hiện bài trị liệu nhảy múa dâm mát trong trang phục thiếu vải hơn nữa.
CommonEvents,420,メインストーリー9-1,メインストーリー,Story_Main,セラ,\C[4]セラ,"今までモンスター娘を想定した治療を行ってきた中で、
私は気づきました。","Anh chỉ được nhìn và kiềm chế, tuyệt đối không được chạm vào em."
CommonEvents,420,メインストーリー9-1,メインストーリー,Story_Main,セラ,\C[4]セラ,"あなたは相手が人間であろうと、
色仕掛けで騙されてしまうだろうということに。",Liệu anh có thể chịu đựng được sự quyến rũ này không?
CommonEvents,420,メインストーリー9-1,メインストーリー,Story_Main,セラ,\C[4]セラ,"あなたのような色々な場所へ赴く冒険者であれば、
時には知らない町の夜のお店へ誘われる可能性があります。",Em rất trông chờ vào sự thể hiện của anh đấy...♡
CommonEvents,420,メインストーリー9-1,メインストーリー,Story_Main,セラ,\C[4]セラ,"そこで無垢なあなたがいいように利用され、
身ぐるみをはがされてしまわないよう、",Hôm nay em có mang chút đồ uống đến.
CommonEvents,420,メインストーリー9-1,メインストーリー,Story_Main,セラ,\C[4]セラ,本来の趣旨とはズレますが対策を施すことにしました。,Sera biết uống rượu sao?
CommonEvents,420,メインストーリー9-1,メインストーリー,Story_Main,,\N[1],それで、踊り子と……。,"Vâng, thỉnh thoảng em cũng uống chút ít."
CommonEvents,420,メインストーリー9-1,メインストーリー,Story_Main,セラ,\C[4]セラ,"煽情的な衣装でセクシーなダンスを踊る踊り子さんなんて
あなたには刺激が強過ぎます。",Loại nước ép nho lên men này ngọt ngào thơm ngon lắm.
CommonEvents,420,メインストーリー9-1,メインストーリー,Story_Main,セラ,\C[4]セラ,"ですが、私で慣れておけば騙されそうになっても
冷静な判断ができるはずです。",Anh cũng uống một chút chứ?
CommonEvents,420,メインストーリー9-1,メインストーリー,Story_Main,セラ,\C[4]セラ,"ちなみに今日の私はお店の踊り子さんになりきるので、
本来好きであるあなたからの誉め言葉も華麗にスルーします。","Vâng, xin phép em..."
CommonEvents,420,メインストーリー9-1,メインストーリー,Story_Main,セラ,\C[4]セラ,"彼女たちがそんな簡単にほだされるわけがありませんから。
あなたはいつもとは違う戦法で私に挑んできてください。",Ợ... Ngon quá.
CommonEvents,420,メインストーリー9-1,メインストーリー,Story_Main,セラ,\C[4]セラ,"それでは旅のお兄さん。
私と一緒に楽しいひと時を過ごしましょうね。",Đúng không nào. Em thích vị ngọt này lắm.
CommonEvents,421,メインストーリー9-2,メインストーリー,Story_Main,,,治療を終えた後のこと……。,Hà... Uống vào thấy người ấm áp lên hẳn.
CommonEvents,421,メインストーリー9-2,メインストーリー,Story_Main,セラ,\C[4]セラ,"踊り子について調べていた時、
ショーをするお店ではお酒を飲むと聞きました。","Sera ơi, má em đỏ lên rồi kìa..."
CommonEvents,421,メインストーリー9-2,メインストーリー,Story_Main,セラ,\C[4]セラ,"あなたがお酒を飲んで酔う姿に興味があ……、
心配なので、一緒にお酒を飲みましょう。","Không sao đâu, chỉ là tác dụng của đồ uống thôi."
CommonEvents,421,メインストーリー9-2,メインストーリー,Story_Main,,\N[1],（興味があるって言いかけてた）,Nhưng mà... Cảm giác hơi lâng lâng bồng bềnh một chút.
CommonEvents,421,メインストーリー9-2,メインストーリー,Story_Main,セラ,\C[4]セラ,"酔った状態では判断力が鈍って危険です。
今のうちに耐性をつけておきましょう。",Hình như... Em bị say rồi thì phải...
CommonEvents,421,メインストーリー9-2,メインストーリー,Story_Main,セラ,\C[4]セラ,"というわけで葡萄酒を用意しました。
おつぎしますね。",Hả!? Thật sao!?
CommonEvents,421,メインストーリー9-2,メインストーリー,Story_Main,セラ,\C[4]セラ,"はい、どうぞ。お酒には詳しくないのですが、
良さそうなものを選びました。",Hì hì... Anh lo lắng cho em sao?
CommonEvents,421,メインストーリー9-2,メインストーリー,Story_Main,,\N[1],"結構お高いやつじゃないですか？　これ。
ご馳走になっちゃってなんだか悪いですね。",Đáng yêu quá đi... Chụt♡
CommonEvents,421,メインストーリー9-2,メインストーリー,Story_Main,,\N[1],せっかくならセラさんも一緒に飲みませんか？,Éc!? S-Sera!?
CommonEvents,421,メインストーリー9-2,メインストーリー,Story_Main,セラ,\C[4]セラ,"私もですか？
私には美味しさが分からないかもしれませんが……。",Sao thế anh? Chỉ là nụ hôn cảm ơn thôi mà...
CommonEvents,421,メインストーリー9-2,メインストーリー,Story_Main,セラ,\C[4]セラ,"ですが、雰囲気で「場酔い」するとも聞きますし、
私も飲んだ方が実践に即しているかもしれませんね。",Nhưng mà... Mặt anh đỏ gấc lên rồi kìa. Đáng yêu quá...♡
CommonEvents,421,メインストーリー9-2,メインストーリー,Story_Main,セラ,\C[4]セラ,では私も失礼して……。,"Sera ơi, em say thật rồi đấy!"
CommonEvents,421,メインストーリー9-2,メインストーリー,Story_Main,セラ,\C[4]セラ,"ひとまず、今日も治療お疲れ様でした。
乾杯。",Em đâu có say đâu... Em vẫn tỉnh táo mà.
CommonEvents,421,メインストーリー9-2,メインストーリー,Story_Main,,\N[1],"乾杯！　ごくっ……。
ん！　これ、美味しいです！","Nào, uống thêm chút nữa đi anh... Ực..."
CommonEvents,421,メインストーリー9-2,メインストーリー,Story_Main,セラ,\C[4]セラ,ふむ……不思議な味です。,"Thôi thôi, em đừng uống nữa!"
CommonEvents,421,メインストーリー9-2,メインストーリー,Story_Main,セラ,\C[4]セラ,"ぶどうジュースのようなものを想像していましたが、
やはり甘くはないのですね。",Không chịu đâu... Em muốn uống nữa cơ...
CommonEvents,421,メインストーリー9-2,メインストーリー,Story_Main,,\N[1],"お酒ですからね。
でも料理に合うと思いますよ。",Anh cũng uống cùng em đi mà...
CommonEvents,421,メインストーリー9-2,メインストーリー,Story_Main,セラ,\C[4]セラ,"料理ですか。
良いですね。作りましょう。","Không được đâu, uống nữa là xỉu đấy!"
CommonEvents,421,メインストーリー9-2,メインストーリー,Story_Main,,\N[1],"え？
ここ、キッチンありましたっけ？",U... Ố... NG... Đ... I... M... À...
CommonEvents,421,メインストーリー9-2,メインストーリー,Story_Main,セラ,\C[4]セラ,"ありません。
なので作りません。",Rồi rồi! Anh uống! Đừng có dụi đầu vào người anh nữa!
CommonEvents,421,メインストーリー9-2,メインストーリー,Story_Main,,\N[1],"え……？
セ、セラさん……？","Ực... Đó, anh uống rồi nhé."
CommonEvents,421,メインストーリー9-2,メインストーリー,Story_Main,セラ,\C[4]セラ,"エンジェルジョークでした。
うふふ。",Hì hì... Anh uống rồi. Thích anh quá...♡
CommonEvents,421,メインストーリー9-2,メインストーリー,Story_Main,セラ,\C[4]セラ,"なんだか楽しくなってきましたね。
ふわふわします。",Tự nhiên thấy vui quá đi... Bồng bềnh quá.
CommonEvents,421,メインストーリー9-2,メインストーリー,Story_Main,,\N[1],"あれ……？
セラさん、もしかしてもう酔いました？","Ủa...? Sera ơi, chẳng lẽ em say thật rồi sao?"
CommonEvents,421,メインストーリー9-2,メインストーリー,Story_Main,セラ,\C[4]セラ,私は酔っていません。,Em không có say đâu.
CommonEvents,421,メインストーリー9-2,メインストーリー,Story_Main,セラ,\C[4]セラ,"それよりもあなたは酔いましたか？
ほら、お顔を見せてください。","Mà anh say chưa đấy? Nào, cho em xem mặt anh chút nào."
CommonEvents,421,メインストーリー9-2,メインストーリー,Story_Main,セラ,\C[4]セラ,んー……。,Ưm...
CommonEvents,421,メインストーリー9-2,メインストーリー,Story_Main,セラ,\C[4]セラ,"可愛い。
ちゅ……っ。",Đáng yêu quá. Chụt...♡
CommonEvents,421,メインストーリー9-2,メインストーリー,Story_Main,,\N[1],っ！？,Ah!?
CommonEvents,421,メインストーリー9-2,メインストーリー,Story_Main,セラ,\C[4]セラ,"あれー……？
ぶどうの味がしませんね。",Ủa... Sao không thấy có vị nho nhỉ.
CommonEvents,421,メインストーリー9-2,メインストーリー,Story_Main,セラ,\C[4]セラ,"もっと一緒に飲みましょう。
ごくっ……ごくっ……。",Chúng ta cùng uống thêm nữa đi. Ực... ực...
CommonEvents,421,メインストーリー9-2,メインストーリー,Story_Main,,\N[1],"ちょっ、そんなに一気に飲んだら良くないですよ！
今日はこれくらいにしておきましょう！","Ủa khoan, uống ừng ực thế không tốt đâu! Hôm nay dừng ở đây thôi!"
CommonEvents,421,メインストーリー9-2,メインストーリー,Story_Main,セラ,\C[4]セラ,"やだ。
飲みます。",Không chịu. Em uống tiếp.
CommonEvents,421,メインストーリー9-2,メインストーリー,Story_Main,セラ,\C[4]セラ,あなたもいっぱい飲んでください。,Anh cũng phải uống thật nhiều vào.
CommonEvents,421,メインストーリー9-2,メインストーリー,Story_Main,,\N[1],いっぱいはさすがに……。,Nhiều quá thì...
CommonEvents,421,メインストーリー9-2,メインストーリー,Story_Main,セラ,\C[4]セラ,飲・ん・で・く・だ・さ・い。,U... Ố... NG... Đ... I...
CommonEvents,421,メインストーリー9-2,メインストーリー,Story_Main,,\N[1],"わ、分かったので頭でぐりぐりしないでください！
ごくっ……。ほら、飲みましたよ。","Đ-Được rồi nên em đừng dùng đầu dụi dụi nữa! Ực... Đó, anh uống rồi nè."
CommonEvents,421,メインストーリー9-2,メインストーリー,Story_Main,セラ,\C[4]セラ,"んー……。
んふふ。",Ưm... Hì hì.
CommonEvents,421,メインストーリー9-2,メインストーリー,Story_Main,セラ,\C[4]セラ,"飲んでくれた。
好き。",Anh uống rồi. Thích anh quá.
CommonEvents,421,メインストーリー9-2,メインストーリー,Story_Main,,,その後もセラが寝るまで振り回され続けた\N[1]だった。,Sau đó Main bị Sera say khướt quay như dế cho đến khi cô ấy ngủ thiếp đi.
CommonEvents,422,メインストーリー10-1,メインストーリー,Story_Main,セラ,\C[4]セラ,ふむ……。,Hừm...
CommonEvents,422,メインストーリー10-1,メインストーリー,Story_Main,,\N[1],"どうしたんですかセラさん？
難しい顔をして。",Có chuyện gì thế Sera? Nhìn em nét mặt trầm ngâm quá.
CommonEvents,422,メインストーリー10-1,メインストーリー,Story_Main,セラ,\C[4]セラ,"あなたの治療記録を見返していたのですが、
文面では変化が表記しきれていないところがありまして。","Em đang xem lại hồ sơ ghi chép trị liệu của anh, nhưng bằng văn bản thì không thể hiện hết được sự thay đổi."
CommonEvents,422,メインストーリー10-1,メインストーリー,Story_Main,セラ,\C[4]セラ,良い整理のやり方を考えていたところです。,Em đang suy nghĩ cách sắp xếp nào tốt hơn.
CommonEvents,422,メインストーリー10-1,メインストーリー,Story_Main,,\N[1],"なるほど……。
色々考えてもらってありがとうございます。",Ra là vậy... Cảm ơn em vì đã suy nghĩ nhiều cho tôi nhé.
CommonEvents,422,メインストーリー10-1,メインストーリー,Story_Main,セラ,\C[4]セラ,いえ、これが私の使命ですから。,"Không có gì, đây là sứ mệnh của em mà."
CommonEvents,422,メインストーリー10-1,メインストーリー,Story_Main,セラ,\C[4]セラ,"ですが、少し試したい方法があるので
お付き合いしていただきたいです。","Nhưng em có một phương pháp muốn thử nghiệm một chút, anh hợp tác với em nhé."
CommonEvents,422,メインストーリー10-1,メインストーリー,Story_Main,,\N[1],"もちろん！
どんな方法ですか？",Tất nhiên rồi! Phương pháp gì thế em?
CommonEvents,422,メインストーリー10-1,メインストーリー,Story_Main,セラ,\C[4]セラ,"データが分かりづらい原因として、
明確な数値が記されていないことが挙げられます。",Nguyên nhân dữ liệu khó hiểu là do không được ghi chép bằng con số cụ thể.
CommonEvents,422,メインストーリー10-1,メインストーリー,Story_Main,セラ,\C[4]セラ,ということで、治療に数字を取り入れてみようかと。,Vì vậy em định đưa các con số vào trị liệu xem sao.
CommonEvents,422,メインストーリー10-1,メインストーリー,Story_Main,,\N[1],"数字、ですか。
想像できないですね。",Con số sao. Khó hình dung quá nhỉ.
CommonEvents,422,メインストーリー10-1,メインストーリー,Story_Main,セラ,\C[4]セラ,"簡単なことです。
私があなたにカウントダウンを行うんです。",Đơn giản lắm. Em sẽ đếm ngược thời gian với anh.
CommonEvents,422,メインストーリー10-1,メインストーリー,Story_Main,セラ,\C[4]セラ,例えば、射精の際に……、,Ví dụ như những lúc xuất tinh...
CommonEvents,422,メインストーリー10-1,メインストーリー,Story_Main,セラ,\C[4]セラ,3……2……1……♡,3... 2... 1...♡
CommonEvents,422,メインストーリー10-1,メインストーリー,Story_Main,セラ,\C[4]セラ,ゼロ……♡,Không...♡
CommonEvents,422,メインストーリー10-1,メインストーリー,Story_Main,セラ,\C[4]セラ,"……と、タイミングを指定することで、
どの数字まで耐えられたか数値を記録できますよね？","...Đó, bằng cách ấn định thời điểm, em có thể ghi chép được con số anh chịu đựng đến số mấy đúng không?"
CommonEvents,422,メインストーリー10-1,メインストーリー,Story_Main,セラ,\C[4]セラ,"おや？　数字を囁いただけでしたが、
身体がぶるりと震えましたね。",Ồ? Em chỉ mới thì thầm các con số thôi mà người anh đã run bắn lên rồi kìa.
CommonEvents,422,メインストーリー10-1,メインストーリー,Story_Main,セラ,\C[4]セラ,"こんな無機質な言葉責めでも期待してしまうんですか。
これも記録しておきましょう。",Ngay cả những lời đe dọa vô cảm như số đếm mà anh cũng trông chờ sao. Cái này cũng phải ghi chép lại mới được.
CommonEvents,422,メインストーリー10-1,メインストーリー,Story_Main,セラ,\C[4]セラ,"さて、あなたに数字での責めも有効だと分かったところで、
さっそく始めていきましょうか。","Được rồi, biết được các con số đe dọa cũng có hiệu quả với anh, chúng ta bắt đầu ngay thôi nào."
CommonEvents,422,メインストーリー10-1,メインストーリー,Story_Main,セラ,\C[4]セラ,早めに「ゼロ♡」って言ってもらえるといいですね……♡,"Hi vọng anh sẽ sớm được nghe em nói ""Không♡"" nhé...♡"
CommonEvents,423,メインストーリー10-2,メインストーリー,Story_Main,,,"\N[1]がサキュバスの道具屋に入ろうとした時、
店内にセラがいることに気づいた。","Khi Main định bước vào tiệm tạp hóa của Succubus, anh nhận ra Sera đang ở bên trong nói chuyện."
CommonEvents,423,メインストーリー10-2,メインストーリー,Story_Main,,\N[1],あれ？　セラさんがサキュバスと何か話してる。,Ủa? Sera đang nói chuyện gì với Succubus thế nhỉ.
CommonEvents,423,メインストーリー10-2,メインストーリー,Story_Main,サキュバス,\C[5]サキュバス,"ねー、買い物しないんだったら帰ってよ～。
そういうの冷やかしって言うんだよぉ？","Nè, nếu không mua đồ thì cô về đi~ Người ta gọi thế là đi xem cọp đó biết không~?"
CommonEvents,423,メインストーリー10-2,メインストーリー,Story_Main,セラ,\C[4]セラ,"あなたがあの人のことを誘惑していないか調査しているだけです。
これは必要なことです。",Tôi chỉ đang điều tra xem cô có quyến rũ anh ấy hay không thôi. Đây là việc cần thiết.
CommonEvents,423,メインストーリー10-2,メインストーリー,Story_Main,セラ,\C[4]セラ,"それで、本当に何もしていないですか？
神に誓って言えますか？",Thế rốt cuộc cô có làm gì không? Có dám thề trước Thần linh không?
CommonEvents,423,メインストーリー10-2,メインストーリー,Story_Main,サキュバス,\C[5]サキュバス,魔物が神に誓うわけないじゃん。,Quái vật như tôi rảnh đâu mà đi thề với Thần chứ.
CommonEvents,423,メインストーリー10-2,メインストーリー,Story_Main,サキュバス,\C[5]サキュバス,"私は何もしてませーん。
はいこの話おしまーい。",Tôi không có làm gì hết~ Thôi kết thúc câu chuyện ở đây được rồi đó~
CommonEvents,423,メインストーリー10-2,メインストーリー,Story_Main,セラ,\C[4]セラ,……まぁいいでしょう。,...Thôi được rồi.
CommonEvents,423,メインストーリー10-2,メインストーリー,Story_Main,セラ,\C[4]セラ,"彼と仲が良いみたいですが、レベルドレインなんてしたら
私が許しませんからね。","Cô có quan hệ tốt với anh ấy, nhưng nếu cô dám rút cạn cấp độ của anh ấy thì tôi không tha cho cô đâu."
CommonEvents,423,メインストーリー10-2,メインストーリー,Story_Main,サキュバス,\C[5]サキュバス,"そうしようとしたらボコられたんだから
できないっての……。","Tôi mà định làm thế thì bị anh ấy đánh cho tơi bời rồi, làm sao mà làm được chứ..."
CommonEvents,423,メインストーリー10-2,メインストーリー,Story_Main,セラ,\C[4]セラ,"さて、話をするだけして帰るのも不躾ですから、
おすすめの商品を見せてください、店員さん。","Được rồi, nói chuyện xong mà đi về ngay thì bất lịch sự quá, cho tôi xem sản phẩm khuyến nghị đi, cô nhân viên."
CommonEvents,423,メインストーリー10-2,メインストーリー,Story_Main,サキュバス,\C[5]サキュバス,"ちゃんと買い物するんだ……。
そーですねぇ、お客さんにおすすめなのは……。","Ủa cô mua thật sao... Để xem nào, sản phẩm gợi ý cho vị khách này là..."
CommonEvents,423,メインストーリー10-2,メインストーリー,Story_Main,サキュバス,\C[5]サキュバス,こちらの、インキュバスが執筆した夜のテクニックのハウツー本！,Chính là cuốn sách hướng dẫn kỹ thuật phòng trung do Incubus biên soạn đây!
CommonEvents,423,メインストーリー10-2,メインストーリー,Story_Main,セラ,\C[4]セラ,"ふむ……魔物の書いた本など不吉ですが、
確かに治療に役立てられる可能性がありますね……。","Hừm... Sách do quái vật viết nghe xui xẻo thật, nhưng đúng là có khả năng áp dụng vào trị liệu..."
CommonEvents,423,メインストーリー10-2,メインストーリー,Story_Main,セラ,\C[4]セラ,"しかしなぜインキュバス？
私は女ですから、サキュバス視点の方が良いのでは。",Nhưng tại sao lại là Incubus? Tôi là nữ nên nhìn từ góc độ Succubus chẳng phải tốt hơn sao.
CommonEvents,423,メインストーリー10-2,メインストーリー,Story_Main,サキュバス,\C[5]サキュバス,"え～？♡
やっぱり天使ちゃんはあの人のことぜーんぜん知らないんだね～♡",Ơ~?♡ Đúng là cô em Thiên Sứ chẳng hiểu gì về anh ấy hết nà~♡
CommonEvents,423,メインストーリー10-2,メインストーリー,Story_Main,サキュバス,\C[5]サキュバス,これは、お兄さんの愛読書なんだよぉ？♡,Đây là cuốn sách gối đầu giường của anh trai đấy nhé~♡
CommonEvents,423,メインストーリー10-2,メインストーリー,Story_Main,セラ,\C[4]セラ,！,!
CommonEvents,423,メインストーリー10-2,メインストーリー,Story_Main,サキュバス,\C[5]サキュバス,"お客さん、この本を読む時には
律儀に勉強しているお兄さんの姿を想像するんです。","Khách hàng à, khi đọc cuốn sách này cô hãy tưởng tượng ra dáng vẻ anh ấy đang ngoan ngoãn chăm chỉ học tập nhé."
CommonEvents,423,メインストーリー10-2,メインストーリー,Story_Main,サキュバス,\C[5]サキュバス,"こんな小賢しい知識を頑張って覚えてるなんて、
マゾの癖に可愛い～って気持ちになれますよ♡","Học theo mấy cái kiến thức khôn lỏi này, tuy là đồ M nhưng lại thấy đáng yêu cực kỳ luôn đó♡"
CommonEvents,423,メインストーリー10-2,メインストーリー,Story_Main,セラ,\C[4]セラ,こうも巧みに購買意欲を煽るとは……。,Khéo léo kích thích ham muốn mua hàng thế này sao...
CommonEvents,423,メインストーリー10-2,メインストーリー,Story_Main,セラ,\C[4]セラ,"なるほど……人の欲求を満たすという点においては
サキュバスも販売員も同じ。",Ra là vậy... Xét về khía cạnh thỏa mãn ham muốn của con người thì Succubus hay nhân viên bán hàng cũng như nhau.
CommonEvents,423,メインストーリー10-2,メインストーリー,Story_Main,セラ,\C[4]セラ,これがあなたの天職というわけですか。,Đây chính là thiên chức của cô sao.
CommonEvents,423,メインストーリー10-2,メインストーリー,Story_Main,サキュバス,\C[5]サキュバス,えへ☆,E he☆
CommonEvents,423,メインストーリー10-2,メインストーリー,Story_Main,サキュバス,\C[5]サキュバス,"天使ちゃんがお兄さんのこと好きって情報は知ってたもんね。
このくらい余裕余裕♡",Tôi đã nắm được thông tin cô em Thiên Sứ thích anh trai rồi mà. Chuyện này dễ như ăn bánh hi hi♡
CommonEvents,423,メインストーリー10-2,メインストーリー,Story_Main,サキュバス,\C[5]サキュバス,それにしてもなんでそんなにお兄さんのことが好きなんだか。,Mà công nhận sao cô lại thích anh trai đến thế không biết.
CommonEvents,423,メインストーリー10-2,メインストーリー,Story_Main,サキュバス,\C[5]サキュバス,まぁ確かにいじりがいがあるし可愛いとは思うけど♡,Có liên quan gì đến cô đâu. Đưa cuốn sách đó đây.
CommonEvents,423,メインストーリー10-2,メインストーリー,Story_Main,セラ,\C[4]セラ,"それだけではありません。
本当は強いのに女性に弱いというギャップがまた愛らしいのです。",Dạ vâng~ Cảm ơn quý khách đã ủng hộ~!
CommonEvents,423,メインストーリー10-2,メインストーリー,Story_Main,サキュバス,\C[5]サキュバス,強いのは重々承知ですよー。,...Sera?
CommonEvents,423,メインストーリー10-2,メインストーリー,Story_Main,サキュバス,\C[5]サキュバス,"私からしたら、私に対して当たり強い癖に
裏ではあんあん鳴かされてるのが笑えるって感じ。",!
CommonEvents,423,メインストーリー10-2,メインストーリー,Story_Main,セラ,\C[4]セラ,"ふむ……。あなたのことは気に入りませんが、
案外私達の趣味は近しいのかもしれません。",A... V-Vừa rồi là...
CommonEvents,423,メインストーリー10-2,メインストーリー,Story_Main,セラ,\C[4]セラ,ちなみに彼はあなたに対してどのような顔を見せるのですか？,Em vừa mua sách kỹ thuật đêm xuân sao?
CommonEvents,423,メインストーリー10-2,メインストーリー,Story_Main,サキュバス,\C[5]サキュバス,"えー？♡
やっぱり自分の知らない一面とか気になっちゃう？♡",Th-Thì là... Vì sự nghiệp trị liệu nên em mua về nghiên cứu thôi...
CommonEvents,423,メインストーリー10-2,メインストーリー,Story_Main,サキュバス,\C[5]サキュバス,"でも、一方的に天使の喜ぶ情報を提供するなんて
魔物の名折れだしな～。",Ra là vậy...
CommonEvents,423,メインストーリー10-2,メインストーリー,Story_Main,サキュバス,\C[5]サキュバス,"ちなみに、もしウチで色々買ってくれるなら
特別特典としてお兄さんのマル秘情報が付いてくるけどどうする？♡",Anh không được hiểu lầm đâu đấy!
CommonEvents,423,メインストーリー10-2,メインストーリー,Story_Main,セラ,\C[4]セラ,"くっ……汚い手を……。
やはり魔物は魔物ですね。",Tuyệt đối không phải em mua vì tò mò hay muốn áp dụng với anh đâu!
CommonEvents,423,メインストーリー10-2,メインストーリー,Story_Main,セラ,\C[4]セラ,どの程度購入すればいいですか？,T-Tôi đâu có nói gì đâu...
CommonEvents,423,メインストーリー10-2,メインストーリー,Story_Main,サキュバス,\C[5]サキュバス,"天使ちゃんちょっろ～い♡
じゃあまず手始めに棚のここからここまでを……。",Hừ... Chúng ta về thôi!
CommonEvents,423,メインストーリー10-2,メインストーリー,Story_Main,,\N[1],セラさん、そんな交渉に乗っちゃダメですよ。,"Hì hì, cô em Thiên Sứ đỏ mặt thẹn thùng kìa~"
CommonEvents,423,メインストーリー10-2,メインストーリー,Story_Main,サキュバス,\C[5]サキュバス,"あ、お兄さんいたんだ。
やっほー。",Im đi!
CommonEvents,423,メインストーリー10-2,メインストーリー,Story_Main,セラ,\C[4]セラ,"こほん……。
みっともないところを見せてしまいましたね。",Vào một ngày nọ...
CommonEvents,423,メインストーリー10-2,メインストーリー,Story_Main,セラ,\C[4]セラ,"やはり悪魔の囁きにそそのかされるなど愚の骨頂。
自分以外へどう接しているかくらい、本人から聞けばいいことです。","Sera ơi, em có ở đó không?"
CommonEvents,423,メインストーリー10-2,メインストーリー,Story_Main,セラ,\C[4]セラ,今日は一冊だけの購入にしておきます。,"Vâng, em đây."
CommonEvents,423,メインストーリー10-2,メインストーリー,Story_Main,サキュバス,\C[5]サキュバス,お買い上げありがとうございまーす！,Hôm nay chúng ta trị liệu bài gì thế em?
CommonEvents,423,メインストーリー10-2,メインストーリー,Story_Main,,\N[1],……。,Hôm nay em sẽ thử nghiệm bài trị liệu mới dựa trên cuốn sách hôm nọ.
CommonEvents,424,メインストーリー11-1,メインストーリー,Story_Main,セラ,\C[4]セラ,"本日の施術は少々特殊でして、
あなたに治療前の準備をしてもらわないといけません。",Cuốn sách của Incubus sao!?
CommonEvents,424,メインストーリー11-1,メインストーリー,Story_Main,セラ,\C[4]セラ,こちらの薬をお飲みいただけますか？,Vâng. Dù là sách của quái vật nhưng kiến thức trong đó rất đáng học hỏi.
CommonEvents,424,メインストーリー11-1,メインストーリー,Story_Main,,\N[1],"はい、分かりました。
ごくっ……。",Đặc biệt là kỹ thuật trêu chọc tâm lý đối phương.
CommonEvents,424,メインストーリー11-1,メインストーリー,Story_Main,,\N[1],"これでいいですか？
この薬、どんな効果が――。",Em sẽ áp dụng nó để làm cho anh sướng đến phát điên.
CommonEvents,424,メインストーリー11-1,メインストーリー,Story_Main,,\N[1],"あ、あれ？
うわぁぁ……！？",N-Nghe đáng sợ quá...
CommonEvents,424,メインストーリー11-1,メインストーリー,Story_Main,,\N[1],セラさんが大きく……いや、僕が小さくなった……！？,Anh không cần phải sợ đâu.
CommonEvents,424,メインストーリー11-1,メインストーリー,Story_Main,セラ,\C[4]セラ,"驚かせてしまいましたね。今回の治療は、
身体的能力が弱体化された状態を想定しておりまして。",Em sẽ làm thật dịu dàng mà...♡
CommonEvents,424,メインストーリー11-1,メインストーリー,Story_Main,セラ,\C[4]セラ,"これなら筋力だけでなくおちんちんも敏感で無垢になっているので
あなたへの試練として丁度いいでしょう。","Nào, hãy nằm xuống đây đi anh."
CommonEvents,424,メインストーリー11-1,メインストーリー,Story_Main,セラ,\C[4]セラ,"さ、僕くん。
一緒にベッドの方に行こっか。",Em sẽ dùng những kỹ thuật trong sách để cưng nựng anh nhé.
CommonEvents,424,メインストーリー11-1,メインストーリー,Story_Main,セラ,\C[4]セラ,"……どうしましたか？
今のあなたにはこういった言葉遣いが適切でしょう？",Chụttt... chẹp chẹp...♡
CommonEvents,424,メインストーリー11-1,メインストーリー,Story_Main,セラ,\C[4]セラ,"それに、僕くんみたいな甘えんぼさんは、
年上のお姉さんに優しく手ほどきして欲しいよね？","Ưm... ah♡
Kỹ thuật này thế nào?"
CommonEvents,424,メインストーリー11-1,メインストーリー,Story_Main,セラ,\C[4]セラ,"……くす。小さくなったおちんちんが
頑張って上向いてる。可愛い。",Anh thấy sướng lắm đúng không?♡
CommonEvents,424,メインストーリー11-1,メインストーリー,Story_Main,セラ,\C[4]セラ,"治療は怖くないよ。
お姉さんと一緒に、悪ーい早漏の病気、治していこうねー。",Em sẽ tiếp tục trêu chọc quy đầu của anh nhé...♡
CommonEvents,425,メインストーリー11-2,メインストーリー,Story_Main,セラ,\C[4]セラ,"こんにちは。
いらっしゃいましたか。",Bắn tinh dịch ra nào... ngoan lắm.
CommonEvents,425,メインストーリー11-2,メインストーリー,Story_Main,セラ,\C[4]セラ,今日も治療を進めていきましょう。,Cuốn sách đó quả nhiên có hiệu quả thật.
CommonEvents,425,メインストーリー11-2,メインストーリー,Story_Main,,\N[1],はい……。,Vâng...
CommonEvents,425,メインストーリー11-2,メインストーリー,Story_Main,セラ,\C[4]セラ,"……？　顔色が優れませんよ？
どうかしましたか？",...? Sắc mặt anh không được tốt lắm? Có chuyện gì sao anh?
CommonEvents,425,メインストーリー11-2,メインストーリー,Story_Main,,\N[1],"あ……すみません、顔に出ていましたか。
実はギルドからのクエストに失敗してしまって。","À... Xin lỗi em, hiện rõ lên mặt lắm sao. Thật ra là tôi vừa thất bại trong một nhiệm vụ của Công hội."
CommonEvents,425,メインストーリー11-2,メインストーリー,Story_Main,,\N[1],"モンスター娘が絡まないクエストで失敗したのは
久しぶりだったので、少しこたえてます……。",Lâu lắm rồi mới thất bại ở một nhiệm vụ không liên quan đến Monster Girl nên tôi thấy hơi nản...
CommonEvents,425,メインストーリー11-2,メインストーリー,Story_Main,セラ,\C[4]セラ,"ふむ……これはよくありません。
心のケアが必要です。",Hừm... Thế này không được rồi. Cần phải chăm sóc tâm trí ngay.
CommonEvents,425,メインストーリー11-2,メインストーリー,Story_Main,セラ,\C[4]セラ,"今日の治療は予定を変更しましょう。
今は厳しい施術ではなく優しいお世話が必要です。",Hôm nay đổi lịch trị liệu nhé. Bây giờ anh không cần bài tập nghiêm khắc mà cần sự chăm sóc dịu dàng.
CommonEvents,425,メインストーリー11-2,メインストーリー,Story_Main,,\N[1],そ、そこまでしなくても僕は……。,Kh-Không cần phải đến mức đó đâu mà tôi...
CommonEvents,425,メインストーリー11-2,メインストーリー,Story_Main,,,セラは\N[1]の頭を優しく撫でた。,Sera dịu dàng xoa đầu Main.
CommonEvents,425,メインストーリー11-2,メインストーリー,Story_Main,セラ,\C[4]セラ,よしよし。,Ngoan ngoan.
CommonEvents,425,メインストーリー11-2,メインストーリー,Story_Main,,\N[1],あ……。,À...
CommonEvents,425,メインストーリー11-2,メインストーリー,Story_Main,セラ,\C[4]セラ,"つらかったですね。
苦しかったですよね。",Anh vất vả rồi. Anh đã chịu đựng nhiều rồi đúng không.
CommonEvents,425,メインストーリー11-2,メインストーリー,Story_Main,セラ,\C[4]セラ,"あなたは真面目なので自分を許せないかもしれません。
なので私が許します。",Anh là người nghiêm túc nên chắc không thể tự tha thứ cho bản thân. Vì thế em sẽ tha thứ cho anh.
CommonEvents,425,メインストーリー11-2,メインストーリー,Story_Main,セラ,\C[4]セラ,つらいなら、甘えてもいいですよ。,"Nếu thấy mệt mỏi, anh cứ tự nhiên làm nũng với em nhé."
CommonEvents,425,メインストーリー11-2,メインストーリー,Story_Main,セラ,\C[4]セラ,……おいで。,...Lại đây nào.
CommonEvents,425,メインストーリー11-2,メインストーリー,Story_Main,セラ,\C[4]セラ,"はい、よくできました。ぎゅ～……。
胸に飛び込めてえらいえらい。","Đó, ngoan lắm. Ôm chặt nào... Giỏi lắm vì đã ôm lấy ngực em."
CommonEvents,425,メインストーリー11-2,メインストーリー,Story_Main,セラ,\C[4]セラ,"今日はこうやってハグしたまま
治療してあげます。",Hôm nay em sẽ vừa ôm anh thế này vừa trị liệu cho anh nhé.
CommonEvents,425,メインストーリー11-2,メインストーリー,Story_Main,セラ,\C[4]セラ,お洋服も私が脱がせてあげますからね。,Quần áo em cũng sẽ tự tay cởi cho anh nữa.
CommonEvents,425,メインストーリー11-2,メインストーリー,Story_Main,,\N[1],"すみません、ありがとうございました。
おかげ様で元気出ました。",Cảm ơn em nhiều nhé Sera. Nhờ có em mà tôi đỡ hơn nhiều rồi.
CommonEvents,425,メインストーリー11-2,メインストーリー,Story_Main,セラ,\C[4]セラ,"感謝にはおよびません。
あなた専属のナースとして当然のことをしたまでです。",Anh không cần cảm ơn đâu. Là y tá riêng của anh thì đây là điều hiển nhiên mà.
CommonEvents,425,メインストーリー11-2,メインストーリー,Story_Main,,\N[1],"当然のことなんですかね……？
早漏治療とは関係ないことですし……。",Hiển nhiên sao...? Chuyện này đâu có liên quan gì đến trị xuất tinh sớm đâu...
CommonEvents,425,メインストーリー11-2,メインストーリー,Story_Main,,\N[1],セラさん自身の優しさだったのかな、って。,Tôi nghĩ đó là sự dịu dàng vốn có của bản thân Sera đấy.
CommonEvents,425,メインストーリー11-2,メインストーリー,Story_Main,セラ,\C[4]セラ,……ご想像にお任せします。,...Em để anh tự suy đoán đấy.
CommonEvents,426,メインストーリー12-1,メインストーリー,Story_Main,,\N[1],セラさん、次の治療はどんな内容ですか？,"Sera ơi, bài trị liệu tiếp theo là gì thế em?"
CommonEvents,426,メインストーリー12-1,メインストーリー,Story_Main,セラ,\C[4]セラ,……。,...
CommonEvents,426,メインストーリー12-1,メインストーリー,Story_Main,,\N[1],……セラさん？,...Sera ơi?
CommonEvents,426,メインストーリー12-1,メインストーリー,Story_Main,セラ,\C[4]セラ,"……この間、あのサキュバスの道具屋の前を通ったので
少し監視しようと窓から覗いたのですが、","...Hôm nọ em đi ngang qua cửa hàng của cô ả Succubus đó nên ghé mắt qua cửa sổ nhìn thử xem sao,"
CommonEvents,426,メインストーリー12-1,メインストーリー,Story_Main,セラ,\C[4]セラ,あなたとサキュバスが仲良しそうに話していました。,thì thấy anh và cô ta đang trò chuyện rất vui vẻ với nhau.
CommonEvents,426,メインストーリー12-1,メインストーリー,Story_Main,セラ,\C[4]セラ,私と話している時より楽しそうでした。,Trông anh vui vẻ hơn hẳn so với lúc nói chuyện với em.
CommonEvents,426,メインストーリー12-1,メインストーリー,Story_Main,,\N[1],"なんか珍しく盛り上がって……、
あの、なんか怒ってます……？","Thì là hiếm khi có chuyện để nói thôi mà... Kìa, sao nhìn em có vẻ giận dữ thế...?"
CommonEvents,426,メインストーリー12-1,メインストーリー,Story_Main,セラ,\C[4]セラ,"怒っていません。
怒っていませんが……なんだかモヤモヤしています。",Em không có giận. Em không hề giận... nhưng trong lòng cứ thấy ấm ức khó chịu sao ấy.
CommonEvents,426,メインストーリー12-1,メインストーリー,Story_Main,セラ,\C[4]セラ,"私はあなたのことが好きなのに、このモヤモヤを
あなたにぶつけたいと感じてしまっています。","Dù em rất thích anh, nhưng em lại muốn trút sự ấm ức này lên người anh."
CommonEvents,426,メインストーリー12-1,メインストーリー,Story_Main,,\N[1],（やっぱり怒ってるんじゃ……）,(Rõ ràng là đang giận rồi còn gì...!)
CommonEvents,426,メインストーリー12-1,メインストーリー,Story_Main,セラ,\C[4]セラ,"ですが、私はあなたの専属ナースですから、
今日も変わらず治療にいそしみます。","Tuy nhiên em là y tá riêng của anh, nên hôm nay em vẫn sẽ cần mẫn làm tròn nhiệm vụ trị liệu."
CommonEvents,426,メインストーリー12-1,メインストーリー,Story_Main,セラ,\C[4]セラ,失礼します。,Em xin phép.
CommonEvents,426,メインストーリー12-1,メインストーリー,Story_Main,,\N[1],"えっ！？
セ、セラさんなんで腕を掴んで……力強っ！",Éc!? S-Sera sao em lại tóm lấy tay tôi... Lực mạnh quá!
CommonEvents,426,メインストーリー12-1,メインストーリー,Story_Main,セラ,\C[4]セラ,"逃げようとしても無駄です。
人間の力では天使の私にはかないません。",Anh có cố trốn cũng vô ích thôi. Sức mạnh của con người làm sao đấu lại Thiên Sứ như em được.
CommonEvents,426,メインストーリー12-1,メインストーリー,Story_Main,セラ,\C[4]セラ,本日はこの状態で治療を行います。,Hôm nay chúng ta sẽ trị liệu trong trạng thái này.
CommonEvents,426,メインストーリー12-1,メインストーリー,Story_Main,セラ,\C[4]セラ,"決して鬱憤を晴らそうだなんて
考えていませんのでご安心を。","Anh yên tâm, em tuyệt đối không có ý định trút giận lên người anh đâu."
CommonEvents,426,メインストーリー12-1,メインストーリー,Story_Main,,\N[1],（絶対考えてる……！）,(Chắc chắn là đang trút giận rồi...!)
CommonEvents,426,メインストーリー12-1,メインストーリー,Story_Main,セラ,\C[4]セラ,では、始めます。,Vậy chúng ta bắt đầu thôi.
CommonEvents,427,メインストーリー12-2,メインストーリー,Story_Main,,,クエストの報告をしにギルドへやってきた時のこと……。,Khi đến Công hội để báo cáo nhiệm vụ...
CommonEvents,427,メインストーリー12-2,メインストーリー,Story_Main,ギルドの受付嬢,ギルドの受付嬢,\N[1]さん、最近話題の堕天使の噂は知っていますか？,"Anh Main ơi, dạo này anh có nghe đồn về Thiên Sứ Sa Ngã không?"
CommonEvents,427,メインストーリー12-2,メインストーリー,Story_Main,,\N[1],"堕天使……？
いえ、初めて聞きました。","Thiên Sứ Sa Ngã sao...? Chưa, tôi mới nghe lần đầu đấy."
CommonEvents,427,メインストーリー12-2,メインストーリー,Story_Main,ギルドの受付嬢,ギルドの受付嬢,"なんでも、天使を名乗る女性に
レベルドレインをされた冒険者が後を絶たないそうです。",Nghe nói có một người phụ nữ tự xưng là Thiên Sứ liên tục rút cạn cấp độ của các mạo hiểm giả.
CommonEvents,427,メインストーリー12-2,メインストーリー,Story_Main,ギルドの受付嬢,ギルドの受付嬢,"頭上に輪っかがあり、背から翼を生やしている
そうなのですが、","Cô ta có vòng sáng trên đầu và đôi cánh sau lưng,"
CommonEvents,427,メインストーリー12-2,メインストーリー,Story_Main,ギルドの受付嬢,ギルドの受付嬢,"その所業が私たちの想像する天使とはかけ離れてるため、
「堕天使」と呼ばれているみたいです。","nhưng những hành vi cô ta làm khác xa so với hình ảnh Thiên Sứ chúng ta tưởng tượng, nên mọi người gọi là ""Thiên Sứ Sa Ngã""."
CommonEvents,427,メインストーリー12-2,メインストーリー,Story_Main,,\N[1],なるほど……。,Ra là vậy...
CommonEvents,427,メインストーリー12-2,メインストーリー,Story_Main,ギルドの受付嬢,ギルドの受付嬢,"やっていることはサキュバスとほぼ同じですが、
一応天使らしいということで討伐ではなく捕縛の対象にされています。","Hành vi của cô ta chẳng khác gì Succubus, nhưng vì mang danh Thiên Sứ nên mục tiêu là bắt giữ chứ không phải tiêu diệt."
CommonEvents,427,メインストーリー12-2,メインストーリー,Story_Main,ギルドの受付嬢,ギルドの受付嬢,もし見つけたら報告お願いしますね！,Nếu anh có bắt gặp thì báo cho Công hội nhé!
CommonEvents,427,メインストーリー12-2,メインストーリー,Story_Main,,\N[1],"分かりました。
覚えておきます。",Tôi hiểu rồi. Tôi sẽ ghi nhớ.
CommonEvents,427,メインストーリー12-2,メインストーリー,Story_Main,,,その後、\N[1]はいつも通りクリニックへ向かった。,Sau đó Main lại đến phòng khám như thường lệ.
CommonEvents,427,メインストーリー12-2,メインストーリー,Story_Main,セラ,\C[4]セラ,"ふむ……今日は目立った外傷なし、と……。
えらいですよ。",Hừm... Hôm nay không có vết thương ngoại khoa nào đáng chú ý cả... Ngoan lắm.
CommonEvents,427,メインストーリー12-2,メインストーリー,Story_Main,,\N[1],"戦闘せずにアイテムを採取するだけで済んだので、
今日のクエストは平和でした。",Hôm nay tôi chỉ đi thu thập đạo cụ không phải chiến đấu nên nhiệm vụ rất bình yên.
CommonEvents,427,メインストーリー12-2,メインストーリー,Story_Main,,\N[1],"そういえば話が変わるんですけど、
天使の中に堕天使っているんですか？","Nhắc mới nhớ, cho tôi hỏi một chút, trong các Thiên Sứ có ai gọi là Thiên Sứ Sa Ngã không em?"
CommonEvents,427,メインストーリー12-2,メインストーリー,Story_Main,セラ,\C[4]セラ,……なぜ、そんなことを聞くんですか？,...Tại sao anh lại hỏi chuyện đó?
CommonEvents,427,メインストーリー12-2,メインストーリー,Story_Main,,\N[1],え？　なんか、巷で話題になっていたので……。,Hả? Thì là dạo này thấy mọi người đồn đại nhiều nên...
CommonEvents,427,メインストーリー12-2,メインストーリー,Story_Main,セラ,\C[4]セラ,そ、そうですか……。,R-Ra là vậy sao...
CommonEvents,427,メインストーリー12-2,メインストーリー,Story_Main,セラ,\C[4]セラ,……確かに堕天使はいます。,...Đúng là có Thiên Sứ Sa Ngã đấy.
CommonEvents,427,メインストーリー12-2,メインストーリー,Story_Main,セラ,\C[4]セラ,"天使の掟を破って追放されたもののことを
そう呼んでいますから。",Những người vi phạm luật lệ của Thiên Sứ rồi bị trục xuất thì gọi là như thế.
CommonEvents,427,メインストーリー12-2,メインストーリー,Story_Main,,\N[1],"天使の掟……っていうのは、自分の幸せのために
人間を利用しちゃいけないってやつですか？",Luật lệ của Thiên Sứ... Là cái quy tắc không được lợi dụng con người vì hạnh phúc bản thân sao em?
CommonEvents,427,メインストーリー12-2,メインストーリー,Story_Main,セラ,\C[4]セラ,"ず、随分詳しいんですね……。
どこでそれを……？",A-Anh hiểu rõ gớm nhỉ... Anh nghe chuyện đó ở đâu thế...?
CommonEvents,427,メインストーリー12-2,メインストーリー,Story_Main,,\N[1],えっと、道具屋のサキュバスが言ってましたけど……。,"À thì, cô ả Succubus ở tiệm tạp hóa nói cho tôi nghe..."
CommonEvents,427,メインストーリー12-2,メインストーリー,Story_Main,セラ,\C[4]セラ,あぁ……彼女ですか。,À... Là cô ta sao.
CommonEvents,427,メインストーリー12-2,メインストーリー,Story_Main,セラ,\C[4]セラ,"確かにそれも天使の掟の一つです。
他にも色々ありますが。",Đúng là đó cũng là một trong các luật lệ của Thiên Sứ. Ngoài ra còn nhiều quy tắc khác nữa.
CommonEvents,427,メインストーリー12-2,メインストーリー,Story_Main,セラ,\C[4]セラ,"掟を何度も破った者は普通の罰では更生しないと判断され、
天から追放されるのです。",Những ai vi phạm luật lệ nhiều lần bị phán đoán không thể cải tạo bằng hình phạt thông thường sẽ bị trục xuất khỏi Thiên Giới.
CommonEvents,427,メインストーリー12-2,メインストーリー,Story_Main,セラ,\C[4]セラ,"全てを奪われた状態で地上に一人で
堕とされるなんて、天使からすれば恐怖でしかありません。","Bị tước đoạt tất cả rồi bị đày xuống trần gian một mình, đối với Thiên Sứ mà nói đó là điều đáng sợ nhất."
CommonEvents,427,メインストーリー12-2,メインストーリー,Story_Main,セラ,\C[4]セラ,ゆえに最大級の罰として「堕天」があるのです。,"Vì thế hình phạt lớn nhất chính là ""Sa Ngã""."
CommonEvents,427,メインストーリー12-2,メインストーリー,Story_Main,,\N[1],"へぇ……それが一番の罰なんですね。
元からここで生きてる僕らからすると不思議です。",Hề... Ra đó là hình phạt lớn nhất sao. Đối với người sống ở trần gian từ đầu như bọn tôi thì thấy hơi kỳ lạ.
CommonEvents,427,メインストーリー12-2,メインストーリー,Story_Main,,\N[1],"でもセラさんみたいな真面目な天使は
そんなことされないんですもんね。",Nhưng một Thiên Sứ nghiêm túc như Sera thì chắc chắn không bao giờ bị như thế rồi nhỉ.
CommonEvents,427,メインストーリー12-2,メインストーリー,Story_Main,セラ,\C[4]セラ,"え、えぇ……。
もちろんです。",V-Vâng... Đương nhiên rồi.
CommonEvents,427,メインストーリー12-2,メインストーリー,Story_Main,,\N[1],……。,...
CommonEvents,427,メインストーリー12-2,メインストーリー,Story_Main,,\N[1],（やっぱり気のせいじゃないよな……明らかに動揺してる）,(Rõ ràng không phải do mình tưởng tượng... Cô ấy lúng túng thấy rõ luôn)
CommonEvents,427,メインストーリー12-2,メインストーリー,Story_Main,,\N[1],（……いや、セラさんに限ってまさかな）,(...Không lẽ Sera lại... Không đời nào có chuyện đó đâu nhỉ)
CommonEvents,427,メインストーリー12-2,メインストーリー,Story_Main,,\N[1],あなたは堕天使って見たことありますか？,Cô từng thấy Thiên Sứ Sa Ngã bao giờ chưa?
CommonEvents,427,メインストーリー12-2,メインストーリー,Story_Main,サキュバス,\C[5]サキュバス,えー？　堕天使ぃ？,Ơ~? Thiên Sứ Sa Ngã sao~?
CommonEvents,427,メインストーリー12-2,メインストーリー,Story_Main,サキュバス,\C[5]サキュバス,私悪魔だからよく分かんなーい☆,Tôi là ác quỷ nên đâu có rõ mấy cái đó☆
CommonEvents,427,メインストーリー12-2,メインストーリー,Story_Main,サキュバス,\C[5]サキュバス,"でもそれって最近話題になってるやつでしょ？
私もその話知ってるよ～。",Nhưng đó là chuyện dạo này đang rầm rộ đúng không? Tôi cũng có nghe qua rồi đó~
CommonEvents,427,メインストーリー12-2,メインストーリー,Story_Main,サキュバス,\C[5]サキュバス,"天使対策のためなのか、最近は
闇属性の魔導書がよく売れてるんだよね！",Chắc là để phòng chống Thiên Sứ nên dạo này sách ma thuật hệ Bóng Tối bán chạy lắm luôn!
CommonEvents,427,メインストーリー12-2,メインストーリー,Story_Main,サキュバス,\C[5]サキュバス,ま、本当に効くのか知らないけど。,Mà không biết có hiệu quả thật không nữa.
CommonEvents,427,メインストーリー12-2,メインストーリー,Story_Main,サキュバス,\C[5]サキュバス,"お兄さんはそいつ見つけて懸賞金狙い？
だったらこの幸運を引き寄せる鈴なんてどう？",Anh trai tính săn cô ta để lấy tiền thưởng sao? Thế thì mua chiếc chuông thu hút may mắn này không?
CommonEvents,427,メインストーリー12-2,メインストーリー,Story_Main,,\N[1],"流れるように宣伝しますね。
結構です。",Chuyển sang quảng cáo nhanh thật đấy. Tôi không mua đâu.
CommonEvents,427,メインストーリー12-2,メインストーリー,Story_Main,,\N[1],"でも、何か情報を持っているなら
お金で買ってもいいと思っています。",Nhưng nếu cô có thông tin gì thì tôi sẵn sàng trả tiền để mua đấy.
CommonEvents,427,メインストーリー12-2,メインストーリー,Story_Main,サキュバス,\C[5]サキュバス,"へ～。
随分熱心だね。",Hế~ Chăm chỉ dữ ta.
CommonEvents,427,メインストーリー12-2,メインストーリー,Story_Main,サキュバス,\C[5]サキュバス,"残念ながら私は大したこと知らないよ。
サキュバスの真似事をしてるらしいって知ってるくらい。",Tiếc là tôi không biết gì nhiều đâu. Chỉ biết cô ta bắt chước hành vi của Succubus thôi.
CommonEvents,427,メインストーリー12-2,メインストーリー,Story_Main,サキュバス,\C[5]サキュバス,"……ていうか～、えっちなことしてくる天使なんて聞いたら
私は一人しか思いつかないんだけどな～？","...Nhắc mới nhớ, nghe thấy Thiên Sứ mà làm chuyện dâm đục thì tôi chỉ nghĩ ngay đến một người thôi đó~?"
CommonEvents,427,メインストーリー12-2,メインストーリー,Story_Main,,\N[1],"セラさんのことを言ってます？
さすがに彼女は違うでしょう。",Cô đang nói đến Sera sao? Chắc chắn không phải cô ấy đâu.
CommonEvents,427,メインストーリー12-2,メインストーリー,Story_Main,サキュバス,\C[5]サキュバス,別に天使ちゃんのこととは言ってないよぉ？,Tôi đâu có bảo là cô em Thiên Sứ đâu nà~?
CommonEvents,427,メインストーリー12-2,メインストーリー,Story_Main,サキュバス,\C[5]サキュバス,"そう言うってことはお兄さんも頭によぎったんじゃないの？
お兄さんに疑われるとか天使ちゃんかわいそ～♡",Tôi chưa nói mà anh trai đã nghĩ ngay đến cô ta rồi đúng không? Bị anh trai nghi ngờ thế cô em Thiên Sứ tội nghiệp quá đi hi hi♡
CommonEvents,427,メインストーリー12-2,メインストーリー,Story_Main,,\N[1],"はいはい……。
そういう煽りは効きませんから。",Rồi rồi... Mấy cái trò khích bác này không có tác dụng với tôi đâu.
CommonEvents,427,メインストーリー12-2,メインストーリー,Story_Main,サキュバス,\C[5]サキュバス,えー、つまんなーい。,Chán ghê chán ghê.
CommonEvents,427,メインストーリー12-2,メインストーリー,Story_Main,サキュバス,\C[5]サキュバス,でも真面目な話、天使ちゃんでもおかしくなくない？,Nhưng nói nghiêm túc thì dù là cô em Thiên Sứ cũng đâu có gì lạ đúng không?
CommonEvents,427,メインストーリー12-2,メインストーリー,Story_Main,サキュバス,\C[5]サキュバス,"あの子がお兄さんから私を遠ざけようとする理由が
獲物を盗られたくないからでも私は驚かないよ。",Cô ta tìm cách chia rẽ anh với tôi vì không muốn bị cướp mất con mồi thì tôi cũng chẳng ngạc nhiên đâu.
CommonEvents,427,メインストーリー12-2,メインストーリー,Story_Main,,\N[1],……。,...
CommonEvents,427,メインストーリー12-2,メインストーリー,Story_Main,サキュバス,\C[5]サキュバス,逆にお兄さんは絶対違うっていう理由あるの？,Trái lại anh trai có lý do gì khẳng định tuyệt đối không phải cô ta không?
CommonEvents,427,メインストーリー12-2,メインストーリー,Story_Main,,\N[1],それは……今はまだ、ないですけど……。,Chuyện đó... Hiện tại thì tôi chưa có...
CommonEvents,427,メインストーリー12-2,メインストーリー,Story_Main,,\N[1],"でも、あなたもさっき言ってたじゃないですか。
僕に疑われたらかわいそうって。",Nhưng lúc nãy cô cũng nói rồi đấy thôi. Bị tôi nghi ngờ thì cô ấy tội nghiệp lắm.
CommonEvents,427,メインストーリー12-2,メインストーリー,Story_Main,,\N[1],……セラさんが傷つくくらいなら、僕は信じます。,"...Thà để bản thân bị lừa còn hơn làm Sera tổn thương, tôi chọn tin tưởng cô ấy."
CommonEvents,427,メインストーリー12-2,メインストーリー,Story_Main,サキュバス,\C[5]サキュバス,"何それ、お兄さんの癖に格好つけてる～♡
うっざ～い♡","Gì thế này, dạo này anh trai bày đặt làm màu bảnh bao ghê~♡ Ghét ghê~♡"
CommonEvents,427,メインストーリー12-2,メインストーリー,Story_Main,,\N[1],"煽りは効かないって言ったところですけど
普通に腹が立ってきました……。",Tôi vừa bảo trò khích bác không có tác dụng xong mà nghe câu này tự nhiên thấy bực mình thật...
CommonEvents,428,メインストーリー13-1,メインストーリー,Story_Main,セラ,\C[4]セラ,"これまでマゾさんのあなたに色々な意地悪をしてきましたが、
ある程度あなたの負け癖を上書きできたと思います。","Từ trước đến nay em đã dùng nhiều cách trêu chọc anh rồi, nhưng có vẻ thói quen hay thua trận của anh đã được cải thiện phần nào."
CommonEvents,428,メインストーリー13-1,メインストーリー,Story_Main,セラ,\C[4]セラ,"ですので、そろそろいじめ方のレベルを
上げましょう。",Vì vậy đã đến lúc nâng cấp độ hành hạ lên một tầm cao mới rồi đấy.
CommonEvents,428,メインストーリー13-1,メインストーリー,Story_Main,セラ,\C[4]セラ,"あなたは多少の罵りではおちんちんを
大きくするだけですので問題ありませんよね？","Anh bị chửi rủa nhẹ nhàng thì con cu chỉ to lên thôi đúng không, đâu có vấn đề gì nhỉ?"
CommonEvents,428,メインストーリー13-1,メインストーリー,Story_Main,,\N[1],そ、そんなことありませんけどね。,Kh-Không có chuyện đó đâu mà.
CommonEvents,428,メインストーリー13-1,メインストーリー,Story_Main,セラ,\C[4]セラ,"今更見栄を張る必要がありますか？
私に性癖を把握されているのに。",Bây giờ anh còn thể hiện làm gì nữa? Gu tình dục của anh em nắm sạch rồi mà.
CommonEvents,428,メインストーリー13-1,メインストーリー,Story_Main,セラ,\C[4]セラ,"正直になってください。
それともこう言った方がよろしいでしょうか。",Hãy thành thật với bản thân đi. Hay là em phải nói thế này anh mới chịu thừa nhận?
CommonEvents,428,メインストーリー13-1,メインストーリー,Story_Main,セラ,\C[4]セラ,"マゾって認めろ……。
この変態……。",Thừa nhận mình là đồ M đi... Cái đồ biến thái này...
CommonEvents,428,メインストーリー13-1,メインストーリー,Story_Main,セラ,\C[4]セラ,"くす……ささやかれた途端
こくこくと頷いて情けないですね。","Hì hì... Mới thầm thì một câu thôi mà anh đã gật đầu lia lịa rồi kìa, tội nghiệp chưa."
CommonEvents,428,メインストーリー13-1,メインストーリー,Story_Main,セラ,\C[4]セラ,"この程度の粗暴な言い方でも十分興奮する、と。
しっかりと記録しておきます。",Mấy câu nói thô bạo thế này cũng đủ làm anh hưng phấn sao. Em ghi chép lại cẩn thận mới được.
CommonEvents,428,メインストーリー13-1,メインストーリー,Story_Main,セラ,\C[4]セラ,"では支障がないようですので、予定通り
強めの言葉を使って治療を行っていきましょう。","Vậy xem ra không có vấn đề gì rồi, đúng như kế hoạch em sẽ dùng từ ngữ thô bạo mạnh mẽ hơn để trị liệu nhé."
CommonEvents,428,メインストーリー13-1,メインストーリー,Story_Main,セラ,\C[4]セラ,"分かったらさっさと
ちんちん出せ、このマゾ……♡","Hiểu rồi thì mau lôi con cu ra đây đi, đồ M này...♡"
CommonEvents,429,メインストーリー13-2,メインストーリー,Story_Main,やせ細った男,やせ細った男,う、うぅ……。,Ư... ư...
CommonEvents,429,メインストーリー13-2,メインストーリー,Story_Main,,\N[1],"！
どうされましたか？　大丈夫ですか？",! Anh có sao không? Có làm sao không ạ?
CommonEvents,429,メインストーリー13-2,メインストーリー,Story_Main,やせ細った男,やせ細った男,"て、天使に騙された……。
助けてくれ……。",T-Tôi bị Thiên Sứ lừa rồi... Cứu tôi với...
CommonEvents,429,メインストーリー13-2,メインストーリー,Story_Main,,\N[1],天使……。,Thiên Sứ...
CommonEvents,429,メインストーリー13-2,メインストーリー,Story_Main,,\N[1],安心してください、今助けます。,"Anh yên tâm, tôi cứu anh ngay đây."
CommonEvents,429,メインストーリー13-2,メインストーリー,Story_Main,ギルドの受付嬢,ギルドの受付嬢,"行き倒れた冒険者を救出してくださったんですね。
ありがとうございます。",Cảm ơn anh vì đã cứu gã mạo hiểm giả bị kiệt sức giữa đường nhé!
CommonEvents,429,メインストーリー13-2,メインストーリー,Story_Main,,\N[1],"えぇ、まぁ……。
しかし、ガリガリになるまで搾り取られていましたね、彼。",Bị một người phụ nữ tự xưng là Thiên Sứ rút cạn cấp độ sao...
CommonEvents,429,メインストーリー13-2,メインストーリー,Story_Main,ギルドの受付嬢,ギルドの受付嬢,"これが全て例の「堕天使」の仕業だとしたら
相当厄介な相手ですね。",Có vẻ gã mạo hiểm giả đó bị lừa rồi.
CommonEvents,429,メインストーリー13-2,メインストーリー,Story_Main,ギルドの受付嬢,ギルドの受付嬢,"そういえばあなたは以前から天使の情報を
集めていましたよね？",Chà... Mong là cậu ta nhanh chóng hồi phục.
CommonEvents,429,メインストーリー13-2,メインストーリー,Story_Main,ギルドの受付嬢,ギルドの受付嬢,"何か捜索に役立ちそうな情報があれば
共有していただきたいんですが……。",Chắc chắn là Thiên Sứ Sa Ngã rồi đúng không.
CommonEvents,429,メインストーリー13-2,メインストーリー,Story_Main,ギルドの受付嬢,ギルドの受付嬢,"例えば、天使らしき存在と接触したけど
実はあいつが堕天使だったんじゃないか！　みたいな！",Không ngờ hung thủ lại lảng vảng ngay trong thành phố này...
CommonEvents,429,メインストーリー13-2,メインストーリー,Story_Main,,\N[1],天使らしき存在……。,"Mà nè anh Main, nếu lỡ bị cô ta nhắm tới thì cẩn thận đấy nhé."
CommonEvents,429,メインストーリー13-2,メインストーリー,Story_Main,,\N[1],……。,Cảm ơn cô. Tôi sẽ cẩn thận.
CommonEvents,429,メインストーリー13-2,メインストーリー,Story_Main,,\N[1],すみません、僕も有力な情報は持っていなくて。,Sau đó Main lại đến phòng khám như thường lệ.
CommonEvents,429,メインストーリー13-2,メインストーリー,Story_Main,ギルドの受付嬢,ギルドの受付嬢,"そうですか……。
早く見つかるといいんですけどね。","Sera ơi, em biết tin chưa?"
CommonEvents,429,メインストーリー13-2,メインストーリー,Story_Main,,\N[1],"……はい。
そうですね。",Tin đồn về Thiên Sứ Sa Ngã đấy. Có vẻ nạn nhân xuất hiện ngay trong thành phố này luôn rồi.
CommonEvents,429,メインストーリー13-2,メインストーリー,Story_Main,,\N[1],"……あれ？
セラさんがいない。",R-Ra là vậy sao...
CommonEvents,429,メインストーリー13-2,メインストーリー,Story_Main,,\N[1],奥の部屋かな？,Thành phố này nguy hiểm thật đấy... Em cũng phải cẩn thận nhé Sera.
CommonEvents,429,メインストーリー13-2,メインストーリー,Story_Main,セラ,\C[4]セラ,"来ていたのですね、すみません。
気づいていませんでした。","...Hỏi anh câu này thì hơi kỳ lạ,"
CommonEvents,429,メインストーリー13-2,メインストーリー,Story_Main,,\N[1],あ、いえ……。,nhưng giả sử... em bảo là giả sử thôi nhé?
CommonEvents,429,メインストーリー13-2,メインストーリー,Story_Main,,\N[1],"（今、何か隠した……？
本……それも魔導書っぽかったけど……）",Giả sử em chính là Thiên Sứ Sa Ngã bị gièm pha đó thì sao?
CommonEvents,429,メインストーリー13-2,メインストーリー,Story_Main,セラ,\C[4]セラ,"クエストから帰ってきたところですか？
それにしてはいつもより早く来られましたね。",Anh nghe xong có thấy thất vọng về em không?
CommonEvents,429,メインストーリー13-2,メインストーリー,Story_Main,,\N[1],"道中で他の冒険者が倒れていたので、
途中でクエストを中断して救助したんです。",Hả!? Kh-Không đời nào có chuyện đó được...
CommonEvents,429,メインストーリー13-2,メインストーリー,Story_Main,,\N[1],その、例の堕天使の被害者っぽかったです。,"Em chỉ nói là giả sử thôi mà.
Hãy cho em biết suy nghĩ thực sự của anh đi."
CommonEvents,429,メインストーリー13-2,メインストーリー,Story_Main,セラ,\C[4]セラ,……なるほど。,Ừm...
CommonEvents,429,メインストーリー13-2,メインストーリー,Story_Main,,\N[1],"……えっと。
その、セラさんも気を付けてくださいね。",Thiên Sứ Sa Ngã là kẻ chuyên lợi dụng con người vì bản thân đúng không em?
CommonEvents,429,メインストーリー13-2,メインストーリー,Story_Main,セラ,\C[4]セラ,"……？
聞くところによると男性ばかり狙っていると聞きましたが。","Vâng, đúng thế."
CommonEvents,429,メインストーリー13-2,メインストーリー,Story_Main,セラ,\C[4]セラ,どちらかと言えばあなたが狙われないかが心配です。,Thế thì chắc chắn không phải Sera rồi.
CommonEvents,429,メインストーリー13-2,メインストーリー,Story_Main,,\N[1],いや、まぁ、そうなんですが……。,Bởi vì Sera lúc nào cũng vì tôi mà tận tụy giúp đỡ trị liệu mà.
CommonEvents,429,メインストーリー13-2,メインストーリー,Story_Main,,\N[1],"……見た目が天使と同じらしいので、
もしセラさんがそいつに間違われたら大変だと思って。",Đã làm nhiều thứ cho tôi như thế thì không thể nào là Thiên Sứ Sa Ngã được.
CommonEvents,429,メインストーリー13-2,メインストーリー,Story_Main,セラ,\C[4]セラ,"そうですね。
それは確かに問題です。",Lý do chỉ đơn giản thế thôi sao?
CommonEvents,429,メインストーリー13-2,メインストーリー,Story_Main,セラ,\C[4]セラ,ご忠告ありがとうございます。,Vâng! Dù có thế nào tôi vẫn luôn tin tưởng Sera mà!
CommonEvents,429,メインストーリー13-2,メインストーリー,Story_Main,,\N[1],"で、でも、セラさんを知ってる人だったら
絶対違うって分かるので、きっと大丈夫です。",...
CommonEvents,429,メインストーリー13-2,メインストーリー,Story_Main,,\N[1],"もし間違われそうになったら、僕が守ります。
悪い天使じゃないって証明しますから！",(Nếu lúc đó mình nói thế này thì hay biết mấy)
CommonEvents,429,メインストーリー13-2,メインストーリー,Story_Main,セラ,\C[4]セラ,……。,(Rốt cuộc lúc đó mình chỉ ấp úng chẳng nói ra trò gì...)
CommonEvents,429,メインストーリー13-2,メインストーリー,Story_Main,セラ,\C[4]セラ,……もしも。,Nếu em là Thiên Sứ Sa Ngã thì em đã không tận tụy chữa trị xuất tinh sớm cho tôi rồi.
CommonEvents,429,メインストーリー13-2,メインストーリー,Story_Main,セラ,\C[4]セラ,もしも私がその堕天使だったら、どうしますか？,Thế nên em không phải là Thiên Sứ Sa Ngã đâu.
CommonEvents,429,メインストーリー13-2,メインストーリー,Story_Main,,\N[1],え？,...
CommonEvents,429,メインストーリー13-2,メインストーリー,Story_Main,セラ,\C[4]セラ,仮定の話です。,Lý do chỉ đơn giản thế thôi sao?
CommonEvents,429,メインストーリー13-2,メインストーリー,Story_Main,セラ,\C[4]セラ,"あなたは騙されやすいですから、
心配になって聞いてみただけです。",Đúng thế. Vì em đã giúp đỡ tôi rất nhiều mà.
CommonEvents,429,メインストーリー13-2,メインストーリー,Story_Main,,\N[1],"あ、あぁ……。
うーん……。",...
CommonEvents,429,メインストーリー13-2,メインストーリー,Story_Main,,\N[1],でも、セラさんはそんなことしないと思いますし……。,Thiệt tình... Dù anh trả lời câu nào thì lý do cũng quá ngây thơ rồi.
CommonEvents,429,メインストーリー13-2,メインストーリー,Story_Main,,\N[1],"……今まで話していて感じたんですけど、
セラさんは多分僕に話せないことが色々あると思うんです。",Nhưng mà... Cảm ơn anh nhé.
CommonEvents,429,メインストーリー13-2,メインストーリー,Story_Main,,\N[1],"分かんないですけど、例の天使の掟とかで
禁止されてるのかなって……。",Nhờ có anh mà em đã có được câu trả lời tốt rồi.
CommonEvents,429,メインストーリー13-2,メインストーリー,Story_Main,,\N[1],"だから、もしセラさんが堕天使だと疑われたとしても、
そういう事情で上手く弁明できないだけのはずです！",V-Vâng...
CommonEvents,429,メインストーリー13-2,メインストーリー,Story_Main,,\N[1],それで、その……えーっと……。,"Thế nên là, cái đó... ờm..."
CommonEvents,429,メインストーリー13-2,メインストーリー,Story_Main,セラ,\C[4]セラ,……。,...
CommonEvents,429,メインストーリー13-2,メインストーリー,Story_Main,セラ,\C[4]セラ,"私が堕天使ではない理由を考えてくれてるんですね。
仮定の話だと言っているのに。",Anh đang cố nghĩ ra lý do tại sao em không phải Thiên Sứ Sa Ngã đấy à. Dù em đã bảo đó chỉ là câu hỏi giả định thôi mà.
CommonEvents,429,メインストーリー13-2,メインストーリー,Story_Main,,\N[1],あ、すみません……。,"À, xin lỗi em..."
CommonEvents,429,メインストーリー13-2,メインストーリー,Story_Main,セラ,\C[4]セラ,"いえ。
質問の答えにはなっていませんでしたが、構いません。",Không sao đâu. Dù câu trả lời không đúng trọng tâm lắm nhưng không vấn đề gì.
CommonEvents,429,メインストーリー13-2,メインストーリー,Story_Main,セラ,\C[4]セラ,安心しましたので。,Vì em đã cảm thấy an tâm hơn nhiều rồi.
CommonEvents,429,メインストーリー13-2,メインストーリー,Story_Main,,,ある日の夜……。,Vào một đêm nọ...
CommonEvents,429,メインストーリー13-2,メインストーリー,Story_Main,ガリガリの男,ガリガリの男,"た、助けて……。
もう出ないぃ……。",C-Cứu tôi với... Không ra nổi nữa rồi...
CommonEvents,429,メインストーリー13-2,メインストーリー,Story_Main,天使？,天使？,あら、もうギブアップですか。,"Chà, đã bỏ cuộc rồi sao."
CommonEvents,429,メインストーリー13-2,メインストーリー,Story_Main,天使？,天使？,"これっぽっちのレベルしか吸い取れないなんて、
期待外れですね。","Rút được có chút xíu cấp độ thế này thôi à, thất vọng thật đấy."
CommonEvents,429,メインストーリー13-2,メインストーリー,Story_Main,天使？,天使？,"まぁいいでしょう。
またレベルを貯めてきてください。",Thôi được rồi. Lần sau hãy tích lũy cấp độ rồi quay lại nhé.
CommonEvents,429,メインストーリー13-2,メインストーリー,Story_Main,天使？,天使？,その時はまた、た～っぷり搾り取ってあげます……♡,Lúc đó ta lại vắt kiệt tinh dịch của ngươi thật đã đời...♡
CommonEvents,429,メインストーリー13-2,メインストーリー,Story_Main,？？？,？？？,"はぁ……全く。天使を名乗るなら、
もう少し品のある行動を心がけて欲しいものです。",Hà... Thật là. Đã tự xưng là Thiên Sứ thì làm ơn hành xử có chút phẩm giá giùm cái.
CommonEvents,429,メインストーリー13-2,メインストーリー,Story_Main,天使？,天使？,だ、誰！？,A-Ai đó!?
CommonEvents,429,メインストーリー13-2,メインストーリー,Story_Main,セラ,\C[4]セラ,"私ですか？　天使です。
今はナースでもありますが。",Tôi sao? Tôi là Thiên Sứ. Dù hiện tại đang làm y tá.
CommonEvents,429,メインストーリー13-2,メインストーリー,Story_Main,天使？,天使？,"……っ！
……あ、あぁ、なんだ、お仲間じゃないですか。","...! ...A, ra là đồng nghiệp đấy à."
CommonEvents,429,メインストーリー13-2,メインストーリー,Story_Main,天使？,天使？,"今、倒れていた冒険者を助けようとしていたところです。
あなたも手伝ってください。",Tôi đang định giúp gã mạo hiểm giả ngất xỉu này nè. Cô cũng đến phụ một tay đi.
CommonEvents,429,メインストーリー13-2,メインストーリー,Story_Main,セラ,\C[4]セラ,"言われなくても助けるつもりです。
そのためにわざわざあなたを探していたのですから。",Cô không cần nhắc tôi cũng sẽ cứu. Mục đích tôi cất công tìm cô chính là vì việc này mà.
CommonEvents,429,メインストーリー13-2,メインストーリー,Story_Main,セラ,\C[4]セラ,"探知の魔法など慣れていなかったので、
少々時間がかかってしまいました。",Vì chưa quen dùng ma thuật dò tìm nên tôi mất chút thời gian.
CommonEvents,429,メインストーリー13-2,メインストーリー,Story_Main,セラ,\C[4]セラ,"ですがようやく会えましたね。
治療の合間にコツコツと探知を続けていて良かったです。",Nhưng cuối cùng cũng gặp được rồi. Tranh thủ thời gian rảnh giữa các ca trị liệu để tìm cô quả là không uổng công.
CommonEvents,429,メインストーリー13-2,メインストーリー,Story_Main,セラ,\C[4]セラ,"これでようやく不届きものを浄化することができます。
あなた……堕天使ですらない、ただの魔物でしょう？","Bây giờ tôi có thể thanh tẩy kẻ bất lương rồi. Cô... thậm chí còn chẳng phải Thiên Sứ Sa Ngã, chỉ là một con quái vật mạo danh đúng không?"
CommonEvents,429,メインストーリー13-2,メインストーリー,Story_Main,天使？,天使？,"ま、待って！
私は悪者じゃないですよ……！",Đ-Chờ đã! Tôi đâu phải kẻ xấu đâu...!
CommonEvents,429,メインストーリー13-2,メインストーリー,Story_Main,？？？,？？？,"あれ～？
天使ちゃんもいたのぉ？",Ủa ơ~? Cô em Thiên Sứ cũng ở đây nữa hả~?
CommonEvents,429,メインストーリー13-2,メインストーリー,Story_Main,サキュバス,\C[5]サキュバス,"私が偽天使をボコろうと思ってたのに、
もしかして先越されちゃった？","Tôi đang định đến tẩn cho con Thiên Sứ giả mạo này một trận, không ngờ lại bị cô hớt tay trên rồi sao?"
CommonEvents,429,メインストーリー13-2,メインストーリー,Story_Main,セラ,\C[4]セラ,いえ、今から取り掛かるところでした。,"Chưa đâu, tôi vừa mới định bắt tay vào làm thôi."
CommonEvents,429,メインストーリー13-2,メインストーリー,Story_Main,天使？,天使？,"ちょ、ちょっと！
誰が偽天使ですか！",N-Này! Ai là Thiên Sứ giả mạo hả!
CommonEvents,429,メインストーリー13-2,メインストーリー,Story_Main,天使？,天使？,"というかあなたこそどう見てもサキュバスでしょう！？
良いんですかそこの天使さん、サキュバスと肩を並べて！","Mà cô kia nhìn kiểu gì cũng là Succubus rõ ràng đúng không!? Cô Thiên Sứ kia ơi, cô lại đi sánh vai cùng Succubus thế à!"
CommonEvents,429,メインストーリー13-2,メインストーリー,Story_Main,セラ,\C[4]セラ,"不本意ですが別に構いません。
今はあなたへの懲罰の方が重要です。天使を騙る魔物さん？",Dù không muốn nhưng tôi thấy chẳng sao cả. Bây giờ trừng phạt cô mới là việc quan trọng nhất. Con quái vật mạo danh Thiên Sứ kia?
CommonEvents,429,メインストーリー13-2,メインストーリー,Story_Main,サキュバス,\C[5]サキュバス,"そーそー。あんな上手にレベルドレインするやつが、
私の同類じゃないわけないじゃん。",Đúng rồi đó~ Kẻ rút cạn cấp độ điêu luyện thế kia làm sao mà không phải đồng loại với tôi được chứ.
CommonEvents,429,メインストーリー13-2,メインストーリー,Story_Main,サキュバス,\C[5]サキュバス,"最初はあんたのおかげで売れる商品があったから
別にどうでもよかったけどさぁ、","Ban đầu nhờ có cô mà cửa hàng tôi bán chạy nên tôi cũng kệ đấy,"
CommonEvents,429,メインストーリー13-2,メインストーリー,Story_Main,サキュバス,\C[5]サキュバス,"お客様を減らされると困るんだよねー？
だから、こうやってお灸を据えに来たってわけ。",nhưng cô làm giảm số lượng khách hàng của tôi thì phiền phức lắm biết không~? Thế nên tôi mới đến đây dạy cho cô một bài học nè.
CommonEvents,429,メインストーリー13-2,メインストーリー,Story_Main,天使？,天使？,"くっ……！
ですが、私を倒せると本気でお思いで？",Hừ...! Nhưng các người tưởng đánh thắng được tôi chắc?
CommonEvents,429,メインストーリー13-2,メインストーリー,Story_Main,天使？,天使？,"私は数多の冒険者のレベルを吸って
すさまじい強さを手に入れました。",Tôi đã hút sạch cấp độ của vô số mạo hiểm giả và có được sức mạnh kinh hoàng rồi.
CommonEvents,429,メインストーリー13-2,メインストーリー,Story_Main,天使？,天使？,たとえ天使が相手でも問題ありません。,Dù đối thủ có là Thiên Sứ thì tôi cũng chấp hết.
CommonEvents,429,メインストーリー13-2,メインストーリー,Story_Main,サキュバス,\C[5]サキュバス,"ちょっと～？
ナチュラルに私のこと無視しないでくれます？",Này cô kia~? Sao tự nhiên lại ngó lơ tôi thế hả?
CommonEvents,429,メインストーリー13-2,メインストーリー,Story_Main,サキュバス,\C[5]サキュバス,"これでも現役時代は「血塗られた黒き翼」として
恐れられてきたんだけどなー？","Dù gì hồi còn làm việc tôi cũng từng được xưng tụng là ""Đôi Cánh Đen Bầu Máu"" làm ai nãi cũng khiếp sợ đấy nhé~?"
CommonEvents,429,メインストーリー13-2,メインストーリー,Story_Main,セラ,\C[4]セラ,"なんですかそのダサ……格好いい二つ名は。
お似合いですね。","Cái danh xưng gì mà sến cẩm... à không, ngầu lòi thế. Rất hợp với cô đấy."
CommonEvents,429,メインストーリー13-2,メインストーリー,Story_Main,サキュバス,\C[5]サキュバス,"はぁ！？
馬鹿にしてるでしょあんた！",Hả!? Cô đang mỉa mai tôi đúng không hả!
CommonEvents,429,メインストーリー13-2,メインストーリー,Story_Main,天使？,天使？,"な……っ！？
血塗られた黒き翼ってまさか、","C-Cái gì...!? Đôi Cánh Đen Bầu Máu chẳng lẽ là,"
CommonEvents,429,メインストーリー13-2,メインストーリー,Story_Main,天使？,天使？,"サキュバスの癖に誘惑はからっきしで、代わりにクソ強いから
誘いに乗らない男は全員拳で叩きのめしてきたというあの！？","Ả Succubus nổi danh vì hoàn toàn không biết quyến rũ, thay vào đó là sức mạnh bá đạo dùng nắm đấm đập nhừ tử bất kỳ gã đàn ông nào không chịu nghe lời đó sao!?"
CommonEvents,429,メインストーリー13-2,メインストーリー,Story_Main,セラ,\C[4]セラ,"あなたってそうだったんですか。
随分面白い経歴をお持ちで。ぷぷぷ。",Ra cô từng là người như thế sao. Mối lịch sử thú vị gớm nhỉ. Phụttttt.
CommonEvents,429,メインストーリー13-2,メインストーリー,Story_Main,サキュバス,\C[5]サキュバス,あー！！　もううっさい！！,Aaa!! Ồn ào quá đi!!
CommonEvents,429,メインストーリー13-2,メインストーリー,Story_Main,サキュバス,\C[5]サキュバス,"とりあえず、今日は天使ちゃんと
目的が一緒ってことでいいんだよね？",Tóm lại hôm nay mục đích của tôi với cô em Thiên Sứ giống nhau đúng không?
CommonEvents,429,メインストーリー13-2,メインストーリー,Story_Main,セラ,\C[4]セラ,"はい。
こう見えて私、相当頭に来ていますので。",Vâng. Nhìn thế này thôi chứ tôi đang cực kỳ tức giận đấy.
CommonEvents,429,メインストーリー13-2,メインストーリー,Story_Main,セラ,\C[4]セラ,"私が「彼」に堕天使だと思われていたら
立ち直れなかったかもしれません。","Nếu ""anh ấy"" mà nghĩ tôi là Thiên Sứ Sa Ngã thì chắc tôi không gượng dậy nổi mất."
CommonEvents,429,メインストーリー13-2,メインストーリー,Story_Main,サキュバス,\C[5]サキュバス,"あははっ！
天使ちゃんの落ち込んだところ見たかったのにざーんねん。",A ha ha! Đang hóng cảnh cô em Thiên Sứ tuyệt vọng mà tiếc ghê nà.
CommonEvents,429,メインストーリー13-2,メインストーリー,Story_Main,セラ,\C[4]セラ,それでは覚悟はいいですか、魔物さん。,"Vậy cô đã chuẩn bị tinh thần chưa, đồ quái vật kia."
CommonEvents,429,メインストーリー13-2,メインストーリー,Story_Main,天使？,天使？,ひぃっ！,Hiyaaa!
CommonEvents,429,メインストーリー13-2,メインストーリー,Story_Main,セラ,\C[4]セラ,天使を騙った罰として……、,Tội mạo danh Thiên Sứ...
CommonEvents,429,メインストーリー13-2,メインストーリー,Story_Main,サキュバス,\C[5]サキュバス,うちの店の売り上げのために……、,Tội làm ảnh hưởng doanh thu cửa hàng của tôi...
CommonEvents,429,メインストーリー13-2,メインストーリー,Story_Main,セラ&サキュバス,\C[4]セラ&\C[5]サキュバス,"ボッコボコにしてさしあげます。
ボッコボコにしてあげる☆",Bọn ta sẽ đập cho ngươi nhừ tử! / Đập cho nhừ tử luôn☆
CommonEvents,429,メインストーリー13-2,メインストーリー,Story_Main,,\N[1],"そういえば聞きましたか？
例の堕天使、捕まったらしいですよ。",Nhắc mới nhớ anh nghe tin chưa? Vụ Thiên Sứ Sa Ngã bị bắt rồi đấy.
CommonEvents,429,メインストーリー13-2,メインストーリー,Story_Main,,\N[1],なんでも道具屋のサキュバスが捕まえたとか。,Nghe nói là do cô ả Succubus ở tiệm tạp hóa bắt được.
CommonEvents,429,メインストーリー13-2,メインストーリー,Story_Main,,\N[1],"たくさん被害が出ていたので表彰されたらしいんですけど、
そこでお店の宣伝をしだしたそうです。","Vì có công giải quyết vụ án lớn nên cô ta được biểu dương, nhưng tranh thủ lúc đó cô ta lại đi quảng cáo cho cửa hàng mình nữa chứ."
CommonEvents,429,メインストーリー13-2,メインストーリー,Story_Main,,\N[1],本当に商魂たくましいというか……。,Đúng là đầu óc nhạy bén kinh doanh thật...
CommonEvents,429,メインストーリー13-2,メインストーリー,Story_Main,,\N[1],"まぁ、街に顔が知れるようなことをするってことは
彼女は本当に今後悪いことをするつもりがないんでしょうね。","Mà thôi, cô ta dám làm chuyện nổi bật trước mặt mọi người thế này thì chắc chắn từ giờ không có ý định làm điều xấu đâu nhỉ."
CommonEvents,429,メインストーリー13-2,メインストーリー,Story_Main,セラ,\C[4]セラ,"そうだといいのですが。
逆にその名声を悪用しないことを祈ります。",Mong là vậy. Hi vọng cô ta không dùng danh tiếng đó để làm trò xấu.
CommonEvents,429,メインストーリー13-2,メインストーリー,Story_Main,セラ,\C[4]セラ,……まぁ、私もそこまで心配はしていませんが。,...Mà em cũng không lo lắng đến mức đó đâu.
CommonEvents,429,メインストーリー13-2,メインストーリー,Story_Main,セラ,\C[4]セラ,"……そういえば、その堕天使の件で
あなたに言いたいことがあるんでした。","...Nhắc mới nhớ, về vụ Thiên Sứ Sa Ngã em có điều muốn nói với anh đấy."
CommonEvents,429,メインストーリー13-2,メインストーリー,Story_Main,,\N[1],はい、なんですか？,"Vâng, có chuyện gì thế em?"
CommonEvents,429,メインストーリー13-2,メインストーリー,Story_Main,,\N[1],"え？
セ、セラさん？",Éc? S-Sera!?
CommonEvents,429,メインストーリー13-2,メインストーリー,Story_Main,セラ,\C[4]セラ,信じてくれて、ありがとうございます。,"Được rồi, chuẩn bị tinh thần tiếp nhận bài trị liệu nào."
CommonEvents,429,メインストーリー13-2,メインストーリー,Story_Main,セラ,\C[4]セラ,大好きです。,N-Nhưng mà sao tự nhiên lại nhét cái này vào...
CommonEvents,430,メインストーリー14-1,メインストーリー,Story_Main,セラ,\C[4]セラ,"本日はあなたの精神面を主に
治療していこうと思います。",Bởi vì hôm nay em sẽ trị liệu bồi thường cho anh.
CommonEvents,430,メインストーリー14-1,メインストーリー,Story_Main,セラ,\C[4]セラ,"あなたは、男性の心が最も揺らぐ瞬間は
いつだと思いますか？",Bồi thường sao...?
CommonEvents,430,メインストーリー14-1,メインストーリー,Story_Main,,\N[1],"えっと……抽象的ですけど
ピンチの時、ですかね？",Vâng. Vì vụ Thiên Sứ Sa Ngã mà anh đã phải lo lắng cho em đúng không.
CommonEvents,430,メインストーリー14-1,メインストーリー,Story_Main,セラ,\C[4]セラ,はい、その通りです。,Em muốn đáp lại tình cảm tin tưởng đó của anh.
CommonEvents,430,メインストーリー14-1,メインストーリー,Story_Main,セラ,\C[4]セラ,"ことさら性的な事柄における判断においては
「イく直前」がそのピンチの時にあたるかと。",Thế nên em sẽ cho anh tận hưởng buổi trị liệu tuyệt vời nhất từ trước đến nay.
CommonEvents,430,メインストーリー14-1,メインストーリー,Story_Main,,\N[1],イ、イく直前、ですか。,"Nào, mau đưa con cu của anh cho em chữa lành nào...♡"
CommonEvents,430,メインストーリー14-1,メインストーリー,Story_Main,セラ,\C[4]セラ,"出したくて出したくてしょうがない時に射精を人質にされると、
つい従ってしまう男性が多いですから。",Chụtttt... chẹp chẹp...♡
CommonEvents,430,メインストーリー14-1,メインストーリー,Story_Main,セラ,\C[4]セラ,"もしかしたらあなたもモンスター娘に
そのような交渉術で出し抜かれた経験があるかもしれません。","Ưm... ah♡
Con cu sưng to nóng hổi quá...♡"
CommonEvents,430,メインストーリー14-1,メインストーリー,Story_Main,セラ,\C[4]セラ,"そういった状況に耐性を付けるため、
今日はあなたにしつこー……い寸止め治療を行うつもりです。",Hãy để em mút mát quy đầu của anh thật nhiều nhé...♡
CommonEvents,430,メインストーリー14-1,メインストーリー,Story_Main,セラ,\C[4]セラ,……こんな風に。,Ngoan lắm... Bắn hết tinh dịch vào miệng em đi nào...♡
CommonEvents,430,メインストーリー14-1,メインストーリー,Story_Main,,\N[1],あっ、セラさ……、うぅ……！,"Ưm... nuốt ực...♡
Cảm ơn anh vì buổi trị liệu tuyệt vời nhé...♡"
CommonEvents,430,メインストーリー14-1,メインストーリー,Story_Main,セラ,\C[4]セラ,"寸止めするためにはまず射精寸前の状態にする必要が
ありますので、治療の前に少し下ごしらえしておきます。",Nghe nói cô vừa bắt được vụ Thiên Sứ Sa Ngã đúng không?
CommonEvents,430,メインストーリー14-1,メインストーリー,Story_Main,セラ,\C[4]セラ,これから行われるつらい治療のことを想像してください。,Chúc mừng cô nhé. Giờ cô thành nhân vật nổi tiếng trong thành phố rồi đấy.
CommonEvents,430,メインストーリー14-1,メインストーリー,Story_Main,セラ,\C[4]セラ,"あなたが負けを認めるまで、何度も何度も
射精直前の気持ちよさを味合わせるんです。",Hế hế☆ Nhờ thế mà dạo này cửa hàng tớ đông khách hẳn ra nà~
CommonEvents,430,メインストーリー14-1,メインストーリー,Story_Main,セラ,\C[4]セラ,"精液が強制的に金玉さんから引きずり出されては、
あともう少しで射精する寸前でおあずけされるつら～い寸止め……。","Đâu phải nhờ thế, là do cô tự tranh thủ cơ hội quảng cáo thì có."
CommonEvents,430,メインストーリー14-1,メインストーリー,Story_Main,セラ,\C[4]セラ,……はい、こんなところでしょう。,"Nhưng tôi bất ngờ đấy, không ngờ cô lại ra tay bắt cô ta. Chẳng lẽ cô định trở thành đồng minh của con người sao?"
CommonEvents,430,メインストーリー14-1,メインストーリー,Story_Main,セラ,\C[4]セラ,"普段より射精が近い状態からのスタートとなりますが
頑張ってください。","Đâu có, làm gì có chuyện đó."
CommonEvents,430,メインストーリー14-1,メインストーリー,Story_Main,セラ,\C[4]セラ,"また、今回は長く治療を施す必要がありますので
制限時間はありません。",Tại cô ta ngáng đường buôn bán của tôi thôi.
CommonEvents,430,メインストーリー14-1,メインストーリー,Story_Main,セラ,\C[4]セラ,"あなたが私の行動を妨害する以外に
治療を突破する手段はありませんのでご注意を。","Nhưng mà, con người chịu chi tiền mua đồ nên tôi thích con người hơn quái vật nhiều~"
CommonEvents,430,メインストーリー14-1,メインストーリー,Story_Main,セラ,\C[4]セラ,"それでは……ねちっこくあなたを追い詰める
寸止め快楽地獄、初めていきます。",Anh trai chắc vui lắm vì cô em Thiên Sứ yêu quý không phải là Thiên Sứ Sa Ngã đúng không?
CommonEvents,431,メインストーリー14-2,メインストーリー,Story_Main,,\N[1],"クリニックに通うようになって、
それなりの時間が経った。",Cái lúc đó anh trai cuống cuồng bênh vực Thiên Sứ không làm điều xấu đâu trông buồn cười cực kỳ luôn~♡
CommonEvents,431,メインストーリー14-2,メインストーリー,Story_Main,,\N[1],"最初は少し怪しいと思っていたけれど
治療の効果は間違いなく出ている。",Đừng có ví tôi như chó thế chứ.
CommonEvents,431,メインストーリー14-2,メインストーリー,Story_Main,,\N[1],セラさんについては未だに謎が多いけれど……。,"...Mà, Sera không phải người xấu thì tốt rồi. Dù tôi chưa từng nghi ngờ cô ấy."
CommonEvents,431,メインストーリー14-2,メインストーリー,Story_Main,,\N[1],でも、分かったこともいくつかある。,Nhưng mà...
CommonEvents,431,メインストーリー14-2,メインストーリー,Story_Main,,\N[1],"一つは、彼女たち天使には独自の掟があり、
「私欲のために人間を利用してはいけない」ということ。",Nhưng mà? Gì thế? Có chuyện gì thú vị sao?
CommonEvents,431,メインストーリー14-2,メインストーリー,Story_Main,,\N[1],"だから人間の前では感情を表に出さないように
振舞っているらしい……。",K-Không có gì đâu. Cô quên đi.
CommonEvents,431,メインストーリー14-2,メインストーリー,Story_Main,,\N[1],"また、掟のせいなのか分からないが
僕に言えない事情を色々抱えているらしい、というのも感じている。",Ơ~ Đừng có ấp ủ một mình thế chứ~
CommonEvents,431,メインストーリー14-2,メインストーリー,Story_Main,,\N[1],そしてもう一つ分かったのは、,Kh-Không phải thế đâu. Chỉ là tôi lỡ lời thôi.
CommonEvents,431,メインストーリー14-2,メインストーリー,Story_Main,,\N[1],"どうやら彼女は本当に僕のことを
好きでいてくれているらしい、ということ。","(...Về vụ này, có một điều khiến mình lấn cấn mãi)"
CommonEvents,431,メインストーリー14-2,メインストーリー,Story_Main,サキュバス,\C[5]サキュバス,"いらっしゃいませー！
みんな大好きサキュバスちゃんのお店でーす☆","Nhắc mới nhớ cho tôi hỏi một chút, trong các Thiên Sứ có ai gọi là Thiên Sứ Sa Ngã không em?"
CommonEvents,431,メインストーリー14-2,メインストーリー,Story_Main,,\N[1],随分景気が良さそうですね。,...Tại sao anh lại hỏi chuyện đó?
CommonEvents,431,メインストーリー14-2,メインストーリー,Story_Main,サキュバス,\C[5]サキュバス,"いやー、こないだの偽天使ちゃんを私が捕まえたおかげで
お店の知名度が上がっちゃってさ～。","Vì thế hình phạt lớn nhất chính là ""Sa Ngã""."
CommonEvents,431,メインストーリー14-2,メインストーリー,Story_Main,サキュバス,\C[5]サキュバス,売り上げ爆増中でーす♡,Nhưng một Thiên Sứ nghiêm túc như Sera thì chắc chắn không bao giờ bị như thế rồi nhỉ.
CommonEvents,431,メインストーリー14-2,メインストーリー,Story_Main,,\N[1],上がっちゃったというか、あなたが宣伝したんですけどね。,V-Vâng... Đương nhiên rồi.
CommonEvents,431,メインストーリー14-2,メインストーリー,Story_Main,,\N[1],"でも驚きましたよ、あなたが捕まえるなんて。
もう人間の味方になるつもりなんですか？","(Lúc nói về Thiên Sứ Sa Ngã, Sera lúng túng thấy rõ)"
CommonEvents,431,メインストーリー14-2,メインストーリー,Story_Main,サキュバス,\C[5]サキュバス,"いや、別に。
あれが商売の邪魔だっただけだけど。","(Là do cô ấy bất ngờ khi mình hỏi chuyện đó, hay là...)"
CommonEvents,431,メインストーリー14-2,メインストーリー,Story_Main,サキュバス,\C[5]サキュバス,"まぁでも、商品買ってくれるから
魔物より人間の方が好きかな～。","(Liệu cô ấy có điều gì giấu mình không, mình không thể biết được...)"
CommonEvents,431,メインストーリー14-2,メインストーリー,Story_Main,サキュバス,\C[5]サキュバス,"お兄さんは大好きな天使ちゃんが
堕天使じゃなくて良かったね？",Sau đó Main đi đến cửa hàng khác để mua đồ.
CommonEvents,431,メインストーリー14-2,メインストーリー,Story_Main,サキュバス,\C[5]サキュバス,"あの時のお兄さん、必死に天使ちゃんは悪くないよ～って
キャンキャン吠えてて面白かったよ～？","Được rồi, thuốc hồi phục mua xong rồi... Còn cần mua gì nữa nhỉ."
CommonEvents,431,メインストーリー14-2,メインストーリー,Story_Main,,\N[1],犬みたいに言わないでください。,...A. Cửa hàng kia...
CommonEvents,431,メインストーリー14-2,メインストーリー,Story_Main,,\N[1],"……まぁ、セラさんが悪い人じゃなくて良かったです。
疑っていたわけじゃないですけど。",(Hình như là cửa hàng trước đây mình đi cùng Sera... Lúc đó Sera chọn gel bôi trơn nghiêm túc cực kỳ)
CommonEvents,431,メインストーリー14-2,メインストーリー,Story_Main,,\N[1],でも……。,Có chuyện gì sao anh? Lần này anh muốn thử loại gel bôi trơn khác sao?
CommonEvents,431,メインストーリー14-2,メインストーリー,Story_Main,サキュバス,\C[5]サキュバス,でも？　何？　面白い話？,U oa!? Sera!?
CommonEvents,431,メインストーリー14-2,メインストーリー,Story_Main,,\N[1],"い、いや、何でもないです。
忘れてください。",Tình cờ đi ngang qua thấy anh cứ nhìn chằm chằm vào cửa hàng này nên em lỡ lên tiếng gọi.
CommonEvents,431,メインストーリー14-2,メインストーリー,Story_Main,サキュバス,\C[5]サキュバス,"え～。
もったいぶらないでよ～。",A ha ha... Tại tôi nhớ lại lần trước đi cùng em...
CommonEvents,431,メインストーリー14-2,メインストーリー,Story_Main,,\N[1],"そ、そういうわけじゃないです。
ただの言い間違いです。",Mỗi lần đi ngang qua đây em cũng nhớ lại lần đó.
CommonEvents,431,メインストーリー14-2,メインストーリー,Story_Main,,\N[1],（……この件で、一つだけ引っかかっていることがある）,...Hôm nay anh đi mua sắm sao? Nếu được cho em đi cùng nhé.
CommonEvents,431,メインストーリー14-2,メインストーリー,Story_Main,,\N[1],"そういえば話が変わるんですけど、
天使の中に堕天使っているんですか？","A, vâng, tất nhiên rồi."
CommonEvents,431,メインストーリー14-2,メインストーリー,Story_Main,セラ,\C[4]セラ,……なぜ、そんなことを聞くんですか？,Tốt quá rồi.
CommonEvents,431,メインストーリー14-2,メインストーリー,Story_Main,セラ,\C[4]セラ,ゆえに最大級の罰として「堕天」があるのです。,...Lần này vị thế đảo ngược so với lúc trước nhỉ.
CommonEvents,431,メインストーリー14-2,メインストーリー,Story_Main,,\N[1],"でもセラさんみたいな真面目な天使は
そんなことされないんですもんね。",Cửa hàng lúc nãy hai chúng ta ghé qua cũng đã từ khá lâu rồi nhỉ.
CommonEvents,431,メインストーリー14-2,メインストーリー,Story_Main,セラ,\C[4]セラ,"え、えぇ……。
もちろんです。",Đúng thế... Nói thật thì lúc đó tôi vẫn còn dò xét Sera.
CommonEvents,431,メインストーリー14-2,メインストーリー,Story_Main,,\N[1],（堕天使の話をした時、セラさんは明らかに動揺していた）,Ra là vậy sao. Mà cũng phải thôi.
CommonEvents,431,メインストーリー14-2,メインストーリー,Story_Main,,\N[1],"（ただ単に僕がその話をしたのが
意外だっただけなのか、それとも……）",Thiên Sứ có nhiều điều không thể nói vì nhiệm vụ.
CommonEvents,431,メインストーリー14-2,メインストーリー,Story_Main,,\N[1],"（彼女に何かやましいことがあったからなのかは、
分からない……）",Nhưng vì sứ mệnh nên việc bị nghi ngờ em đã chuẩn bị tâm lý từ đầu rồi.
CommonEvents,431,メインストーリー14-2,メインストーリー,Story_Main,,,\N[1]はその後、アイテムを購入しに他の店へ向かった。,...Quả nhiên là vậy sao.
CommonEvents,431,メインストーリー14-2,メインストーリー,Story_Main,,\N[1],"さてと、回復薬は買ったし……、
あとは何が必要だっけ。",Với lại một người từng liên tục bị các Monster Girl quyến rũ như anh thì đương nhiên sẽ nghi ngờ rồi.
CommonEvents,431,メインストーリー14-2,メインストーリー,Story_Main,,\N[1],"……あ。
あの店……。","Thế nên để có được niềm tin từ anh, em mới bộc bạch lòng mình rằng em thích anh."
CommonEvents,431,メインストーリー14-2,メインストーリー,Story_Main,,\N[1],"（確か、前にセラさんと行ったお店……。
セラさんが真剣にローションを選別してたっけ）",Tất nhiên đó là lời nói từ đáy lòng nên anh yên tâm nhé.
CommonEvents,431,メインストーリー14-2,メインストーリー,Story_Main,？？？,？？？,"どうしましたか？
次は違うローションを試して欲しいのですか？",Tr-Ra là em có lý do như thế sao...!
CommonEvents,431,メインストーリー14-2,メインストーリー,Story_Main,,\N[1],"うわっ！？
セラさん！？",...Dẫu vậy em cũng không ngây thơ đến mức nghĩ rằng chỉ chừng đó là anh tin tưởng em hoàn toàn.
CommonEvents,431,メインストーリー14-2,メインストーリー,Story_Main,セラ,\C[4]セラ,"たまたま通りがかったらあなたがこのお店を見つめていたので、
ついお声がけしてしまいました。",Từ giờ với tư cách y tá riêng của anh em sẽ tiếp tục thể hiện sự chân thành.
CommonEvents,431,メインストーリー14-2,メインストーリー,Story_Main,,\N[1],"あはは……前に一緒に来た時のことを
思い出して……。",...Vậy còn bây giờ thì sao?
CommonEvents,431,メインストーリー14-2,メインストーリー,Story_Main,セラ,\C[4]セラ,私もこのお店に来るたびに思い出しています。,Anh nghĩ thế nào về em?
CommonEvents,431,メインストーリー14-2,メインストーリー,Story_Main,セラ,\C[4]セラ,"……今日はお買い物ですか？
良ければご一緒していいでしょうか。","Éc...! Ưm, thì là..."
CommonEvents,431,メインストーリー14-2,メインストーリー,Story_Main,,\N[1],あ、はい、もちろん。,(Thật ra có rất nhiều điều mình thắc mắc)
CommonEvents,431,メインストーリー14-2,メインストーリー,Story_Main,セラ,\C[4]セラ,良かったです。,"(Tại sao nghe về Thiên Sứ Sa Ngã cô ấy lại lúng túng,)"
CommonEvents,431,メインストーリー14-2,メインストーリー,Story_Main,セラ,\C[4]セラ,……あの時とは立場が逆ですね。,(và tại sao cô ấy lại thích mình thì mình vẫn chưa hiểu rõ)
CommonEvents,431,メインストーリー14-2,メインストーリー,Story_Main,セラ,\C[4]セラ,"先ほどのお店、二人で訪れたのは
もうそれなりに前のことですね。",(Nhưng... chỉ có thế thôi)
CommonEvents,431,メインストーリー14-2,メインストーリー,Story_Main,,\N[1],"そうですね。……正直言うとあの時は
セラさんのことを探ろうとしていました。",Có lẽ ấn tượng của tôi về em vẫn không thay đổi so với lúc đó.
CommonEvents,431,メインストーリー14-2,メインストーリー,Story_Main,セラ,\C[4]セラ,"そうですか。
まぁ、無理もありません。",Tôi nghĩ Sera là một y tá tuyệt vời luôn hết lòng vì mọi người.
CommonEvents,431,メインストーリー14-2,メインストーリー,Story_Main,セラ,\C[4]セラ,天使は職務上言えないことが多いですから。,...Ra là vậy.
CommonEvents,431,メインストーリー14-2,メインストーリー,Story_Main,セラ,\C[4]セラ,"ですが、使命のためですので、疑われるであろうことも
最初から覚悟の上です。",Có phải anh vừa mới tán tỉnh em không?
CommonEvents,431,メインストーリー14-2,メインストーリー,Story_Main,,\N[1],……やっぱりそうなんですね。,!? Kh-Không phải thế đâu...!
CommonEvents,431,メインストーリー14-2,メインストーリー,Story_Main,セラ,\C[4]セラ,"それに、これまで突然目の前に現れたモンスター娘に
色仕掛けをしかけられてきたあなたなら、なおさら疑うでしょう。",Hì hì... Phản ứng y hệt như lúc đó... Em đùa thôi.
CommonEvents,431,メインストーリー14-2,メインストーリー,Story_Main,セラ,\C[4]セラ,"だから私はあなたから信頼を得られるよう、
あなたが好きだと正直に伝えるようにしています。",Đáng yêu như thế đúng là không thay đổi nhỉ.
CommonEvents,431,メインストーリー14-2,メインストーリー,Story_Main,セラ,\C[4]セラ,無論、心からの言葉ですのでご安心ください。,...Cảm ơn anh nhé. Từ giờ em sẽ tiếp tục cố gắng.
CommonEvents,431,メインストーリー14-2,メインストーリー,Story_Main,,\N[1],そ、そんな理由があったんですね……！,(Nhưng so với lúc đó cũng có điều đã thay đổi)
CommonEvents,431,メインストーリー14-2,メインストーリー,Story_Main,セラ,\C[4]セラ,"……とはいえ、それだけで全幅の信頼を置いてくれるなどと
甘い考えは持ち合わせていませんが。",(...Có lẽ mình không còn nghi ngờ Sera nữa)
CommonEvents,431,メインストーリー14-2,メインストーリー,Story_Main,セラ,\C[4]セラ,"これからもあなた専属ナースとして
誠意のある対応を心がけていきます。","(Dù vậy mình vẫn quan tâm đến cô ấy vô cùng, chắc đơn giản là vì... mình thực sự muốn hiểu thêm về cô ấy)"
CommonEvents,431,メインストーリー14-2,メインストーリー,Story_Main,セラ,\C[4]セラ,……それで、今はどうでしょうか。,"Sera ơi, hôm nay lại nhờ em giúp đỡ--"
CommonEvents,431,メインストーリー14-2,メインストーリー,Story_Main,セラ,\C[4]セラ,あなたは私のことをどう思っていますか？,Xin kính chào quý khách.
CommonEvents,431,メインストーリー14-2,メインストーリー,Story_Main,,\N[1],"え……！
うーん、そうですね……。",Thỏ... thỏ ngọc...?
CommonEvents,431,メインストーリー14-2,メインストーリー,Story_Main,,\N[1],（正直、気になることはたくさんある）,...Lại là một màn hóa trang trị liệu nữa sao em?
CommonEvents,431,メインストーリー14-2,メインストーリー,Story_Main,,\N[1],（堕天使の話でどうして動揺したのかも気になるし、）,"Vâng, đây là bộ trang phục em đặc biệt chuẩn bị vì mục đích đó."
CommonEvents,431,メインストーリー14-2,メインストーリー,Story_Main,,\N[1],（そもそもなぜ僕のことを好きなのかもまだ分かっていない）,(Ngắn dữ dội luôn... Đã thế vải trong suốt nên thấy rõ cả miếng dán ngực bên trong... Ực...)
CommonEvents,431,メインストーリー14-2,メインストーリー,Story_Main,,\N[1],（でも……それだけだ）,Anh còn nhớ lần trước chúng ta đóng vai mô phỏng tiệm đêm không?
CommonEvents,431,メインストーリー14-2,メインストーリー,Story_Main,,\N[1],ある意味、あの時の印象と変わっていないかもしれません。,"À, lần em mặc bộ đồ vũ công đúng không."
CommonEvents,431,メインストーリー14-2,メインストーリー,Story_Main,,\N[1],"セラさんは人のために真剣に行動できる
素敵なナースさん、だと思っています。","Vâng. Lần này cũng tương tự, bài trị liệu nhằm phòng tránh việc anh bị lừa bởi con người khi đi du lịch."
CommonEvents,431,メインストーリー14-2,メインストーリー,Story_Main,セラ,\C[4]セラ,……なるほど。,Lần trước là hướng tới các cửa hàng vốn dĩ có mục đích tình dục. Nhưng em đã nhận ra một điều.
CommonEvents,431,メインストーリー14-2,メインストーリー,Story_Main,セラ,\C[4]セラ,もしかして今、私のことを口説きましたか？,Khi anh bước vào những nơi không hề bán dâm ngay từ đầu thì anh mới dễ lơ đễnh và nguy hiểm hơn.
CommonEvents,431,メインストーリー14-2,メインストーリー,Story_Main,,\N[1],"！？
そ、そういうわけでは……！",Anh hiểu rồi đúng không. Mục tiêu phòng tránh hôm nay chính là các sòng bạc nguy hiểm nơi có các cô gái Bunny quyến rũ.
CommonEvents,431,メインストーリー14-2,メインストーリー,Story_Main,セラ,\C[4]セラ,"ふふ……あの時と同じ反応……。
冗談です。","Để anh không bị lột sạch sành sanh khi ghé qua giải trí, em sẽ giúp anh chuẩn bị trước."
CommonEvents,431,メインストーリー14-2,メインストーリー,Story_Main,セラ,\C[4]セラ,そういう可愛いところ、変わっていませんね。,"R-Ra là vậy... Tôi chưa từng đi sòng bạc bao giờ, ở đó nguy hiểm thế cơ à?"
CommonEvents,431,メインストーリー14-2,メインストーリー,Story_Main,セラ,\C[4]セラ,"……ありがとうございます。
これからも精進します。","Vâng, nguy hiểm lắm đấy. Vì ở đó có các Bunny Girl mà."
CommonEvents,431,メインストーリー14-2,メインストーリー,Story_Main,,\N[1],（でも、あの時から変わったこともある）,Anh nhìn bộ trang phục này xem. Phần ngực trống trải thế này cơ mà.
CommonEvents,431,メインストーリー14-2,メインストーリー,Story_Main,,\N[1],（……多分僕はもう、セラさんを疑っていない）,Chỉ cần khép hai tay ép ngực lại là có thể dễ dàng quyến rũ đàn ông rồi.
CommonEvents,431,メインストーリー14-2,メインストーリー,Story_Main,,\N[1],"（それでも彼女を気にしてしょうがないのは、
今はただ純粋に……彼女のことが知りたいからだと思う）",Nếu lỡ khơi gợi ảo tưởng được úp mặt vào đây súp súp...
CommonEvents,432,メインストーリー15-1,メインストーリー,Story_Main,,\N[1],セラさん、今日もよろしくお願いしま――。,...Ực...
CommonEvents,432,メインストーリー15-1,メインストーリー,Story_Main,セラ,\C[4]セラ,いらっしゃいませ。,"Để không bị các cô nàng Bunny gợi cảm này làm cho tán gia bại sản, chúng ta hãy cố gắng trị liệu nhé."
CommonEvents,432,メインストーリー15-1,メインストーリー,Story_Main,,\N[1],バニー……ガール……？,Sau khi buổi trị liệu kết thúc...
CommonEvents,432,メインストーリー15-1,メインストーリー,Story_Main,,\N[1],……またコスプレで治療するパターンですか。,"Được rồi, đã mặc bộ này thì phải làm một việc mới được."
CommonEvents,432,メインストーリー15-1,メインストーリー,Story_Main,セラ,\C[4]セラ,えぇ、そのために特別に用意した衣装です。,Vì vậy... Tinh ting! Em đã chuẩn bị sẵn bộ bài Tây rồi nè.
CommonEvents,432,メインストーリー15-1,メインストーリー,Story_Main,,\N[1],"（めちゃくちゃ際どい……。しかも、透明だから
ニップレスを付けてるのが見えてる……ごくっ……）","Chúng ta sẽ chơi trò sòng bạc... à không, tập luyện để không bị mê hoặc ở sòng bạc nhé."
CommonEvents,432,メインストーリー15-1,メインストーリー,Story_Main,セラ,\C[4]セラ,以前夜のお店のシミュレーションを行ったのを覚えていますか？,"(Cô ấy lỡ miệng nói ""chơi"" rồi kìa, thôi không bắt bẻ làm gì...)"
CommonEvents,432,メインストーリー15-1,メインストーリー,Story_Main,,\N[1],あぁ、あの踊り子の服装をしていた時ですね。,Trò chúng ta chơi đương nhiên là Poker. Em sẽ làm chia bài Dealer nhé.
CommonEvents,432,メインストーリー15-1,メインストーリー,Story_Main,セラ,\C[4]セラ,"はい。今回はそれと同じように、
旅先で人間相手に騙されないための治療です。",Poker sao... Sera lúc nào cũng giữ bộ mặt lạnh như tiền Poker Face thế này chắc mạnh lắm đây.
CommonEvents,432,メインストーリー15-1,メインストーリー,Story_Main,セラ,\C[4]セラ,"前回はそもそも性的な目的のお店を意識していました。
しかし、私は気づいたのです。",Luôn giữ bình tĩnh xử lý mọi việc là kỹ năng bắt buộc của Thiên Sứ chúng em mà.
CommonEvents,432,メインストーリー15-1,メインストーリー,Story_Main,セラ,\C[4]セラ,"最初から性を売りにしていないお店に訪れた時の方が、
あなたが油断していて危険なのではないか、と。","Nào, hãy cầm bài em vừa chia lên đi. Trò chơi bắt đầu."
CommonEvents,432,メインストーリー15-1,メインストーリー,Story_Main,セラ,\C[4]セラ,"もうお分かりですよね。今日の治療で対策するのは、
バニーが色仕掛けしてくるような危険なカジノです。",Để xem nào...
CommonEvents,432,メインストーリー15-1,メインストーリー,Story_Main,セラ,\C[4]セラ,"息抜きのために訪れたのに身ぐるみを剝がされてしまった、
なんてことにならないように私が対策してあげます。",(Hai đôi sao... Còn Sera thì...)
CommonEvents,432,メインストーリー15-1,メインストーリー,Story_Main,,\N[1],"な、なるほど……。行ったことないんですけど、
カジノってそんなに危険なんですか？",Bài của em không tồi đâu nhé.
CommonEvents,432,メインストーリー15-1,メインストーリー,Story_Main,セラ,\C[4]セラ,"はい、それはもう。
何せバニーガールがいますから。",Hừm... Đúng là không tài nào đọc được nét mặt cô ấy...
CommonEvents,432,メインストーリー15-1,メインストーリー,Story_Main,セラ,\C[4]セラ,"見てください、この衣装。
胸元がこんなに無防備です。",Nhưng em sẽ đổi 1 lá.
CommonEvents,432,メインストーリー15-1,メインストーリー,Story_Main,セラ,\C[4]セラ,"すこし両腕で胸を寄せれば、
簡単に男性を誘惑できてしまいます。",Thế tôi cũng đổi 1 lá.
CommonEvents,432,メインストーリー15-1,メインストーリー,Story_Main,セラ,\C[4]セラ,"ここに頭を挟んでぱふぱふする妄想を
掻き立てられでもしたら……。",Hừm... Em giữ nguyên bộ bài này.
CommonEvents,432,メインストーリー15-1,メインストーリー,Story_Main,,\N[1],……ごくっ……。,(Éc... Chẳng lẽ bài cô ấy mạnh lên rồi sao... Hay là đang đòn gió...?)
CommonEvents,432,メインストーリー15-1,メインストーリー,Story_Main,セラ,\C[4]セラ,"こういったセクシーなバニーガールに
貢がせられないよう、治療を頑張っていきましょう。",Thôi cứ tố thử xem sao. Tôi cũng giữ nguyên bộ bài này!
CommonEvents,433,メインストーリー15-2,メインストーリー,Story_Main,,,治療が終わった後のこと……。,Rất tốt. Vậy chúng ta cùng mở bài nhé.
CommonEvents,433,メインストーリー15-2,メインストーリー,Story_Main,セラ,\C[4]セラ,"さて、この衣装を着たからには
一つやらねばいけないことがありますね。",...Hừm. Cả hai đều là hai đôi sao. Hòa rồi.
CommonEvents,433,メインストーリー15-2,メインストーリー,Story_Main,セラ,\C[4]セラ,"というわけで……じゃん。
トランプを用意しました。","A, nhưng số trên bài của tôi lớn hơn nên chắc là tôi thắng rồi."
CommonEvents,433,メインストーリー15-2,メインストーリー,Story_Main,セラ,\C[4]セラ,"これでカジノごっこをして遊……、
もとい、カジノで翻弄されないように予習をしましょう。",C-Luật gì thế này! Rõ ràng là cùng tay bài mà...!
CommonEvents,433,メインストーリー15-2,メインストーリー,Story_Main,,\N[1],（遊ぶって言いかけてたけどツッコむのは野暮か……）,Mà thôi không sao. Vừa rồi chỉ là khởi động thôi.
CommonEvents,433,メインストーリー15-2,メインストーリー,Story_Main,セラ,\C[4]セラ,"もちろんやる遊びはポーカーです。
私がディーラーをやりましょう。",Làm lại ván nữa nào.
CommonEvents,433,メインストーリー15-2,メインストーリー,Story_Main,,\N[1],"ポーカーですか……。
まさしくポーカーフェイスなセラさんは強そうですね。",Tuy nhiên sau đó...
CommonEvents,433,メインストーリー15-2,メインストーリー,Story_Main,セラ,\C[4]セラ,"いつでも冷静に事を進めるのは
私たち天使の必須技術ですから。",Hừm... Không có tay bài nào cả...
CommonEvents,433,メインストーリー15-2,メインストーリー,Story_Main,セラ,\C[4]セラ,"さ、配ったカードを手札にしてください。
ゲームの始まりです。",Hai đôi rồi. Lại còn có cả Ách nữa chứ.
CommonEvents,433,メインストーリー15-2,メインストーリー,Story_Main,,\N[1],どれどれ……。,Tôi được Ba Lá rồi nè!
CommonEvents,433,メインストーリー15-2,メインストーリー,Story_Main,,\N[1],"（ツーペアか……。
セラさんの方は……）",Cái...
CommonEvents,433,メインストーリー15-2,メインストーリー,Story_Main,セラ,\C[4]セラ,こちらは悪くない手札ですよ。,Hì hì hì... Xin lỗi anh nhé. Ván này em thắng chắc rồi.
CommonEvents,433,メインストーリー15-2,メインストーリー,Story_Main,,\N[1],くっ……相変わらず表情が読めない……。,Trị liệu cá cược Casino kết thúc!
CommonEvents,433,メインストーリー15-2,メインストーリー,Story_Main,セラ,\C[4]セラ,ですが、一枚だけ交換しましょう。,Hừ... Thua anh hoài thấy không phục chút nào...
CommonEvents,433,メインストーリー15-2,メインストーリー,Story_Main,,\N[1],じゃあ僕も一枚だけ。,"A ha ha, thắng Sera được vài ván vui thật đấy."
CommonEvents,433,メインストーリー15-2,メインストーリー,Story_Main,セラ,\C[4]セラ,ふむ……私はこの手札で行きましょう。,Lần sau em sẽ thắng cho xem!
CommonEvents,433,メインストーリー15-2,メインストーリー,Story_Main,,\N[1],"（えっ……強い役になったのかな……。
それともブラフか……？）","Vâng vâng, tôi chờ đấy."
CommonEvents,433,メインストーリー15-2,メインストーリー,Story_Main,,\N[1],"まぁ、とりあえず勝負してみましょう。
僕もこの手札で行きます！",Dạo này anh trị liệu rất chăm chỉ đấy.
CommonEvents,433,メインストーリー15-2,メインストーリー,Story_Main,セラ,\C[4]セラ,"かしこまりました。
では、お互いの手札を公開しましょう。",Vâng! Nhờ có sự hướng dẫn tỉ mỉ của Sera mà!
CommonEvents,433,メインストーリー15-2,メインストーリー,Story_Main,セラ,\C[4]セラ,"……む。お互いにツーペアですか。
引き分けですね。",Anh chịu khó rèn luyện khả năng chống chịu thế này em vui lắm.
CommonEvents,433,メインストーリー15-2,メインストーリー,Story_Main,,\N[1],"あ、でも、僕の方が数字が大きいので
多分僕の勝ちですね。",Sắp tới chúng ta sẽ bước vào giai đoạn trị liệu cao cấp hơn nữa.
CommonEvents,433,メインストーリー15-2,メインストーリー,Story_Main,セラ,\C[4]セラ,"な、なんですかそのルールは。
同じ役なのに……！",Giai đoạn cao cấp sao...?
CommonEvents,433,メインストーリー15-2,メインストーリー,Story_Main,セラ,\C[4]セラ,"まぁ構いません。
今のは前哨戦に過ぎませんから。",Vâng. Hãy chuẩn bị tinh thần đón nhận nhé.
CommonEvents,433,メインストーリー15-2,メインストーリー,Story_Main,セラ,\C[4]セラ,もう一度です。,Vâng! Tôi sẽ cố gắng!
CommonEvents,433,メインストーリー15-2,メインストーリー,Story_Main,,,しかしその後も……。,Tốt lắm. Hãy giữ vững tinh thần đó nhé.
CommonEvents,433,メインストーリー15-2,メインストーリー,Story_Main,セラ,\C[4]セラ,くっ……役無しです……。,Hôm nay em sẽ tiến hành kiểm tra thể chất cho anh.
CommonEvents,433,メインストーリー15-2,メインストーリー,Story_Main,セラ,\C[4]セラ,"ツーペアです。
しかもエース入りですよ。",Kiểm tra thể chất sao?
CommonEvents,433,メインストーリー15-2,メインストーリー,Story_Main,,\N[1],僕はスリーカードです！,"Vâng, để nắm rõ tiến lực và thể lực của anh hiện tại."
CommonEvents,433,メインストーリー15-2,メインストーリー,Story_Main,セラ,\C[4]セラ,なっ……。,"Nào, cởi áo ra cho em kiểm tra nào."
CommonEvents,433,メインストーリー15-2,メインストーリー,Story_Main,セラ,\C[4]セラ,"ふふふ……すみません。
この勝負貰いました。",V-Vâng...
CommonEvents,433,メインストーリー15-2,メインストーリー,Story_Main,セラ,\C[4]セラ,"フルハウスです。
どうですか、この手札に勝てますか？",Bài trị liệu thể chất...
CommonEvents,433,メインストーリー15-2,メインストーリー,Story_Main,,\N[1],"えっと……フォーカードって確か
フルハウスより強いんでしたっけ？","Vâng, em sẽ dùng đôi tay này sờ nắn toàn thân anh."
CommonEvents,433,メインストーリー15-2,メインストーリー,Story_Main,セラ,\C[4]セラ,え……。,"Từ cơ bắp đến vùng kín, em sẽ kiểm tra thật cẩn thận."
CommonEvents,433,メインストーリー15-2,メインストーリー,Story_Main,,,今日の彼女はとことんツいていなかった……。,"Nếu có chỗ nào nhạy cảm hay yếu ớt, em sẽ tập trung trị liệu cho chỗ đó."
CommonEvents,433,メインストーリー15-2,メインストーリー,Story_Main,セラ,\C[4]セラ,"もう！　なんなんですか！
全然楽しくないです！","Nào, thả lỏng người ra đi anh..."
CommonEvents,433,メインストーリー15-2,メインストーリー,Story_Main,セラ,\C[4]セラ,"もしかしてイカサマをしていたり
しませんよね……？",Ưm... ah...!
CommonEvents,433,メインストーリー15-2,メインストーリー,Story_Main,,\N[1],"そ、そんなことしませんって！
たまたまですよ！",Hì hì... Nơi này nhạy cảm quá nhỉ.
CommonEvents,433,メインストーリー15-2,メインストーリー,Story_Main,,\N[1],"もう一回しましょう？
ね？",Để em sờ nắn nhiều hơn nữa nhé...♡
CommonEvents,433,メインストーリー15-2,メインストーリー,Story_Main,セラ,\C[4]セラ,"……分かりました。
まぁ、確率というものは収束しますからね。",Chụtttt... chẹp chẹp...♡
CommonEvents,433,メインストーリー15-2,メインストーリー,Story_Main,セラ,\C[4]セラ,そろそろ私の方に運気が傾くはずです。,"Ưm... ah♡
Bắn hết tinh dịch ra đi nào...♡"
CommonEvents,433,メインストーリー15-2,メインストーリー,Story_Main,,\N[1],"（僕の手札は……スリーカードか。
セラさんはどうだろう……？）",Ngoan lắm... em đã nhận hết tinh dịch của anh rồi.
CommonEvents,433,メインストーリー15-2,メインストーリー,Story_Main,セラ,\C[4]セラ,……。,Cơ thể anh tiến bộ rất nhiều đấy.
CommonEvents,433,メインストーリー15-2,メインストーリー,Story_Main,,\N[1],（もうポーカーフェイスが無くなってる……）,Cứ tiếp tục đà này nhé.
CommonEvents,433,メインストーリー15-2,メインストーリー,Story_Main,セラ,\C[4]セラ,……あなたの手札はどうですか？,Trị liệu cá cược Casino...
CommonEvents,433,メインストーリー15-2,メインストーリー,Story_Main,,\N[1],"え？
あぁ……それなりの手札です。",Hôm nay anh chơi rất giỏi đấy.
CommonEvents,433,メインストーリー15-2,メインストーリー,Story_Main,セラ,\C[4]セラ,ふむ……。,Vâng! Nhờ Sera nhường đấy!
CommonEvents,433,メインストーリー15-2,メインストーリー,Story_Main,セラ,\C[4]セラ,"では、私の手札と交換してみませんか？
こちらはとっても強いですよ？",Không có chuyện em nhường đâu.
CommonEvents,433,メインストーリー15-2,メインストーリー,Story_Main,,\N[1],"えぇ？
本当ですかぁ……？",Là do thực lực của anh đấy.
CommonEvents,433,メインストーリー15-2,メインストーリー,Story_Main,セラ,\C[4]セラ,"はい。
嘘なんてついていません。",Tự tin lên nhé.
CommonEvents,433,メインストーリー15-2,メインストーリー,Story_Main,セラ,\C[4]セラ,"だから、交換してくれませんか？
あなたの手札と、「これ」を。",Nhưng mà...
CommonEvents,433,メインストーリー15-2,メインストーリー,Story_Main,,\N[1],"……っ！
セ、セラさん何を……",Em vẫn thấy hơi tiếc một chút.
CommonEvents,433,メインストーリー15-2,メインストーリー,Story_Main,セラ,\C[4]セラ,"他意はありません。
ただ収まりが良かったのでここに入れただけです。",Lần sau nhất định em sẽ thắng anh cho xem.
CommonEvents,433,メインストーリー15-2,メインストーリー,Story_Main,セラ,\C[4]セラ,"交換していただけるのなら、
こちらを手に取っていただけますか？","Hì hì, em chờ đấy."
CommonEvents,433,メインストーリー15-2,メインストーリー,Story_Main,,\N[1],"（しかもセラさんの手札、表が見えてるし！
役無しの手札だ……！）",Thành tích cá cược hôm nay sẽ được quy đổi thành phần thưởng trị liệu nhé.
CommonEvents,433,メインストーリー15-2,メインストーリー,Story_Main,,\N[1],（うぅ……でも……！）,Phần thưởng sao...?
CommonEvents,433,メインストーリー15-2,メインストーリー,Story_Main,セラ,\C[4]セラ,"おや、交換してくれるのですね。
では、カードを谷間から抜き取ってください。",Vâng. Thắng được bao nhiêu ván thì em sẽ cưng nựng anh bấy nhiêu.
CommonEvents,433,メインストーリー15-2,メインストーリー,Story_Main,セラ,\C[4]セラ,ん……♡,"Nào, hãy đón nhận phần thưởng của anh đi...♡"
CommonEvents,433,メインストーリー15-2,メインストーリー,Story_Main,セラ,\C[4]セラ,"さ、あなたのその弱い手札は、
私のおっぱいにないないしちゃいましょうね？",Chụtttt... chẹp chẹp...♡
CommonEvents,433,メインストーリー15-2,メインストーリー,Story_Main,セラ,\C[4]セラ,あなたの手で谷間に差し込んでいただけますか？,"Ưm... ah♡
Sướng lắm đúng không?♡"
CommonEvents,433,メインストーリー15-2,メインストーリー,Story_Main,セラ,\C[4]セラ,"ふふ……♡
はい、ありがとうございます。",Hãy để em mút mát con cu của anh thật nhiều nhé...♡
CommonEvents,433,メインストーリー15-2,メインストーリー,Story_Main,セラ,\C[4]セラ,"さてと……なるほど、このような手札でしたか。
ではこのまま勝負しましょう。",Bắn tinh dịch vào miệng em đi nào...♡
CommonEvents,433,メインストーリー15-2,メインストーリー,Story_Main,セラ,\C[4]セラ,"おや、私の勝ちですか。
ふむ……勝利の味とは甘美なものですね。",Ngoan lắm... em đã nuốt hết rồi.
CommonEvents,433,メインストーリー15-2,メインストーリー,Story_Main,セラ,\C[4]セラ,"さぁ、もう一回やりますよ。
私が勝ち越すまで、何度でも。",Phần thưởng hôm nay thế nào?
CommonEvents,433,メインストーリー15-2,メインストーリー,Story_Main,,,"その後も何度も色仕掛けされ、
勃起した状態でポーカーを続けさせられた。",Lần sau lại cố gắng thắng em nhé...♡
CommonEvents,434,メインストーリー16-1,メインストーリー,Story_Main,セラ,\C[4]セラ,"今回の治療では、優しい言葉で油断させて
心に付け入ってくるような相手への対策を行います。","Trong bài trị liệu lần này, chúng ta sẽ luyện tập đối phó với kẻ dùng những lời dịu dàng làm anh lơ đễnh rồi thừa cơ xâm nhập tâm trí."
CommonEvents,434,メインストーリー16-1,メインストーリー,Story_Main,セラ,\C[4]セラ,"こちらを騙そうとしてくる相手ほど
親切にしてくるものです……私は例外ですが。",Những kẻ muốn lừa gạt anh thường tỏ ra cực kỳ tử tế... Tất nhiên em là ngoại lệ.
CommonEvents,434,メインストーリー16-1,メインストーリー,Story_Main,セラ,\C[4]セラ,"ということは、優しさを体現するような者こそ
あなたが警戒すべき相手なのです。",Tức là những kẻ hiện thân cho sự dịu dàng mới chính là đối tượng anh cần phải cảnh giác nhất.
CommonEvents,434,メインストーリー16-1,メインストーリー,Story_Main,セラ,\C[4]セラ,"あなたが人恋しく思っている時に、
こんな言葉をかけてくる相手に気を付けてください。","Khi anh đang thấy cô đơn thiếu thốn tình cảm, hãy cẩn thận với những kẻ nói ra những lời thế này."
CommonEvents,434,メインストーリー16-1,メインストーリー,Story_Main,セラ,\C[4]セラ,"……僕ちゃん。
私があなたの、ママでちゅよー……。","...Cậu bé ngoan của mẹ.
Mẹ là mẹ yêu của bé đây nè~..."
CommonEvents,434,メインストーリー16-1,メインストーリー,Story_Main,,\N[1],"……っ！
あ、赤ちゃん言葉……！？",...! Gi-Giọng nói nũng nịu trẻ con sao!?
CommonEvents,434,メインストーリー16-1,メインストーリー,Story_Main,セラ,\C[4]セラ,"はい、今照れましたね。
いけませんよ、そんな良い反応をしては。","Đó, vừa mới ngượng rồi kìa. Không được đâu nhé, tỏ ra phản ứng thích thú thế là không được đâu."
CommonEvents,434,メインストーリー16-1,メインストーリー,Story_Main,セラ,\C[4]セラ,"優しさを体現するような者……それはすなわち、ママです。
本当に危険なのは母性なんです。",Kẻ hiện thân cho sự dịu dàng... Tức là người mẹ đấy. Thứ thực sự nguy hiểm chính là tình mẫu tử.
CommonEvents,434,メインストーリー16-1,メインストーリー,Story_Main,セラ,\C[4]セラ,"僕ちゃんは甘えん坊だから、
こういう言葉遣い、効いちゃいまちゅよね？",Cậu bé ngoan thích làm nũng thế này thì mấy lời nồng thắm này hiệu nghiệm lắm đúng không nà?
CommonEvents,434,メインストーリー16-1,メインストーリー,Story_Main,,\N[1],……っ。,...~!
CommonEvents,434,メインストーリー16-1,メインストーリー,Story_Main,セラ,\C[4]セラ,"顔真っ赤にして可愛いでちゅね。
そんなに私の赤ちゃんになりたいんでちゅか？",Mặt đỏ gấc lên đáng yêu quá nà. Muốn làm bé cưng của mẹ đến thế sao?
CommonEvents,434,メインストーリー16-1,メインストーリー,Story_Main,セラ,\C[4]セラ,じゃあ、赤ちゃんらしくばぶばぶって言ってみよっか。,"Thế thì hãy ngoan ngoan phát ra tiếng ""Babu babu"" xem nào."
CommonEvents,434,メインストーリー16-1,メインストーリー,Story_Main,,\N[1],"ばぶばぶ……。
（い、一体なにを……）",Babu babu... (C-Cái quái gì thế này...)
CommonEvents,434,メインストーリー16-1,メインストーリー,Story_Main,,\N[1],"あうあう……！？
（あれ！？　言葉が喋れない！？）",Au au...!? (Hả!? Sao mình không nói thành lời được nữa!?)
CommonEvents,434,メインストーリー16-1,メインストーリー,Story_Main,セラ,\C[4]セラ,"魔法であなたの言語能力を
赤ちゃんと同レベルにさせていただきました。",Em đã dùng phép thuật hạ khả năng ngôn ngữ của anh xuống ngang tầm bé sơ sinh rồi.
CommonEvents,434,メインストーリー16-1,メインストーリー,Story_Main,セラ,\C[4]セラ,"これで思う存分赤ちゃんになれますよ。
良かったですね。",Bây giờ anh có thể thỏa thích làm bé cưng rồi đấy. Tốt quá rồi nhé.
CommonEvents,434,メインストーリー16-1,メインストーリー,Story_Main,セラ,\C[4]セラ,"当然、今回の治療中は言葉で私を翻弄しようとしても
全く無意味ですのでお気を付けください。",Đương nhiên trong lúc trị liệu lần này anh có dùng lời nói lả lơi thế nào cũng hoàn toàn vô hiệu thôi nên hãy chú ý nhé.
CommonEvents,434,メインストーリー16-1,メインストーリー,Story_Main,セラ,\C[4]セラ,"それじゃあ、今からたっぷり赤ちゃん扱いして
あやしてあげまちゅね？","Nào, bây giờ em sẽ cưng nựng dỗ dành bé cưng thật nhiều nhé?"
CommonEvents,435,メインストーリー16-2,メインストーリー,Story_Main,,\N[1],"さて、と。
そろそろクリニックに行こうかな。","Được rồi.
Đã đến lúc đến phòng khám rồi nhỉ."
CommonEvents,435,メインストーリー16-2,メインストーリー,Story_Main,女性の声,女性の声,きゃぁーっ！,Áaaaaa!
CommonEvents,435,メインストーリー16-2,メインストーリー,Story_Main,,\N[1],！,!
CommonEvents,435,メインストーリー16-2,メインストーリー,Story_Main,魔物,魔物,グァァァーーー！,Gừ á á á---!
CommonEvents,435,メインストーリー16-2,メインストーリー,Story_Main,市民A,市民A,魔物が街に入っていたぞー！,Quái vật xông vào thành phố rồi!
CommonEvents,435,メインストーリー16-2,メインストーリー,Story_Main,市民B,市民B,"ひぃぃ！
た、助けてぇ！",Híiii! C-Cứu tôi với!
CommonEvents,435,メインストーリー16-2,メインストーリー,Story_Main,,\N[1],"まずい！
街の結界を突破してきたのか！",Nguy rồi! Nó phá vỡ kết giới của thành phố xông vào sao!
CommonEvents,435,メインストーリー16-2,メインストーリー,Story_Main,,\N[1],"あぁ、くそ、こんな時に限って
なんで剣を持ってきてないんだ！","Thôi chết, đúng lúc này mình lại không mang theo kiếm chứ!"
CommonEvents,435,メインストーリー16-2,メインストーリー,Story_Main,,\N[1],仕方ない、増援が来るまで時間を稼ぐか……！,"Đành chịu thôi, ráng câu giờ cho đến khi viện binh tới vậy...!"
CommonEvents,435,メインストーリー16-2,メインストーリー,Story_Main,？？？,？？？,その必要はありません。,Không cần phải làm thế đâu.
CommonEvents,435,メインストーリー16-2,メインストーリー,Story_Main,,\N[1],"セラさん！？
ここは危ないですよ！",Sera!? Ở đây nguy hiểm lắm!
CommonEvents,435,メインストーリー16-2,メインストーリー,Story_Main,セラ,\C[4]セラ,"それはこちらのセリフです。
武器も持たずに立ち向かうなんて……全く、あなたという人は。","Đó là câu em phải nói mới đúng. Không mang vũ khí mà đòi xông ra... Thiệt tình, anh đúng là."
CommonEvents,435,メインストーリー16-2,メインストーリー,Story_Main,セラ,\C[4]セラ,……この魔物、傷を受けて興奮しているようですね。,...Con quái vật này có vẻ bị thương nên đang cuồng sát lên đấy.
CommonEvents,435,メインストーリー16-2,メインストーリー,Story_Main,セラ,\C[4]セラ,"回復魔法は得意ではないので、
精神に干渉して落ち着かせることにしましょう。",Phép hồi phục em không giỏi nên em sẽ can thiệp vào tinh thần làm nó dịu xuống nhé.
CommonEvents,435,メインストーリー16-2,メインストーリー,Story_Main,魔物,魔物,グァァァーーー！,Gừ á á á---!
CommonEvents,435,メインストーリー16-2,メインストーリー,Story_Main,,\N[1],セラさん危ない！,Trước tiên hãy đẩy hông về phía trước một chút rồi đưa con cu vào giữa khe ngực em nhé.
CommonEvents,435,メインストーリー16-2,メインストーリー,Story_Main,セラ,\C[4]セラ,……「止まれ」。,"...""Dừng lại""."
CommonEvents,435,メインストーリー16-2,メインストーリー,Story_Main,魔物,魔物,っ！,!
CommonEvents,435,メインストーリー16-2,メインストーリー,Story_Main,,\N[1],……魔物が止まった……？,...Quái vật dừng lại rồi...?
CommonEvents,435,メインストーリー16-2,メインストーリー,Story_Main,セラ,\C[4]セラ,"いい子です。
「巣に帰りなさい」。","Ngoan lắm.
""Hãy quay về tổ đi""."
CommonEvents,435,メインストーリー16-2,メインストーリー,Story_Main,魔物,魔物,……。,...
CommonEvents,435,メインストーリー16-2,メインストーリー,Story_Main,,\N[1],か、帰っていく……。,Q-Quay về thật kìa...
CommonEvents,435,メインストーリー16-2,メインストーリー,Story_Main,セラ,\C[4]セラ,"ふぅ。
これでもう大丈夫です。","Phù.
Thế là ổn rồi."
CommonEvents,435,メインストーリー16-2,メインストーリー,Story_Main,セラ,\C[4]セラ,"このまま巣に帰って休めば
傷も治って大人しくなることでしょう。",Cứ thế này quay về tổ nghỉ ngơi thì vết thương sẽ lành và nó sẽ ngoan ngoãn lại thôi.
CommonEvents,435,メインストーリー16-2,メインストーリー,Story_Main,市民A,市民A,い、今の、あんたがやったのか……？,C-Vừa rồi... là cô làm sao...?
CommonEvents,435,メインストーリー16-2,メインストーリー,Story_Main,セラ,\C[4]セラ,えぇ。そうです。,"Vâng, đúng thế."
CommonEvents,435,メインストーリー16-2,メインストーリー,Story_Main,市民B,市民B,"その頭の輪っかと翼……、
もしかして天使様……！？",Vòng sáng trên đầu và đôi cánh đó... Chẳng lẽ là Thiên Sứ đại nhân...!?
CommonEvents,435,メインストーリー16-2,メインストーリー,Story_Main,セラ,\C[4]セラ,はい、天使です。,"Vâng, tôi là Thiên Sứ."
CommonEvents,435,メインストーリー16-2,メインストーリー,Story_Main,セラ,\C[4]セラ,"本来は人間たち自身の手で自治してもらいたいのですが、
あのレベルの魔物は手に余ると思い少し手助けしたまでです。","Vốn dĩ tôi muốn con người tự mình bảo vệ bản thân, nhưng quái vật cấp độ đó vượt quá sức các người nên tôi mới ra tay giúp chút thôi."
CommonEvents,435,メインストーリー16-2,メインストーリー,Story_Main,セラ,\C[4]セラ,"天使はいつでもあなたたちを見守っています。
ではこれで。",Thiên Sứ luôn dõi theo các người. Vậy tôi xin phép.
CommonEvents,435,メインストーリー16-2,メインストーリー,Story_Main,市民A,市民A,"ま、待ってくれ！
助けてくれたんだからお礼させてくれ！",Đ-Đợi đã! Cô cứu chúng tôi nên hãy để chúng tôi tạ ơn chứ!
CommonEvents,435,メインストーリー16-2,メインストーリー,Story_Main,市民B,市民B,"あ、あれ……！？
いつの間にか消えてる……！？",Ơ... Ủa!? Bỏ đi biến mất từ lúc nào rồi...!?
CommonEvents,435,メインストーリー16-2,メインストーリー,Story_Main,,\N[1],……。,...
CommonEvents,435,メインストーリー16-2,メインストーリー,Story_Main,セラ,\C[4]セラ,いらっしゃいましたか。,Anh đến rồi sao.
CommonEvents,435,メインストーリー16-2,メインストーリー,Story_Main,セラ,\C[4]セラ,"先ほどは何も言わずに帰ってしまい申し訳ございません。
他の方に囲まれてしまいましたので。",Lúc nãy em không nói câu nào đã rời đi xin lỗi anh nhé. Tại mọi người kéo đến đông quá.
CommonEvents,435,メインストーリー16-2,メインストーリー,Story_Main,,\N[1],"それは全然大丈夫ですけど……街はセラさんの話題で
持ち切りですよ。天使様が街を救ってくれた～って。",Chuyện đó không sao đâu nhưng mà... Cả thành phố đang bàn tán xôn xao về Sera đấy. Rằng Thiên Sứ đại nhân đã giải cứu thành phố.
CommonEvents,435,メインストーリー16-2,メインストーリー,Story_Main,,\N[1],"こないだまで堕天使の噂が流れていたとは思えないほど
みんなの信仰心が高まってます。",Mới hôm nọ còn đồn đại về Thiên Sứ Sa Ngã thế mà giờ đức tin của mọi người tăng cao chót vót luôn.
CommonEvents,435,メインストーリー16-2,メインストーリー,Story_Main,,\N[1],"良いんですか？
魔物を退治したのは自分だって名乗り出なくて。",Không sao chứ em? Không cần ra nhận mình là người đánh đuổi quái vật sao?
CommonEvents,435,メインストーリー16-2,メインストーリー,Story_Main,セラ,\C[4]セラ,"私は天使としての本分を全うしただけです。
この街は私の管轄ですから。",Em chỉ làm tròn bổn phận của Thiên Sứ thôi. Thành phố này thuộc khu vực quản lý của em mà.
CommonEvents,435,メインストーリー16-2,メインストーリー,Story_Main,,\N[1],管轄……ってことは、街の守護天使、みたいな？,Khu vực quản lý... Tức là giống như Thiên Sứ hộ vệ của thành phố sao em?
CommonEvents,435,メインストーリー16-2,メインストーリー,Story_Main,セラ,\C[4]セラ,"そうですね、そう呼ぶのが人間には分かりやすいでしょう。
まぁ、この場所が配属先だというだけです。","Đúng thế, gọi như thế cho con người dễ hiểu. Mà thật ra chỉ là nơi em được phân công công tác thôi."
CommonEvents,435,メインストーリー16-2,メインストーリー,Story_Main,セラ,\C[4]セラ,"とはいえ私が手を出しすぎると人間たちの自衛する力を
削ぐことになりますから、干渉するのは必要最低限にしていますが。",Dù vậy nếu em can thiệp quá nhiều sẽ làm giảm khả năng tự vệ của con người nên em chỉ can thiệp ở mức tối thiểu thôi.
CommonEvents,435,メインストーリー16-2,メインストーリー,Story_Main,,\N[1],……その割には僕個人に色々してくれてる気が……。,...Nói thế chứ em can thiệp giúp đỡ cá nhân tôi hơi bị nhiều đấy...
CommonEvents,435,メインストーリー16-2,メインストーリー,Story_Main,セラ,\C[4]セラ,"それはいいんです。
あなたには助けが必要ですので。",Chuyện đó thì được. Vì anh cần sự giúp đỡ mà.
CommonEvents,435,メインストーリー16-2,メインストーリー,Story_Main,,\N[1],そ、そうですか……。,R-Ra là vậy sao...
CommonEvents,435,メインストーリー16-2,メインストーリー,Story_Main,,\N[1],"でも、今回の件でセラさんの顔が知られましたし、
他の人にも頼られちゃいそうですね。","Nhưng vụ này làm mặt mũi Sera bị lộ rồi, chắc sau này nhiều người đến nhờ vả lắm đây."
CommonEvents,435,メインストーリー16-2,メインストーリー,Story_Main,セラ,\C[4]セラ,"それについてはご心配なく。認識阻害の魔法で
私を見ても私だと分からないようにしていますから。",Về chuyện đó anh không cần lo. Em dùng ma thuật cản trở nhận thức rồi nên họ có nhìn thấy em cũng không nhận ra đâu.
CommonEvents,435,メインストーリー16-2,メインストーリー,Story_Main,セラ,\C[4]セラ,"私は引き続きあなた専属ナースです。
ご安心ください。",Em vẫn tiếp tục là y tá riêng của anh. Anh cứ an tâm nhé.
CommonEvents,435,メインストーリー16-2,メインストーリー,Story_Main,,\N[1],"じゃあ僕だけがセラさんのことを知ってるんですね。
僕にはその魔法、かけなくていいんですか？",Sera này...
CommonEvents,435,メインストーリー16-2,メインストーリー,Story_Main,セラ,\C[4]セラ,……。,"Vâng, có chuyện gì sao anh?"
CommonEvents,435,メインストーリー16-2,メインストーリー,Story_Main,セラ,\C[4]セラ,……どうしてそんな寂しいことを言うんですか……。,Có phải Sera... đã biết tôi từ rất lâu trước khi tôi đến đây không...?
CommonEvents,435,メインストーリー16-2,メインストーリー,Story_Main,,\N[1],"えっ！？
ご、ごめんなさいそんなつもりじゃ……！",Tại sao anh lại nghĩ như thế?
CommonEvents,435,メインストーリー16-2,メインストーリー,Story_Main,セラ,\C[4]セラ,もう……ばか。,"Lần trước khi em sơ cứu vết thương cho tôi, cách làm của em giống hệt cách tôi tự băng bó cho mình nên tôi thấy lạ lắm."
CommonEvents,435,メインストーリー16-2,メインストーリー,Story_Main,,,その後、セラの機嫌を取るのにはそれなりの時間を要した。,"Tôi hoàn toàn tự học một mình, thế mà ngay cả cách quấn băng gạc cũng giống hệt."
CommonEvents,436,メインストーリー17-1,メインストーリー,Story_Main,セラ,\C[4]セラ,"以前、私があなたの心情を代弁して
煽る治療を行ったのを覚えていますか？",Hơn nữa quan trọng nhất là... Nếu không phải vậy thì tôi không hiểu tại sao lần đầu gặp mặt em đã nói thích tôi rồi.
CommonEvents,436,メインストーリー17-1,メインストーリー,Story_Main,,\N[1],そんなこともあったような……。,...
CommonEvents,436,メインストーリー17-1,メインストーリー,Story_Main,セラ,\C[4]セラ,"あの時それなりに良い反応をしていらしたので、
今度はシンプルな喘ぎ声の演技に挑戦してみようかと。",...Có lẽ giấu giếm anh thêm nữa chỉ làm tổn hại đến niềm tin của anh dành cho em mà thôi.
CommonEvents,436,メインストーリー17-1,メインストーリー,Story_Main,セラ,\C[4]セラ,"あなたのオスとしての本能を嘘の喘ぎ声でおびき出し、
強制的に高ぶらせるのです。",Đúng như anh nghĩ đấy. Từ ngày xưa em đã luôn dõi theo anh rồi.
CommonEvents,436,メインストーリー17-1,メインストーリー,Story_Main,セラ,\C[4]セラ,"というわけで、早速試してみましょう。
お耳をこちらへ。",!
CommonEvents,436,メインストーリー17-1,メインストーリー,Story_Main,,\N[1],は、はい……。,...Chúng ta đổi chỗ một chút được không anh. Ở đây nhìn rõ mặt nhau quá...
CommonEvents,436,メインストーリー17-1,メインストーリー,Story_Main,セラ,\C[4]セラ,"「あっ……♡　あんっ……♡　気持ち、ぃ……んっ♡
おちんちんおっきくて、声、出……あぁんっ……♡」",Sera chuyển địa điểm lên sân thượng của phòng khám.
CommonEvents,436,メインストーリー17-1,メインストーリー,Story_Main,,\N[1],……っ。,...Ở đây nhìn bầu trời rõ thật nhỉ.
CommonEvents,436,メインストーリー17-1,メインストーリー,Story_Main,セラ,\C[4]セラ,"「そこっ、だめっ……♡　ポルチオだめ……っ♡
とんとんされたら墜ちちゃう……っ、うぅぅ……っ♡」",Thiên Sứ sinh ra và lớn lên ở nơi mà con người gọi là Thiên Giới hay Thiên Đường.
CommonEvents,436,メインストーリー17-1,メインストーリー,Story_Main,,\N[1],"（嘘の喘ぎ声だっていうのは分かってるけど、
それはそれで煽られてる感じがして……っ）","Nhưng không giống như tưởng tượng của con người, nơi đó không nằm ở phía bên kia bầu trời đâu."
CommonEvents,436,メインストーリー17-1,メインストーリー,Story_Main,セラ,\C[4]セラ,"……なんちゃって。
本気にしましたか？",Thế giới của em nằm ở một chiều không gian mà con người không thể nhận biết được. Em đã luôn dõi theo anh từ nơi đó.
CommonEvents,436,メインストーリー17-1,メインストーリー,Story_Main,セラ,\C[4]セラ,"ふふ……慣れない女性の喘ぎ声に照れて
黙ってしまいました。",Bởi vì... em đã thích anh rồi.
CommonEvents,436,メインストーリー17-1,メインストーリー,Story_Main,セラ,\C[4]セラ,"今日はいっぱい嘘の喘ぎ声を聞かせてあげますから、
騙されないように気を付けてくださいね？",Cho em xin lỗi anh một chuyện.
CommonEvents,437,メインストーリー17-2,メインストーリー,Story_Main,,,治療の後、そろそろ帰ろうと考えていた時のこと……。,Trước đây em đã nói dối anh.
CommonEvents,437,メインストーリー17-2,メインストーリー,Story_Main,,\N[1],"痛っ……。
あー……いたたた……。",Em bảo rằng vì muốn có được sự tin tưởng từ anh nên mới bộc bạch lòng mình rằng em thích anh.
CommonEvents,437,メインストーリー17-2,メインストーリー,Story_Main,セラ,\C[4]セラ,"どうしましたか？
どこかぶつけましたか？",Nhưng thực ra... chỉ đơn giản là...
CommonEvents,437,メインストーリー17-2,メインストーリー,Story_Main,,\N[1],"いえ、ちょっと古傷が痛みまして……。
発作みたいなものです。",Em chỉ muốn anh biết đến sự tồn tại của một người con gái đang thích anh mà thôi...
CommonEvents,437,メインストーリー17-2,メインストーリー,Story_Main,,\N[1],"当時は結構な大けがだったので、
後遺症がずっと残ってるんですよね。",...
CommonEvents,437,メインストーリー17-2,メインストーリー,Story_Main,セラ,\C[4]セラ,"少し見せてもらってもいいですか？
失礼します。",Tuy nhiên hành vi thế này vốn dĩ không được phép lợi dụng sứ mệnh Thiên Sứ để thực hiện.
CommonEvents,437,メインストーリー17-2,メインストーリー,Story_Main,セラ,\C[4]セラ,"大きな傷跡……。
こんなになるまで頑張ってしまって……。",Vì thế em chỉ có thể xuất hiện trước mặt anh dưới danh nghĩa trị liệu mà thôi.
CommonEvents,437,メインストーリー17-2,メインストーリー,Story_Main,セラ,\C[4]セラ,"……今の未熟な私では治してあげられませんが、
勉強して痛みを和らげる方法を探してみます。",...Nghe những lời này chắc đối với anh chỉ giống như một câu chuyện bịa đặt nhảm nhí thôi nhỉ.
CommonEvents,437,メインストーリー17-2,メインストーリー,Story_Main,セラ,\C[4]セラ,だから、それまでの辛抱です……。,"Không, không đâu... Tôi tin những lời em nói mà."
CommonEvents,437,メインストーリー17-2,メインストーリー,Story_Main,,\N[1],"ありがとうございます。
でも、この傷とも長い付き合いですから。",Cảm ơn anh nhiều nhé.
CommonEvents,437,メインストーリー17-2,メインストーリー,Story_Main,,\N[1],"あの時は本当に死んだと思ったなぁ。
あんなに重い一撃をもらったのは初めてだったので。",...Giá mà em có thể đáp lại niềm tin đó của anh bằng cách chứng minh tất cả thì tốt biết mấy.
CommonEvents,437,メインストーリー17-2,メインストーリー,Story_Main,セラ,\C[4]セラ,"ドラゴンは他と一線を画す生物ですから。
今のあなたなら大丈夫だと思いますが、気を付けてください。",Về bản chất có lẽ em cũng chẳng khác gì mấy cô nàng Monster Girl tìm cách tiếp cận anh.
CommonEvents,437,メインストーリー17-2,メインストーリー,Story_Main,,\N[1],……え？,"Vì nếu nhìn từ góc độ của anh thì em cũng chỉ là ""cô gái kỳ lạ tìm cách tiếp cận bằng trò quyến rũ"" mà thôi."
CommonEvents,437,メインストーリー17-2,メインストーリー,Story_Main,セラ,\C[4]セラ,"？
どうかしましたか？","Sera đã giúp đỡ tôi rất nhiều mà, làm sao giống mấy cô nàng Monster Girl được chứ!"
CommonEvents,437,メインストーリー17-2,メインストーリー,Story_Main,,\N[1],"セラさん、なんでこの傷がドラゴンから受けたって
分かったんですか……？",...Anh lại khéo léo an ủi em rồi. Xin lỗi anh vì em lại nói mấy lời thừa thãi.
CommonEvents,437,メインストーリー17-2,メインストーリー,Story_Main,セラ,\C[4]セラ,……！,Nhưng đó là sự thật. Anh không có cách nào kiểm chứng được lời em nói là đúng hay sai.
CommonEvents,437,メインストーリー17-2,メインストーリー,Story_Main,セラ,\C[4]セラ,そ、それは……傷の形などから察しただけです。,"Lúc đó anh nghi ngờ em là Thiên Sứ Sa Ngã cũng là điều hiển nhiên thôi, vì đâu có cách nào xác nhận được."
CommonEvents,437,メインストーリー17-2,メインストーリー,Story_Main,,\N[1],他の傷とほとんど変わりませんよ……？,...~!
CommonEvents,437,メインストーリー17-2,メインストーリー,Story_Main,セラ,\C[4]セラ,……。,Dù anh có cảm thấy thích em đi nữa thì anh cũng không thể biết được đó là tình cảm chân thật hay chỉ là thứ tình cảm nhân tạo bị thao túng.
CommonEvents,437,メインストーリー17-2,メインストーリー,Story_Main,,\N[1],……あの、前からセラさんに聞きたかったことがあるんです。,Một khi em còn là Thiên Sứ thì câu trả lời cho câu hỏi đó anh sẽ vĩnh viễn không bao giờ có được.
CommonEvents,437,メインストーリー17-2,メインストーリー,Story_Main,セラ,\C[4]セラ,……なんでしょうか。,Bởi vì nếu em cố chứng minh mọi lý do hành động của mình thì em sẽ không thể tiếp tục làm y tá của anh được nữa...
CommonEvents,437,メインストーリー17-2,メインストーリー,Story_Main,,\N[1],"セラさんってもしかして、僕がここに来るよりずっと前から
僕のことを知ってたんじゃないですか……？",...Đây chỉ là trăn trở cá nhân của em thôi nên anh hãy quên đi nhé.
CommonEvents,437,メインストーリー17-2,メインストーリー,Story_Main,セラ,\C[4]セラ,なぜ、そう思うのでしょうか。,"Em chỉ thấy... Anh đã tin tưởng em đến thế này,"
CommonEvents,437,メインストーリー17-2,メインストーリー,Story_Main,,\N[1],"前に傷の手当てをしてもらった時、
僕が自分でやっているやり方と全く同じで変だなって思ったんです。","mà em lại không thể đáp lại bất cứ điều gì, thật sự rất cắn rứt lòng mề..."
CommonEvents,437,メインストーリー17-2,メインストーリー,Story_Main,,\N[1],"僕は完全に我流でやっているのに、
包帯の巻き方まで一緒でした。","Được rồi, những chuyện không liên quan đến trị liệu chúng ta dừng ở đây thôi. Nếu không sẽ vi phạm ""Luật lệ"" mất."
CommonEvents,437,メインストーリー17-2,メインストーリー,Story_Main,,\N[1],"それに、何より……そうでなければ
初対面だった僕に好きと言ってくれた理由が分からない。",Hẹn gặp lại anh lần sau. Tạm biệt anh.
CommonEvents,437,メインストーリー17-2,メインストーリー,Story_Main,セラ,\C[4]セラ,……。,A...
CommonEvents,437,メインストーリー17-2,メインストーリー,Story_Main,セラ,\C[4]セラ,"……もうこれ以上隠し続けても、
あなたからの信頼を無下にするだけかもしれませんね。",(Tôi đã không thể gọi Sera lại)
CommonEvents,437,メインストーリー17-2,メインストーリー,Story_Main,セラ,\C[4]セラ,"その通りです。
私は昔からあなたのことをずっと見ていました。",(Bởi vì lúc đó tôi không thể nghĩ ra lời nào để động viên cô ấy cả)
CommonEvents,437,メインストーリー17-2,メインストーリー,Story_Main,,\N[1],！,"Sera ơi, chất lỏng nhờn nhợt này là gì thế em...?"
CommonEvents,437,メインストーリー17-2,メインストーリー,Story_Main,セラ,\C[4]セラ,"……少し場所を変えてもいいでしょうか。
ここは、お互いの顔がはっきり見えすぎてしまいますから……。",Nhìn mà anh không biết sao? Là gel bôi trơn đấy.
CommonEvents,437,メインストーリー17-2,メインストーリー,Story_Main,,,セラはクリニックの屋上へと場所を移した。,Nói thế chứ lượng này nhiều quá đúng không em? Nguyên một thau đầy khụ luôn kìa.
CommonEvents,437,メインストーリー17-2,メインストーリー,Story_Main,セラ,\C[4]セラ,……ここは空がよく見えますね。,Em định chia nhỏ ra bảo quản sao?
CommonEvents,437,メインストーリー17-2,メインストーリー,Story_Main,セラ,\C[4]セラ,"天使は人間の言う、天界や天国のような場所で
生まれ育ちます。",Không đâu ạ. Tất cả là để dùng cho ngày hôm nay đấy.
CommonEvents,437,メインストーリー17-2,メインストーリー,Story_Main,セラ,\C[4]セラ,"でも、人間たちの空想と違って
あの空の向こう側にある訳ではありません。",Th-Dùng hết chỗ này sao... Chẳng lẽ là bôi trét khắp toàn thân...?
CommonEvents,437,メインストーリー17-2,メインストーリー,Story_Main,セラ,\C[4]セラ,"私たちの世界は人間には知覚できない次元にあります。
私はそこからあなたを見ていたんです。","Vâng, đúng thế đấy ạ. Hôm nay chúng ta sẽ chơi bài trị liệu gel bôi trơn."
CommonEvents,437,メインストーリー17-2,メインストーリー,Story_Main,セラ,\C[4]セラ,あなたのことが、好きだったから。,Chúng ta sẽ bôi trét gel nhờn nhợt khắp người để mô phỏng lại trận chiến với Slime Girl.
CommonEvents,437,メインストーリー17-2,メインストーリー,Story_Main,セラ,\C[4]セラ,"一つ、謝らせてください。
私は以前あなたに嘘をつきました。",Cảm giác cơ thể độc đáo của họ khó mà nếm trải ở đâu khác nên nghe nói có rất nhiều người bị mê hoặc.
CommonEvents,437,メインストーリー17-2,メインストーリー,Story_Main,セラ,\C[4]セラ,あなたからの信頼を得るために好きだと正直に伝えている、と。,Vì vậy em tạo ra bối cảnh tương tự để anh làm quen dần.
CommonEvents,437,メインストーリー17-2,メインストーリー,Story_Main,セラ,\C[4]セラ,本当は、ただ……、,"Nào, cởi áo ra đi anh. Em sẽ bôi gel cho anh."
CommonEvents,437,メインストーリー17-2,メインストーリー,Story_Main,セラ,\C[4]セラ,"あなたのことを好きな私という存在を、
知って欲しかっただけなんです……。",T-Tôi hiểu rồi...
CommonEvents,437,メインストーリー17-2,メインストーリー,Story_Main,,\N[1],……。,Cảm ơn anh. Vậy em lấy gel nhé...
CommonEvents,437,メインストーリー17-2,メインストーリー,Story_Main,セラ,\C[4]セラ,"ですがこのような行為は本来、
天使の使命を利用して行ってはいけないことです。",Thoa gel nhờn nhợt lên ngực anh nè...
CommonEvents,437,メインストーリー17-2,メインストーリー,Story_Main,セラ,\C[4]セラ,"だから私は、治療という名目でしか
あなたと会えない存在なんです。",Ư...!
CommonEvents,437,メインストーリー17-2,メインストーリー,Story_Main,セラ,\C[4]セラ,"……なんて、どれもあなたからすれば
荒唐無稽な作り話にしか聞こえないかもしれませんが。",Thoa rộng ra nữa nè. Bên hông cũng bôi trét luôn...
CommonEvents,437,メインストーリー17-2,メインストーリー,Story_Main,,\N[1],"いや、そんな……。
僕は信じますよ、その話。",U oa...!
CommonEvents,437,メインストーリー17-2,メインストーリー,Story_Main,セラ,\C[4]セラ,ありがとうございます。,Bôi gel trơn trượt lên con cu luôn nà...♡
CommonEvents,437,メインストーリー17-2,メインストーリー,Story_Main,セラ,\C[4]セラ,"……あなたのその信頼に応えて、
全てを証明できればどれほど良かったか。","Ức, ah...!"
CommonEvents,437,メインストーリー17-2,メインストーリー,Story_Main,セラ,\C[4]セラ,"私は本質的には、あなたに近づいてくる
モンスター娘たちと変わらないのかもしれません。",Xoa xoa mút mút quanh rãnh quy đầu nà...♡
CommonEvents,437,メインストーリー17-2,メインストーリー,Story_Main,セラ,\C[4]セラ,"あなたの視点から得られる情報だけでは、
「色仕掛けで近づいてくる怪しい女」でしかありませんから。","Khoan đã, bàn tay em dâm mát quá... Ư...!"
CommonEvents,437,メインストーリー17-2,メインストーリー,Story_Main,,\N[1],"セラさんは僕を助けてくれてるじゃないですか、
モンスター娘たちと同じなんてありえないですよ！","Đó, con cu bóng bẩy trơn mịn đã xong rồi nhé. Thế này thì trị liệu sẽ hiệu quả lắm đây."
CommonEvents,437,メインストーリー17-2,メインストーリー,Story_Main,セラ,\C[4]セラ,"……気を遣わせてしまいましたね。
すみません、余計なことまで言ってしまいました。","Mức độ hưng phấn của anh cũng đủ rồi, chúng ta bắt đầu thôi nào...♡"
CommonEvents,437,メインストーリー17-2,メインストーリー,Story_Main,セラ,\C[4]セラ,"でもこれはただの事実なんです。
あなたに私の話が本当か確認する術はありませんので。",Lâu lắm rồi mới đi biển nhỉ... Chắc từ hồi làm bảo vệ trên tàu du lịch. Khách du lịch đông ghê.
CommonEvents,437,メインストーリー17-2,メインストーリー,Story_Main,セラ,\C[4]セラ,"あの時あなたが私を堕天使なのではないかと
疑ってしまったのも当然ですよね、確かめようがないのですから。",Nếu không được Sera rủ chắc mình chẳng bao giờ đi chơi biển thế này đâu.
CommonEvents,437,メインストーリー17-2,メインストーリー,Story_Main,,\N[1],……っ。,Em có đề xuất này... Buổi trị liệu tới chúng ta đi biển nhé?
CommonEvents,437,メインストーリー17-2,メインストーリー,Story_Main,セラ,\C[4]セラ,"あなたがもし私のことを好きだと思ったとしても、
それが作られた偽物の好意なのかどうか、あなたには分からない。",Ở biển cũng có Monster Girl sinh sống mà. Chỉ cần làm quen với bối cảnh thôi cũng có hiệu quả rồi.
CommonEvents,437,メインストーリー17-2,メインストーリー,Story_Main,セラ,\C[4]セラ,"私が天使である限り、
その問いの答えは永遠に手に入りません。",Dù nói là trị liệu nhưng không biết cô ấy định làm gì nhỉ.
CommonEvents,437,メインストーリー17-2,メインストーリー,Story_Main,セラ,\C[4]セラ,"私の行動理由の全てを証明しようとすれば、私は
あなたのナースでいられなくなってしまうかもしれませんから。",(Có khi nào cô ấy mặc bộ đồ bơi cực kỳ quyến rũ dâm mát không...! Ực...)
CommonEvents,437,メインストーリー17-2,メインストーリー,Story_Main,セラ,\C[4]セラ,"……これは私の個人的な悩みでしかありませんので、
忘れてください。",Để anh chờ lâu rồi.
CommonEvents,437,メインストーリー17-2,メインストーリー,Story_Main,セラ,\C[4]セラ,"私はただ、あなたがこんなにも
信じてくれているのに、",Ối...
CommonEvents,437,メインストーリー17-2,メインストーリー,Story_Main,セラ,\C[4]セラ,何も返せないのが、歯がゆいだけですから……。,Phản ứng kỳ lạ gì thế anh.
CommonEvents,437,メインストーリー17-2,メインストーリー,Story_Main,セラ,\C[4]セラ,"さて、治療に関係のない交流はここまでにしましょう。
「掟」に抵触しかねませんから。","Không, xin lỗi em. Tại em mặc đồ bơi nghiêm túc quá nên tôi hơi bất ngờ."
CommonEvents,437,メインストーリー17-2,メインストーリー,Story_Main,セラ,\C[4]セラ,"また次回お会いしましょう。
さようなら。","Nhưng mà, mặc thế này trông cũng rất tuyệt vời...!"
CommonEvents,437,メインストーリー17-2,メインストーリー,Story_Main,,\N[1],あ……。,Nghe hơi có chút lấn cấn nhưng thôi kệ vậy.
CommonEvents,437,メインストーリー17-2,メインストーリー,Story_Main,,\N[1],（僕は、セラさんを呼び止めることができなかった）,Em muốn xuống biển ngay nhưng đi đường dài đến đây bụng đói cồn cào rồi.
CommonEvents,437,メインストーリー17-2,メインストーリー,Story_Main,,\N[1],"（今の僕には、彼女を励ますことのできる言葉が
思いつけなかったから）","Có quầy bán đồ ăn đằng kia kìa, chúng ta ra xem thử đi."
CommonEvents,438,メインストーリー18-1,メインストーリー,Story_Main,,\N[1],セラさん、そのぬるぬるの液体はなんですか……？,Xin kính chào quý khách---!
CommonEvents,438,メインストーリー18-1,メインストーリー,Story_Main,セラ,\C[4]セラ,"見て分かりませんか？
ローションです。",...
CommonEvents,438,メインストーリー18-1,メインストーリー,Story_Main,,\N[1],"それにしては量が多いですよね？
桶いっぱいに入ってますけど。","U oa, cô em Thiên Sứ kìa. Cả anh trai nữa. Hai người theo chân tôi đến tận đây sao?"
CommonEvents,438,メインストーリー18-1,メインストーリー,Story_Main,,\N[1],これを小分けにして保存するとか？,Đó là câu tôi phải hỏi mới đúng. Sao cô lại ở đây?
CommonEvents,438,メインストーリー18-1,メインストーリー,Story_Main,セラ,\C[4]セラ,"いいえ？
全て今日使う用です。",Thì đương nhiên là buôn bán kiếm tiền rồi!
CommonEvents,438,メインストーリー18-1,メインストーリー,Story_Main,,\N[1],"こ、これを全部……。
まさか全身に塗りたくる、とか……？",Tranh thủ không khí nghỉ mát ví tiền mọi người nới lỏng để bào tiền thật đã đời chứ♡
CommonEvents,438,メインストーリー18-1,メインストーリー,Story_Main,セラ,\C[4]セラ,"はい、そうですよ。
本日はローションプレイを行います。",Vẫn chứng nào tật nấy nhỉ. Nếu cô bán đắt chặt chém thì tôi đi mua chỗ khác đấy.
CommonEvents,438,メインストーリー18-1,メインストーリー,Story_Main,セラ,\C[4]セラ,"お互いに全身をぬるぬるにして、
スライム娘との戦闘を疑似的に再現するんです。",Làm gì có chuyện đó chứ! Quán ăn bờ biển của Succubus bán giá cực kỳ hợp lý luôn!
CommonEvents,438,メインストーリー18-1,メインストーリー,Story_Main,セラ,\C[4]セラ,"彼女たちの独特の身体の感触は中々他で味わえませんから、
魅了されてしまう者も多いと効きます。",Dù dùng nguyên liệu rẻ tiền nhưng tự tay tôi rèn luyện tay nghề nấu nướng để nâng cao chất lượng miễn phí đấy nhé!
CommonEvents,438,メインストーリー18-1,メインストーリー,Story_Main,セラ,\C[4]セラ,"ですから、少しでも同じ状況を作り出して
あなたに慣れてもらいます。",...Chấp niệm kinh doanh của cô từ đâu ra thế không biết...
CommonEvents,438,メインストーリー18-1,メインストーリー,Story_Main,セラ,\C[4]セラ,"さ、服を脱いでください。
ローションをお塗りします。",Nói suông thì không tin được. Có khi cô dùng hàng kém chất lượng phá giá thị trường không chừng.
CommonEvents,438,メインストーリー18-1,メインストーリー,Story_Main,,\N[1],わ、分かりました……。,Để chính tay tôi nếm thử xem sao. Cho tôi một suất... mì xào này đi.
CommonEvents,438,メインストーリー18-1,メインストーリー,Story_Main,セラ,\C[4]セラ,"ありがとうございます。
それでは、ローションを手に取り……、",Có đơn hàng rồi nhé~! Có ngay đây!
CommonEvents,438,メインストーリー18-1,メインストーリー,Story_Main,セラ,\C[4]セラ,あなたの胸板に、ぬるぬる～……。,Ư ồ ồ ồ! Mì xào thì hỏa lực là chân lý!!
CommonEvents,438,メインストーリー18-1,メインストーリー,Story_Main,,\N[1],うっ……！,(Nhìn cô ấy làm việc tự nhiên thấy lo không biết cô ấy có nhớ mình là Succubus không nữa...)
CommonEvents,438,メインストーリー18-1,メインストーリー,Story_Main,セラ,\C[4]セラ,"塗り広げていきます。
脇腹の方も、ぬりぬり……。",Để quý khách chờ lâu rồi~! Mì xào nóng hổi đây!
CommonEvents,438,メインストーリー18-1,メインストーリー,Story_Main,,\N[1],うぁ……っ！,Hừm... Vẻ ngoài trông không tồi. Nhưng quan trọng là hương vị.
CommonEvents,438,メインストーリー18-1,メインストーリー,Story_Main,セラ,\C[4]セラ,おちんちんにも……にゅるにゅるにゅる～……♡,Xoạt... Nhồm nhộm... Khử... ah!?
CommonEvents,438,メインストーリー18-1,メインストーリー,Story_Main,,\N[1],くっ、あ……っ！,"Nước sốt cháy xèo xèo thơm nức mũi, càng ăn lại càng thèm ăn thêm...!"
CommonEvents,438,メインストーリー18-1,メインストーリー,Story_Main,セラ,\C[4]セラ,段差のところにぬりぬり、ちゅこちゅこ……♡,Rau củ nhìn tưởng mềm nhũn nhưng ăn vào lại giòn sần sật tạo điểm nhấn cho sợi mì...!
CommonEvents,438,メインストーリー18-1,メインストーリー,Story_Main,,\N[1],ちょっ、手つきがいやらし……うぅ……っ！,"Tức thật chứ, ngon tuyệt vời luôn...!"
CommonEvents,438,メインストーリー18-1,メインストーリー,Story_Main,セラ,\C[4]セラ,"はい、ぬるぬるてかてかのおちんちんの出来上がりです。
これで問題なく治療ができることでしょう。",Sera lén luyện tập làm chuyên gia ẩm thực từ bao giờ thế?
CommonEvents,438,メインストーリー18-1,メインストーリー,Story_Main,セラ,\C[4]セラ,"あなたの興奮度合いも十分なようですし、
早速始めていきましょうか……♡","A ha ha ha! Cô em Thiên Sứ bị tôi chinh phục rồi nhé, tuyệt đỉnh luôn♡"
CommonEvents,439,メインストーリー18-2,メインストーリー,Story_Main,,\N[1],"海なんて久々に来たな……船の上で用心棒をやった時以来かな。
結構観光客がいるもんだ。","Này này, món mực nướng bên này cũng ngon lắm đó~? Vẫn còn đói đúng không nà~?"
CommonEvents,439,メインストーリー18-2,メインストーリー,Story_Main,,\N[1],"セラさんに誘われなかったら
海で遊ぶことなんて無かっただろうなぁ。",Đ-Đồ ác quỷ này...!
CommonEvents,439,メインストーリー18-2,メインストーリー,Story_Main,セラ,\C[4]セラ,"少し提案があるのですが……、
次回の治療では海に行きませんか？",Là ác quỷ đây nà♡ Đã thế lại còn đáng yêu nữa chứ♡
CommonEvents,439,メインストーリー18-2,メインストーリー,Story_Main,セラ,\C[4]セラ,"海にだってモンスター娘は生息していますから。
ロケーションに慣れるだけでも効果があるはずです。",(Hai người này tính ra lại thân nhau phết nhỉ...?)
CommonEvents,439,メインストーリー18-2,メインストーリー,Story_Main,,\N[1],一応治療って名目だけど、何するんだろう。,Sau đó Sera bị Succubus ngon ngọt dụ dỗ cho thưởng thức trọn vẹn các món ăn ở quán bờ biển.
CommonEvents,439,メインストーリー18-2,メインストーリー,Story_Main,,\N[1],"（もしかしたら、すごく際どくてHな水着を
着てくるかもしれない……！　ごくっ……）",Ăn no căng bụng rồi... Ngon thật đấy.
CommonEvents,439,メインストーリー18-2,メインストーリー,Story_Main,セラの声,\C[4]セラの声,お待たせしました。,"Vâng, quả thực rất ngon."
CommonEvents,439,メインストーリー18-2,メインストーリー,Story_Main,,\N[1],おっと……。,"Được rồi, bụng no rồi chúng ta xuống biển thôi nào."
CommonEvents,439,メインストーリー18-2,メインストーリー,Story_Main,セラ,\C[4]セラ,なんですかその妙な反応は。,Vâng!
CommonEvents,439,メインストーリー18-2,メインストーリー,Story_Main,,\N[1],"いえ、すみません。
ガチな水着だったので、つい。",Tắm biển xong hai người cùng nhau nghỉ ngơi trên bãi cát.
CommonEvents,439,メインストーリー18-2,メインストーリー,Story_Main,,\N[1],いや、でも、これはこれで素敵です……！,Biển xanh mây trắng thích thật đấy.
CommonEvents,439,メインストーリー18-2,メインストーリー,Story_Main,セラ,\C[4]セラ,少し引っかかりますが、まぁいいでしょう。,"Vâng, thỉnh thoảng đổi gió thế này cũng tốt."
CommonEvents,439,メインストーリー18-2,メインストーリー,Story_Main,セラ,\C[4]セラ,"早速海に入りたいところですが、
ここに着くまで長かったのでお腹がすきましたね。",Sera này... Lúc nãy em bảo tắm biển cũng là trị liệu đúng không?
CommonEvents,439,メインストーリー18-2,メインストーリー,Story_Main,セラ,\C[4]セラ,売店があるようなので行ってみましょう。,Vâng. Ở biển có các Monster Girl hệ Nước sinh sống.
CommonEvents,439,メインストーリー18-2,メインストーリー,Story_Main,サキュバス,\C[5]サキュバス,いらっしゃいませーっ！,Tiếp xúc với môi trường nước biển giúp anh tăng khả năng thích ứng.
CommonEvents,439,メインストーリー18-2,メインストーリー,Story_Main,セラ,\C[4]セラ,……。,Ra là vậy... Cảm ơn em nhé Sera.
CommonEvents,439,メインストーリー18-2,メインストーリー,Story_Main,サキュバス,\C[5]サキュバス,"うわっ、天使ちゃんじゃん。あとお兄さんも。
こんなところまで私のこと追ってきたの？",Không có gì. Đó là nhiệm vụ của em mà.
CommonEvents,439,メインストーリー18-2,メインストーリー,Story_Main,セラ,\C[4]セラ,"それはこちらのセリフです。
なぜあなたがここにいるんですか。",Nhưng mà... Hôm nay tôi vui lắm.
CommonEvents,439,メインストーリー18-2,メインストーリー,Story_Main,サキュバス,\C[5]サキュバス,そりゃ商売のために決まってるでしょ。,Được đi chơi biển cùng Sera thế này.
CommonEvents,439,メインストーリー18-2,メインストーリー,Story_Main,サキュバス,\C[5]サキュバス,"バカンス気分で紐の緩んだ財布から
がっぽり搾り取っちゃおうと思って♡",...
CommonEvents,439,メインストーリー18-2,メインストーリー,Story_Main,,\N[1],"相変わらずですね。
ぼったくりだったら他で買いますよ。",Em cũng... Rất vui.
CommonEvents,439,メインストーリー18-2,メインストーリー,Story_Main,サキュバス,\C[5]サキュバス,"そんなことするわけないじゃん！
サキュバスちゃんの海の家は適正価格！",Được ở bên anh thế này...
CommonEvents,439,メインストーリー18-2,メインストーリー,Story_Main,サキュバス,\C[5]サキュバス,"その分安い食材しか使ってないけど、
私自身が料理の腕を磨くことでタダで品質向上してるよ！",Hai người nhìn nhau mỉm cười dưới ánh nắng biển ngập tràn.
CommonEvents,439,メインストーリー18-2,メインストーリー,Story_Main,,\N[1],……一体どこからその執念が湧いてくるんですか……。,Trị liệu tắm biển kết thúc!
CommonEvents,439,メインストーリー18-2,メインストーリー,Story_Main,セラ,\C[4]セラ,"口だけでは信用できませんね。
質の悪い商品で市場価格を破壊している可能性もあります。",Đã nhận được Trang bị \c[1]Đồ Bơi Kỷ Niệm\c[0]!
CommonEvents,439,メインストーリー18-2,メインストーリー,Story_Main,セラ,\C[4]セラ,"私が直々に試してあげましょう。
この……焼きそば？　というのを一つお願いします。",Dạo này anh vất vả rồi.
CommonEvents,439,メインストーリー18-2,メインストーリー,Story_Main,サキュバス,\C[5]サキュバス,"注文入りましたー！
はい喜んでー！",Vâng! Nhờ có sự giúp đỡ của Sera cả đấy!
CommonEvents,439,メインストーリー18-2,メインストーリー,Story_Main,サキュバス,\C[5]サキュバス,"うおぉぉぉぉ！
焼きそばは火力が命！！",Anh tiến bộ nhiều lắm. Em rất tự hào về anh.
CommonEvents,439,メインストーリー18-2,メインストーリー,Story_Main,,\N[1],"（自分がサキュバスだってこと、
ちゃんと覚えてるのか不安になるな……）",Nhưng đừng chủ quan nhé.
CommonEvents,439,メインストーリー18-2,メインストーリー,Story_Main,サキュバス,\C[5]サキュバス,"お待たせいたしましたー！
焼きそば一丁！",Chặng đường phía trước vẫn còn nhiều thử thách đấy.
CommonEvents,439,メインストーリー18-2,メインストーリー,Story_Main,セラ,\C[4]セラ,"ふむ……見た目は悪くないですね。
ですが問題は味です。",Vâng! Tôi sẽ tiếp tục cố gắng!
CommonEvents,439,メインストーリー18-2,メインストーリー,Story_Main,セラ,\C[4]セラ,"ずるる……。
んっ！？",Tốt lắm. Vậy chúng ta chuẩn bị cho bài trị liệu tiếp theo nhé.
CommonEvents,439,メインストーリー18-2,メインストーリー,Story_Main,セラ,\C[4]セラ,"程よく焦がされたソースが香ばしくて、
食べれば食べるほど食欲をそそられる……っ！",Hôm nay em sẽ thử thách khả năng kiềm chế của anh trước sự quyến rũ dâm mát hơn nữa.
CommonEvents,439,メインストーリー18-2,メインストーリー,Story_Main,セラ,\C[4]セラ,"一見くたくたで主張の少なそうな野菜も
食感のアクセントになって麺をサポートしています……っ！",Anh đã sẵn sàng chưa?
CommonEvents,439,メインストーリー18-2,メインストーリー,Story_Main,セラ,\C[4]セラ,悔しいですが、美味しいです……っ！,Vâng!
CommonEvents,439,メインストーリー18-2,メインストーリー,Story_Main,,\N[1],セラさん隠れて食レポの練習してました？,Vậy chúng ta bắt đầu thôi nào...♡
CommonEvents,439,メインストーリー18-2,メインストーリー,Story_Main,サキュバス,\C[5]サキュバス,"あっははははっ♡
あの天使ちゃんが私に屈服してるなんて、最っ高♡",Chụtttt... chẹp chẹp...♡
CommonEvents,439,メインストーリー18-2,メインストーリー,Story_Main,サキュバス,\C[5]サキュバス,"ほらほら、こっちのイカ焼きも美味しいよ～？
まだお腹すいてるでしょ～？","Ưm... ah♡
Sướng lắm đúng không?♡"
CommonEvents,439,メインストーリー18-2,メインストーリー,Story_Main,セラ,\C[4]セラ,こ、この悪魔め……っ！,Hãy để em mút mát con cu của anh thật nhiều nhé...♡
CommonEvents,439,メインストーリー18-2,メインストーリー,Story_Main,サキュバス,\C[5]サキュバス,"悪魔でーす♡
しかも可愛い♡",Bắn tinh dịch vào miệng em đi nào...♡
CommonEvents,439,メインストーリー18-2,メインストーリー,Story_Main,,\N[1],（この二人、もう逆に仲良しなのでは……？）,Ngoan lắm... em đã nuốt hết rồi.
CommonEvents,439,メインストーリー18-2,メインストーリー,Story_Main,,,"その後もサキュバスの口車に乗せられて
セラさんは海の家を堪能させられた。",Buổi trị liệu hôm nay kết thúc tại đây nhé!
CommonEvents,439,メインストーリー18-2,メインストーリー,Story_Main,,,僕も焼きそばを食べたが……美味しかった。,Đồ bơi kỷ niệm...
CommonEvents,439,メインストーリー18-2,メインストーリー,Story_Main,セラ,\C[4]セラ,"くっ……サキュバスに満腹にさせられるなど
屈辱です……！","Vâng, em mặc bộ đồ bơi này trị liệu cho anh nhé."
CommonEvents,439,メインストーリー18-2,メインストーリー,Story_Main,,\N[1],"まぁまぁ……。
美味しくて良かったじゃないですか。",Bộ đồ bơi này ôm sát đường cong cơ thể em.
CommonEvents,439,メインストーリー18-2,メインストーリー,Story_Main,セラ,\C[4]セラ,"それが問題なんです……！　……こほん。
いけません、本来の目的を忘れそうになっていました。","Dù ở bờ biển anh kiềm chế giỏi rồi, nhưng trong phòng kín thế này thì sao nhỉ?"
CommonEvents,439,メインストーリー18-2,メインストーリー,Story_Main,セラ,\C[4]セラ,"サキュバスのことは置いておいて、
あなたの治療を行いましょう。","Nào, mau lại đây với em nào..."
CommonEvents,439,メインストーリー18-2,メインストーリー,Story_Main,セラ,\C[4]セラ,"まずは、海だからといって浮かれてしまわないように
私とたくさん遊んで慣れていきましょう。",Chụtttt... chẹp chẹp...♡
CommonEvents,439,メインストーリー18-2,メインストーリー,Story_Main,セラ,\C[4]セラ,"気が緩んでいては色仕掛けへの警戒心も
薄くなってしまいますから。","Ưm... ah♡
Sướng lắm đúng không?♡"
CommonEvents,439,メインストーリー18-2,メインストーリー,Story_Main,セラ,\C[4]セラ,というわけで、えい。,Hãy để em dùng cơ thể ngực trơn mịn cưng nựng con cu của anh nhé...♡
CommonEvents,439,メインストーリー18-2,メインストーリー,Story_Main,,\N[1],"うわーっ！
不意打ちやめてください！",Bắn tinh dịch ra đi nào... ngoan lắm.
CommonEvents,439,メインストーリー18-2,メインストーリー,Story_Main,,\N[1],やりましたねー……仕返しです！,"Ưm... nuốt ực...♡
Cảm ơn anh vì buổi trị liệu tuyệt vời nhé...♡"
CommonEvents,439,メインストーリー18-2,メインストーリー,Story_Main,セラ,\C[4]セラ,冷たい……っ。,Sera ơi... Chuyện lúc nãy...
CommonEvents,439,メインストーリー18-2,メインストーリー,Story_Main,セラ,\C[4]セラ,"こらっ。
私がかけた水より多いじゃないですかっ。","Vâng, có chuyện gì sao anh?"
CommonEvents,439,メインストーリー18-2,メインストーリー,Story_Main,,\N[1],セラさんこそ！,Thì là... Những lời Succubus nói lúc nãy...
CommonEvents,439,メインストーリー18-2,メインストーリー,Story_Main,セラ,\C[4]セラ,"きゃっ。
……ふふ。",...
CommonEvents,439,メインストーリー18-2,メインストーリー,Story_Main,セラ,\C[4]セラ,冷たくて、気持ちいいです。,Em không cần bận tâm đâu!
CommonEvents,439,メインストーリー18-2,メインストーリー,Story_Main,,\N[1],"そうですね。
ちょうど暑くて良かったです。",Cô ấy chỉ nói đùa thôi mà.
CommonEvents,439,メインストーリー18-2,メインストーリー,Story_Main,セラ,\C[4]セラ,もう少し深いところまで行きませんか？,"Sera không phải người như thế, tôi biết rõ mà."
CommonEvents,439,メインストーリー18-2,メインストーリー,Story_Main,,\N[1],いいですよ、行きましょう。,...Anh tin tưởng em đến thế sao?
CommonEvents,439,メインストーリー18-2,メインストーリー,Story_Main,セラ,\C[4]セラ,"はい。それと、後で貝殻を拾ったり、
一緒に並んで砂浜に座って水平線を眺めたりしたいです。",Tất nhiên rồi!
CommonEvents,439,メインストーリー18-2,メインストーリー,Story_Main,,\N[1],やりたいこといっぱいありますね。,Bởi vì Sera lúc nào cũng vì tôi mà tận tụy trị liệu mà.
CommonEvents,439,メインストーリー18-2,メインストーリー,Story_Main,セラ,\C[4]セラ,"はい。
何せ、初めてあなたと一緒に来た場所ですから。",Một người tuyệt vời như Sera làm sao có thể làm trò xấu được chứ.
CommonEvents,439,メインストーリー18-2,メインストーリー,Story_Main,セラ,\C[4]セラ,色んなこと、してみたいです。,...
CommonEvents,439,メインストーリー18-2,メインストーリー,Story_Main,,,二人は気の済むまで海で遊んだ。,Cảm ơn anh nhé.
CommonEvents,439,メインストーリー18-2,メインストーリー,Story_Main,,\N[1],なんだかあっという間に日が傾いた気がします。,Nghe anh nói thế em thấy an tâm hơn nhiều rồi.
CommonEvents,439,メインストーリー18-2,メインストーリー,Story_Main,セラ,\C[4]セラ,"私もそう感じています。
もう少し青い海を見ていたかったです。",Từ giờ em sẽ tiếp tục cố gắng vì anh.
CommonEvents,439,メインストーリー18-2,メインストーリー,Story_Main,セラ,\C[4]セラ,"ですが、夕陽を二人で眺めるのも
良いものですね。",Vâng! Tôi trông chờ vào em đấy!
CommonEvents,439,メインストーリー18-2,メインストーリー,Story_Main,,\N[1],"また次の夏も一緒に来ましょうよ。
そうしたら青い海も、夕陽も、また見れます。",Sera nhìn ra phía biển xa xăm.
CommonEvents,439,メインストーリー18-2,メインストーリー,Story_Main,セラ,\C[4]セラ,……。,Biển đẹp thật đấy... Giá mà thời gian này kéo dài mãi thì tốt biết mấy.
CommonEvents,439,メインストーリー18-2,メインストーリー,Story_Main,セラ,\C[4]セラ,"そう、ですね……。
一緒に行ければいいのですが……。",Sera này... Lần sau chúng ta lại cùng đi biển nữa nhé?
CommonEvents,439,メインストーリー18-2,メインストーリー,Story_Main,,\N[1],"セラさん……？
どうしま――。",...Lời hứa đó... Em không thể hứa với anh được.
CommonEvents,439,メインストーリー18-2,メインストーリー,Story_Main,,,"\N[1]はセラに問いかけそうになったが、
すぐに口をつぐんだ。","Main định hỏi Sera, nhưng nhanh chóng ngậm miệng lại."
CommonEvents,439,メインストーリー18-2,メインストーリー,Story_Main,,\N[1],（また何かあるんだろうな。僕に話せない事情が）,(Chắc lại có chuyện gì đó rồi. Nỗi niềm khó nói mà cô ấy không thể chia sẻ với mình)
CommonEvents,439,メインストーリー18-2,メインストーリー,Story_Main,,\N[1],……。,...
CommonEvents,439,メインストーリー18-2,メインストーリー,Story_Main,セラ,\C[4]セラ,……。,...
CommonEvents,439,メインストーリー18-2,メインストーリー,Story_Main,,\N[1],セラさん。,Sera ơi.
CommonEvents,439,メインストーリー18-2,メインストーリー,Story_Main,セラ,\C[4]セラ,はい。,Vâng.
CommonEvents,439,メインストーリー18-2,メインストーリー,Story_Main,,\N[1],僕は……、,Tôi...
CommonEvents,439,メインストーリー18-2,メインストーリー,Story_Main,,\N[1],僕は、何があってもセラさんとまた海に来ます！,"Dù có chuyện gì xảy ra đi nữa, tôi nhất định sẽ lại cùng Sera đến bãi biển này!"
CommonEvents,439,メインストーリー18-2,メインストーリー,Story_Main,セラ,\C[4]セラ,えっ？,Hả?
CommonEvents,439,メインストーリー18-2,メインストーリー,Story_Main,,\N[1],"絶対です。
そのために僕は何でもします。",Chắc chắn đấy. Vì mục tiêu đó tôi sẵn sàng làm bất cứ điều gì.
CommonEvents,439,メインストーリー18-2,メインストーリー,Story_Main,,\N[1],"だから約束はしなくても良いです。
僕が勝手に連れていきますから。",Thế nên em không cần hứa đâu. Tôi sẽ tự tiện dắt em đi!
CommonEvents,439,メインストーリー18-2,メインストーリー,Story_Main,セラ,\C[4]セラ,"……。
そうですか。",...Ra là vậy sao.
CommonEvents,439,メインストーリー18-2,メインストーリー,Story_Main,セラ,\C[4]セラ,では、約束はしません。,Vậy thì em sẽ không hứa.
CommonEvents,439,メインストーリー18-2,メインストーリー,Story_Main,セラ,\C[4]セラ,"でも……私は、また一緒にここへ来たいと思っています。
それだけはお伝えしておきます。",Nhưng... Em muốn cho anh biết rằng em thực sự rất muốn cùng anh quay lại nơi này một lần nữa.
CommonEvents,439,メインストーリー18-2,メインストーリー,Story_Main,セラ,\C[4]セラ,"少し、抱きしめていいでしょうか。
……いえ、あなたに倣って勝手に抱きしめます。","Em ôm anh một chút được không... À không, em học theo anh, em cứ tự tiện ôm anh luôn."
CommonEvents,439,メインストーリー18-2,メインストーリー,Story_Main,セラ,\C[4]セラ,ぎゅー……。,Ôm chặt nào...
CommonEvents,439,メインストーリー18-2,メインストーリー,Story_Main,セラ,\C[4]セラ,名残惜しくて抱きしめた訳ではありません……。,Em ôm anh không phải vì tiếc nuối đâu nhé...
CommonEvents,439,メインストーリー18-2,メインストーリー,Story_Main,セラ,\C[4]セラ,"また行きたいという気持ちを後で思い出せるように
抱きしめただけです。",Em chỉ ôm để sau này nhớ lại cảm giác muốn quay lại nơi này lần nữa mà thôi.
CommonEvents,439,メインストーリー18-2,メインストーリー,Story_Main,セラ,\C[4]セラ,"……おや？
下腹部に何か硬いものが当たっていますね。",...Ủa? Phần bụng dưới của em có cái gì cứng cứng chạm vào nè.
CommonEvents,439,メインストーリー18-2,メインストーリー,Story_Main,,\N[1],"……すいません。
密着したら、つい……。",...Xin lỗi em. Ôm sát quá nên anh lỡ...
CommonEvents,439,メインストーリー18-2,メインストーリー,Story_Main,セラ,\C[4]セラ,"くす……良いんですよ。
今はあくまで治療の最中ですから。",Hì hì... Không sao đâu mà. Dù sao hiện tại vẫn đang trong quá trình trị liệu mà.
CommonEvents,439,メインストーリー18-2,メインストーリー,Story_Main,セラ,\C[4]セラ,そうですね……あそこの岩の陰へ移動しましょうか。,Được rồi... Chúng ta chuyển sang đằng sau tảng đá đằng kia nhé.
CommonEvents,439,メインストーリー18-2,メインストーリー,Story_Main,セラ,\C[4]セラ,"本日の治療も仕上げの時間ですね。
ここでシてしまいましょう。",Bài trị liệu hôm nay cũng đến lúc kết thúc rồi. Chúng ta làm ngay tại đây nhé.
CommonEvents,439,メインストーリー18-2,メインストーリー,Story_Main,セラ,\C[4]セラ,"今日のことを忘れられないよう、
念入りに施術させていただきます……♡","Để anh không thể quên được ngày hôm nay, em sẽ chăm sóc anh thật tỉ mỉ...♡"
CommonEvents,440,メインストーリー19-1,メインストーリー,Story_Main,セラ,\C[4]セラ,"本日の治療も仕上げの時間ですね。
ここでシてしまいましょう。",Bài trị liệu hôm nay cũng đến lúc kết thúc rồi. Chúng ta làm ngay tại đây nhé.
CommonEvents,440,メインストーリー19-1,メインストーリー,Story_Main,セラ,\C[4]セラ,"今日のことを忘れられないよう、
念入りに施術させていただきます……♡","Để anh không thể quên được ngày hôm nay, em sẽ chăm sóc anh thật tỉ mỉ...♡"
CommonEvents,441,メインストーリー19-2,メインストーリー,Story_Main,,,"治療の後、そのまま砂浜で休んでいると
やがて日が落ちた。","Sau khi trị liệu xong, hai người nằm nghỉ ngơi trên bãi cát cho đến khi hoàng hôn buông xuống."
CommonEvents,441,メインストーリー19-2,メインストーリー,Story_Main,セラ,\C[4]セラ,夜の海はまた違った表情を見せてくれますね。,Biển đêm mang một vẻ đẹp hoàn toàn khác biệt nhỉ.
CommonEvents,441,メインストーリー19-2,メインストーリー,Story_Main,,\N[1],"そうですね。
夜空もよく見えます。",Đúng thế. Bầu trời đêm nhìn rõ tuyệt vời.
CommonEvents,441,メインストーリー19-2,メインストーリー,Story_Main,,\N[1],……この間も夜空の下で話しましたね。,...Lần trước chúng ta cũng nói chuyện dưới bầu trời đêm nhỉ.
CommonEvents,441,メインストーリー19-2,メインストーリー,Story_Main,セラ,\C[4]セラ,あぁ、あの時のことですか。,"À, lần đó sao."
CommonEvents,441,メインストーリー19-2,メインストーリー,Story_Main,セラ,\C[4]セラ,"今思い返すと、あの日は余計なことを
喋りすぎてしまいましたね。","Bây giờ nhớ lại, hôm đó em đã nói quá nhiều lời thừa thãi."
CommonEvents,441,メインストーリー19-2,メインストーリー,Story_Main,セラ,\C[4]セラ,"あなたの優しさに甘えて私の個人的な感情を
吐露してしまったと反省しています。",Em tự kiểm điểm bản thân vì đã ỷ vào sự dịu dàng của anh mà bộc bạch cảm xúc cá nhân.
CommonEvents,441,メインストーリー19-2,メインストーリー,Story_Main,,\N[1],いや、むしろ色々伝えてくれて嬉しかったです。,"Không đâu, ngược lại tôi thấy rất vui vì em chia sẻ nhiều điều với tôi."
CommonEvents,441,メインストーリー19-2,メインストーリー,Story_Main,,\N[1],"……僕、あの日セラさんから言われた言葉を
ずっと否定したかったんです。","...Thật ra những lời Sera nói hôm đó, tôi lúc nào cũng muốn phủ nhận."
CommonEvents,441,メインストーリー19-2,メインストーリー,Story_Main,セラ,\C[4]セラ,"それは、私が他のモンスター娘と
本質的には同じだという話に対してですか？",Có phải là về chuyện em bảo bản chất em cũng không khác gì mấy cô nàng Monster Girl đúng không?
CommonEvents,441,メインストーリー19-2,メインストーリー,Story_Main,,\N[1],はい、そうです。,"Vâng, đúng thế."
CommonEvents,441,メインストーリー19-2,メインストーリー,Story_Main,セラ,\C[4]セラ,忘れてくださいと言ったのに……。,Em đã bảo anh hãy quên đi rồi mà...
CommonEvents,441,メインストーリー19-2,メインストーリー,Story_Main,,\N[1],すいません、どうしても気になってしまって。,"Xin lỗi em, tôi cứ để tâm mãi."
CommonEvents,441,メインストーリー19-2,メインストーリー,Story_Main,,\N[1],"あれから、なんて言えばセラさんを納得させられるか
四六時中考えていました。",Từ hôm đó tôi luôn suy nghĩ suốt ngày đêm xem phải nói gì để Sera thuyết phục.
CommonEvents,441,メインストーリー19-2,メインストーリー,Story_Main,,\N[1],考えて、考えて……結局、思いつきませんでした。,"Suy nghĩ mãi, suy nghĩ mãi... Rốt cuộc tôi vẫn không nghĩ ra được câu trả lời."
CommonEvents,441,メインストーリー19-2,メインストーリー,Story_Main,セラ,\C[4]セラ,そうでしょうね。,Đương nhiên rồi.
CommonEvents,441,メインストーリー19-2,メインストーリー,Story_Main,,\N[1],"でも……一つだけ、セラさんの言ったことを
訂正させて欲しいんです。",Nhưng... Có một điều tôi muốn sửa lại lời Sera đã nói.
CommonEvents,441,メインストーリー19-2,メインストーリー,Story_Main,,\N[1],"僕がセラさんを好きだと思っても、それが作られた偽物の好意なのか
僕には分からないって、あの時言ってましたよね？","Hôm đó em bảo rằng dù tôi có thích em đi nữa thì tôi cũng không thể biết được đó là tình cảm thật hay là giả tạo, đúng không?"
CommonEvents,441,メインストーリー19-2,メインストーリー,Story_Main,セラ,\C[4]セラ,"えぇ。あなたの視点からでは
私に好意を利用されている可能性を否定できませんから。","Tinh dịch của anh, hãy cho em hết đi nào...♡"
CommonEvents,441,メインストーリー19-2,メインストーリー,Story_Main,,\N[1],確かにその通りです。,Đúng là như thế thật.
CommonEvents,441,メインストーリー19-2,メインストーリー,Story_Main,,\N[1],でも、僕の気持ちは偽物じゃありません。,"Nhưng mà, tình cảm của tôi tuyệt đối không phải giả tạo."
CommonEvents,441,メインストーリー19-2,メインストーリー,Story_Main,セラ,\C[4]セラ,それは、なぜですか？,Tại sao anh lại khẳng định như thế?
CommonEvents,441,メインストーリー19-2,メインストーリー,Story_Main,,\N[1],"僕は馬鹿だから、モンスター娘に騙された時も
本気で相手を好きになってしまっていました。",Tôi vốn ngốc nghếch nên lúc bị Monster Girl lừa tôi cũng đã thực sự thích người ta.
CommonEvents,441,メインストーリー19-2,メインストーリー,Story_Main,,\N[1],"それを心の中であざ笑われていたとしても、
僕は本当に好きになっちゃってるんです。",Dù trong lòng họ có giễu cợt tôi đi nữa thì tình cảm tôi trao đi là thật lòng.
CommonEvents,441,メインストーリー19-2,メインストーリー,Story_Main,,\N[1],"前提が間違っていたと思うんです。
この気持ちが嘘かどうか決めるのは、僕なんです。",Tôi nghĩ tiền đề của em đã sai rồi. Thứ quyết định tình cảm này là thật hay giả chính là bản thân tôi.
CommonEvents,441,メインストーリー19-2,メインストーリー,Story_Main,,\N[1],"例え騙されていたとしても、
セラさんになら構いません。","Dù cho có bị lừa đi nữa, nếu là Sera thì tôi cũng không bận tâm."
CommonEvents,441,メインストーリー19-2,メインストーリー,Story_Main,,\N[1],僕は本当にセラさんのことが好きなので。,Bởi vì tôi thực sự rất thích Sera.
CommonEvents,441,メインストーリー19-2,メインストーリー,Story_Main,セラ,\C[4]セラ,……。,...
CommonEvents,441,メインストーリー19-2,メインストーリー,Story_Main,,\N[1],もちろん、心が通じ合っていたら一番嬉しいですけどね。,Tất nhiên nếu hai tâm hồn đồng điệu hiểu nhau thì là tuyệt vời nhất rồi.
CommonEvents,441,メインストーリー19-2,メインストーリー,Story_Main,セラ,\C[4]セラ,"……ありがとうございます。
あなたなりの答えを考えてくださったんですね。",...Cảm ơn anh nhé. Anh đã cất công suy nghĩ câu trả lời theo cách của riêng mình.
CommonEvents,441,メインストーリー19-2,メインストーリー,Story_Main,セラ,\C[4]セラ,"結局、私からあなたに返せるものは
何もないのが残念です。","Rốt cuộc em lại chẳng thể đáp lại cho anh điều gì, thật đáng tiếc."
CommonEvents,441,メインストーリー19-2,メインストーリー,Story_Main,セラ,\C[4]セラ,……でも。,...Nhưng mà.
CommonEvents,441,メインストーリー19-2,メインストーリー,Story_Main,セラ,\C[4]セラ,それでも、意味が無くても、お伝えします。,"Dù vậy, dù có vô nghĩa đi nữa, em vẫn muốn nói cho anh biết."
CommonEvents,441,メインストーリー19-2,メインストーリー,Story_Main,セラ,\C[4]セラ,私もあなたのことが好きです。,Em cũng rất thích anh.
CommonEvents,441,メインストーリー19-2,メインストーリー,Story_Main,,\N[1],"……ありがとうございます。
嬉しいです。",...Cảm ơn em nhiều. Tôi vui lắm.
CommonEvents,441,メインストーリー19-2,メインストーリー,Story_Main,セラ,\C[4]セラ,ふふ……。,Hì hì...
CommonEvents,441,メインストーリー19-2,メインストーリー,Story_Main,セラ,\C[4]セラ,……くしゅんっ。,...Hắt xì!
CommonEvents,441,メインストーリー19-2,メインストーリー,Story_Main,セラ,\C[4]セラ,"おっと。
失礼しました。",Ôi chao. Xin lỗi anh nhé.
CommonEvents,441,メインストーリー19-2,メインストーリー,Story_Main,,\N[1],"さすがに冷えてきましたね。
撤収しましょうか。",Trời bắt đầu lạnh rồi đấy. Chúng ta về thôi em.
CommonEvents,441,メインストーリー19-2,メインストーリー,Story_Main,セラ,\C[4]セラ,近くに宿を取っていますから、そこへ行きましょう。,"Em có đặt phòng trọ gần đây rồi, chúng ta qua đó nhé."
CommonEvents,441,メインストーリー19-2,メインストーリー,Story_Main,セラ,\C[4]セラ,……手をつなぎながら歩いてもいいでしょうか？,...Em nắm tay anh vừa đi vừa dạo được không?
CommonEvents,441,メインストーリー19-2,メインストーリー,Story_Main,,\N[1],はい、もちろんです。,"Vâng, tất nhiên rồi."
CommonEvents,441,メインストーリー19-2,メインストーリー,Story_Main,セラ,\C[4]セラ,……やっぱり、あなたの手は温かいです。,...Quả nhiên bàn tay của anh ấm áp thật.
CommonEvents,441,メインストーリー19-2,メインストーリー,Story_Main,セラ,\C[4]セラ,"あなたと手をつないでいられるこの時間が、
ずっと続けばいいのに……。",Giá mà khoảng thời gian được nắm tay anh thế này kéo dài mãi mãi thì tốt biết mấy...
CommonEvents,442,メインストーリー20-1,メインストーリー,Story_Main,セラ,\C[4]セラ,"聞いてください。
先日、ずっと試行錯誤していた治療器具が完成したのです。","Khoảng thời gian kỳ nghỉ biển ngắn ngủi đã kết thúc, hai người quay trở về phòng khám."
CommonEvents,442,メインストーリー20-1,メインストーリー,Story_Main,,\N[1],"自分で作ったんですか？　すごいですね。
どんな道具なんですか？","Sera ơi, hôm nay lại nhờ em giúp đỡ--"
CommonEvents,442,メインストーリー20-1,メインストーリー,Story_Main,セラ,\C[4]セラ,こちらです。,"A, anh đến rồi sao."
CommonEvents,442,メインストーリー20-1,メインストーリー,Story_Main,,\N[1],"これは……何ですか？
透明な筒？",Vâng! Hôm nay chúng ta trị liệu bài gì thế em?
CommonEvents,442,メインストーリー20-1,メインストーリー,Story_Main,セラ,\C[4]セラ,"これはオナホールというものです。
柔らかい素材を魔法で形成しました。",Hôm nay em sẽ tiến hành trị liệu giải tỏa căng thẳng cho anh.
CommonEvents,442,メインストーリー20-1,メインストーリー,Story_Main,セラ,\C[4]セラ,"こちらのパンフレットをご覧ください。
内部構造はこのような作りになっています。",Giải tỏa căng thẳng sao...?
CommonEvents,442,メインストーリー20-1,メインストーリー,Story_Main,セラ,\C[4]セラ,"穴の中につぶやひだがたくさん付いているでしょう？
これは、女性の膣を再現した道具なんです。",Vâng. Dù đi du lịch về nhưng em nghĩ anh vẫn còn mệt mỏi.
CommonEvents,442,メインストーリー20-1,メインストーリー,Story_Main,セラ,\C[4]セラ,"遠い国ではこれでオナニーをしたり、
女性が男性を責める際に用いるそうです。","Nào, hãy nằm xuống đây để em xoa bóp thư giãn cho anh nhé."
CommonEvents,442,メインストーリー20-1,メインストーリー,Story_Main,セラ,\C[4]セラ,ここにおちんちんを挿入するのを想像してみてください。,Cảm ơn em nhiều nhé Sera.
CommonEvents,442,メインストーリー20-1,メインストーリー,Story_Main,セラ,\C[4]セラ,"精液を搾り取ることに特化したこの複雑で柔らかい穴が
あなたのおちんちんを包み込むんです。",Không có gì. Đây là nhiệm vụ của em mà.
CommonEvents,442,メインストーリー20-1,メインストーリー,Story_Main,セラ,\C[4]セラ,"一突きすれば無数の突起がにゅるにゅると絡みつき、
子種をおねだりしてくる……。",Bàn tay dịu dàng của Sera xoa bóp khắp cơ thể Main.
CommonEvents,442,メインストーリー20-1,メインストーリー,Story_Main,セラ,\C[4]セラ,"たまらずにゅこにゅことオナホールを動かすと、
あっという間にぴゅっぴゅーって中出しさせられちゃう……。",Ưm... dễ chịu quá...
CommonEvents,442,メインストーリー20-1,メインストーリー,Story_Main,,\N[1],……ごくっ……。,Hì hì... Anh thấy thoải mái là tốt rồi.
CommonEvents,442,メインストーリー20-1,メインストーリー,Story_Main,セラ,\C[4]セラ,"とっても気持ちよさそうですね？
ここに挿入してみたいですよね？",Bây giờ em sẽ chuyển sang xoa bóp vùng kín nhé...♡
CommonEvents,442,メインストーリー20-1,メインストーリー,Story_Main,セラ,\C[4]セラ,では早速、おちんちんで味見してみましょうか。,Chụtttt... chẹp chẹp...♡
CommonEvents,443,メインストーリー20-2,メインストーリー,Story_Main,セラ,\C[4]セラ,今日も治療お疲れさまでした。,"Ưm... ah♡
Con cu sưng to lên rồi kìa...♡"
CommonEvents,443,メインストーリー20-2,メインストーリー,Story_Main,,\N[1],"はい、ありがとうございました。
……あれ？　セラさん、なんだか顔が赤くないですか？",Bắn tinh dịch ra đi nào... ngoan lắm.
CommonEvents,443,メインストーリー20-2,メインストーリー,Story_Main,セラ,\C[4]セラ,"あぁ……。
その……少々、体調が優れないので。","Ưm... nuốt ực...♡
Cảm ơn anh vì buổi trị liệu tuyệt vời nhé...♡"
CommonEvents,443,メインストーリー20-2,メインストーリー,Story_Main,,\N[1],"えっ！　そうだったんですか！？
そんな時に対応してもらってすみません……。",Hôm nay đến đây thôi nhé.
CommonEvents,443,メインストーリー20-2,メインストーリー,Story_Main,,\N[1],"自分が看病しますよ！
何か僕にできることありませんか？",Vâng! Cảm ơn em nhiều!
CommonEvents,443,メインストーリー20-2,メインストーリー,Story_Main,セラ,\C[4]セラ,"お気持ちは嬉しいですが、
何か病気をうつしては申し訳ないので結構です。","Sau khi buổi trị liệu kết thúc, Main đi ra cửa phòng khám nhưng sực nhớ ra mình quên áo khoác."
CommonEvents,443,メインストーリー20-2,メインストーリー,Story_Main,,\N[1],えっ、でも……。,"Thôi chết, lỡ quên áo khoác trong phòng khám rồi."
CommonEvents,443,メインストーリー20-2,メインストーリー,Story_Main,セラ,\C[4]セラ,本当に、大丈夫なので……。,Quay lại lấy mới được.
CommonEvents,443,メインストーリー20-2,メインストーリー,Story_Main,,\N[1],"わ、分かりました。
でも無理しないでくださいね。",Main quay trở lại phòng khám.
CommonEvents,443,メインストーリー20-2,メインストーリー,Story_Main,,\N[1],"セラさん大丈夫かな……。
ちゃんと休んでくれてたら良いんだけど……。","Sera ơi, tôi lỡ quên áo khoác--"
CommonEvents,443,メインストーリー20-2,メインストーリー,Story_Main,,\N[1],"……ん？
そういえばなんか肌寒いような……",...
CommonEvents,443,メインストーリー20-2,メインストーリー,Story_Main,,\N[1],あ、これ、上着をクリニックに忘れて来てるな。,Ủa? Sera đi đâu rồi nhỉ.
CommonEvents,443,メインストーリー20-2,メインストーリー,Story_Main,,\N[1],しまった、セラさんを気にして自分のことがおざなりになってた。,Trong phòng khám không có ai.
CommonEvents,443,メインストーリー20-2,メインストーリー,Story_Main,,\N[1],"回収するのは次行った時でもいいけど……、
セラさんのことも心配だし、一旦戻るか。",Chắc em ấy vào phòng trong rồi.
CommonEvents,443,メインストーリー20-2,メインストーリー,Story_Main,,\N[1],"そういえば受付と診療室以外入ったことないけど、
どこで休んでるんだろう。","Nhắc mới nhớ từ trước đến nay ngoài phòng chờ và phòng khám ra mình chưa từng vào phòng khác, không biết cô ấy nghỉ ngơi ở đâu nhỉ."
CommonEvents,443,メインストーリー20-2,メインストーリー,Story_Main,,\N[1],まぁ、とりあえず診療室に行くか。,Thôi cứ vào phòng khám xem sao.
CommonEvents,443,メインストーリー20-2,メインストーリー,Story_Main,セラ,\C[4]セラ,"……ん……っ。
はぁ……っ。",...Ưm... ah. Hà... ah.
CommonEvents,443,メインストーリー20-2,メインストーリー,Story_Main,,\N[1],（あれ……？　セラさんの声……？）,(Ơ...? Giọng của Sera...?)
CommonEvents,443,メインストーリー20-2,メインストーリー,Story_Main,,\N[1],（中で何してるんだろう）,(Cô ấy đang làm gì bên trong thế nhỉ)
CommonEvents,443,メインストーリー20-2,メインストーリー,Story_Main,,,\N[1]はドアを少し開けて部屋の中を覗き見た。,Main hé mở cửa phòng nhìn vào bên trong.
CommonEvents,443,メインストーリー20-2,メインストーリー,Story_Main,セラ,\C[4]セラ,はぁ……っ、ん……っ。,"Hà... ah, ưm... ah."
CommonEvents,443,メインストーリー20-2,メインストーリー,Story_Main,,\N[1],"（あれ……？　僕の上着を持ってる……、
というか、嗅いでる……？）",(Ơ...? Cô ấy đang cầm áo khoác của mình... Hay đúng hơn là đang ngửi mùi...?)
CommonEvents,443,メインストーリー20-2,メインストーリー,Story_Main,セラ,\C[4]セラ,"はぁ……っ、はぁ……っ。
ん、はぁ……っ♡","Hà... ah, hà... ah. Ưm, hà... ah...♡"
CommonEvents,443,メインストーリー20-2,メインストーリー,Story_Main,,\N[1],（えっ……！？　もしかしてセラさん……、）,(Hả...!? Chẳng lẽ Sera...)
CommonEvents,443,メインストーリー20-2,メインストーリー,Story_Main,,\N[1],（僕の服でオナニーしてる……！？）,(Đang dùng áo khoác của mình để thủ dâm...!?)
CommonEvents,443,メインストーリー20-2,メインストーリー,Story_Main,セラ,\C[4]セラ,"好き……っ、ん……っ♡
はぁ……好き、好き……♡","Thích quá... ah, ưm... ah♡ Hà... Thích anh quá, thích anh quá...♡"
CommonEvents,443,メインストーリー20-2,メインストーリー,Story_Main,,\N[1],"（エ、エロい……！　やばい、覗き見なんてしちゃいけないのに
目が離せない……！）","(D-Dâm mát quá...! Nguy rồi, không được lén nhìn thế này nhưng mắt không tài nào rời đi được...!)"
CommonEvents,443,メインストーリー20-2,メインストーリー,Story_Main,,\N[1],"（……もっと見えないかな……。
股の方をもっと……）",(...Muốn nhìn rõ hơn chút nữa... Chỗ vùng kín đó...)
CommonEvents,443,メインストーリー20-2,メインストーリー,Story_Main,,\N[1],あっ。,Ách.
CommonEvents,443,メインストーリー20-2,メインストーリー,Story_Main,セラ,\C[4]セラ,……何をしているんですか。,...Anh đang làm cái gì thế?
CommonEvents,443,メインストーリー20-2,メインストーリー,Story_Main,,\N[1],"あ……あの……上着を忘れてきてしまったので
取りに戻ってきて……。",À... Ờm... Tôi lỡ quên áo khoác nên quay lại lấy...
CommonEvents,443,メインストーリー20-2,メインストーリー,Story_Main,セラ,\C[4]セラ,……。,...
CommonEvents,443,メインストーリー20-2,メインストーリー,Story_Main,セラ,\C[4]セラ,覗いていたんですか？,Anh vừa lén nhìn em đúng không?
CommonEvents,443,メインストーリー20-2,メインストーリー,Story_Main,,\N[1],へっ！？,Hả!?
CommonEvents,443,メインストーリー20-2,メインストーリー,Story_Main,セラ,\C[4]セラ,"覗いてたんですよね。
私が、その……シてるところ。",Anh đã nhìn lén đúng không. Cảnh em... cái đó... đang làm chuyện ấy.
CommonEvents,443,メインストーリー20-2,メインストーリー,Story_Main,,\N[1],………………はい。,................Vâng.
CommonEvents,443,メインストーリー20-2,メインストーリー,Story_Main,セラ,\C[4]セラ,……えっち。,...Đồ dâm mát.
CommonEvents,443,メインストーリー20-2,メインストーリー,Story_Main,セラ,\C[4]セラ,"どうして声をかけないんですか。
あなたの前でとんだ醜態を晒してしまったではないですか。",Tại sao anh không lên tiếng chứ. Làm em để lộ dáng vẻ xấu hổ bần tiện này trước mặt anh rồi đấy.
CommonEvents,443,メインストーリー20-2,メインストーリー,Story_Main,セラ,\C[4]セラ,"そもそも、あなたが忘れ物をしなければこんなことには……、
あぁ、もう、どうしてこんな時に限って……っ。",Mà vốn dĩ nếu anh không quên đồ thì đã không ra nông nỗi này... Ôi trời ơi sao lại đúng lúc này cơ chứ...!
CommonEvents,443,メインストーリー20-2,メインストーリー,Story_Main,,\N[1],"えっと、セラさん……？
こんな時っていうのは、どういう……。","Ờm, Sera ơi...? Đúng lúc này là sao em..."
CommonEvents,443,メインストーリー20-2,メインストーリー,Story_Main,セラ,\C[4]セラ,……そろそろ、発情期なんです。,...Đã đến lúc... em vào mùa động dục rồi.
CommonEvents,443,メインストーリー20-2,メインストーリー,Story_Main,セラ,\C[4]セラ,"人間の女性だって周期によって性欲が増減するでしょう。
天使はその振れ幅がより大きいんです。",Phụ nữ loài người cũng có chu kỳ tăng giảm ham muốn đúng không. Thiên Sứ thì biên độ biến động đó còn lớn hơn nhiều.
CommonEvents,443,メインストーリー20-2,メインストーリー,Story_Main,セラ,\C[4]セラ,"理性を保てなくなるから早く帰ってもらったのに、
どうしてオカズを置いて行ってしまうんですか……っ！","Vì sợ không giữ được lý trí nên em mới bảo anh về sớm, thế mà sao anh lại bỏ lại vật làm em phát dục thế này...!"
CommonEvents,443,メインストーリー20-2,メインストーリー,Story_Main,,\N[1],ご、ごめんなさい……。,X-Xin lỗi em...
CommonEvents,443,メインストーリー20-2,メインストーリー,Story_Main,セラ,\C[4]セラ,"……いえ、当たってしまってすみません。
この時期はつい気が立ってしまうんです。","...Không, cho em xin lỗi vì đã trút giận lên anh. Mùa này em hay bị gắt gỏng bất chợt."
CommonEvents,443,メインストーリー20-2,メインストーリー,Story_Main,,\N[1],"そうなんですね……。
あの、僕に手伝えること、何でも言ってください。","Ra là vậy... Này, có việc gì tôi giúp được em cứ nói nhé."
CommonEvents,443,メインストーリー20-2,メインストーリー,Story_Main,,\N[1],"セラさん苦しそうですし……。
こう、症状を抑えるための薬とかあるなら買ってきますよ？",Trông Sera khổ sở quá... Nếu có thuốc làm giảm triệu chứng để tôi đi mua cho em?
CommonEvents,443,メインストーリー20-2,メインストーリー,Story_Main,セラ,\C[4]セラ,"手伝える、こと……？
何でも……？",Việc... giúp được sao...? Bất cứ việc gì...?
CommonEvents,443,メインストーリー20-2,メインストーリー,Story_Main,セラ,\C[4]セラ,……そんなことを、言わないでください……っ。,...Anh đừng có nói những lời như thế...!
CommonEvents,443,メインストーリー20-2,メインストーリー,Story_Main,セラ,\C[4]セラ,欲望に負けそうになってしまうじゃないですか……っ！,Làm em sắp thua trước ham muốn rồi đây này...!
CommonEvents,443,メインストーリー20-2,メインストーリー,Story_Main,,\N[1],えっ？　えっ？,Éc? Hả?
CommonEvents,443,メインストーリー20-2,メインストーリー,Story_Main,セラ,\C[4]セラ,"あぁ、だめです……落ち着かなくては……。
すぅ……はぁ……。",Ôi không được... Phải bình tĩnh lại... Hít... thở...
CommonEvents,443,メインストーリー20-2,メインストーリー,Story_Main,セラ,\C[4]セラ,"……そうですね。
それでは、今からまた治療を実施してもいいでしょうか？",...Được rồi. Vậy bây giờ chúng ta lại tiến hành trị liệu tiếp được không anh?
CommonEvents,443,メインストーリー20-2,メインストーリー,Story_Main,,\N[1],僕は構いませんけど……セラさんは大丈夫なんですか？,Tôi thì không sao nhưng... Sera có ổn không đấy?
CommonEvents,443,メインストーリー20-2,メインストーリー,Story_Main,セラ,\C[4]セラ,"……。
大丈夫、なはずです。",...Chắc là... ổn thôi.
CommonEvents,443,メインストーリー20-2,メインストーリー,Story_Main,セラ,\C[4]セラ,では、早速ベッドに行きましょう。,Vậy chúng ta lên giường ngay thôi nào.
CommonEvents,444,メインストーリー21-1,メインストーリー,Story_Main,,\N[1],"（前回、セラさんが発情期になってから
クリニックに行ってないけど、セラさん大丈夫かな）","(Lần trước Sera vào mùa động dục xong mình chưa đến phòng khám lại, không biết Sera thế nào rồi)"
CommonEvents,444,メインストーリー21-1,メインストーリー,Story_Main,セラ,\C[4]セラ,"私はしばらく発情期で
施術を正しく行えない可能性があります。",Em đang trong mùa phát dục nên có khả năng không thể thực hiện trị liệu chuẩn xác được.
CommonEvents,444,メインストーリー21-1,メインストーリー,Story_Main,セラ,\C[4]セラ,申し訳ありませんが、しばらくお休みさせてください。,Xin lỗi anh nhưng cho em tạm nghỉ một thời gian nhé.
CommonEvents,444,メインストーリー21-1,メインストーリー,Story_Main,,\N[1],（……って、言われたけど……）,(...Em ấy đã nói thế...)
CommonEvents,444,メインストーリー21-1,メインストーリー,Story_Main,,\N[1],（しんどそうだったし、ちゃんとご飯食べれてるのかな）,(Trông em ấy khổ sở thế không biết có ăn uống đàng hoàng không)
CommonEvents,444,メインストーリー21-1,メインストーリー,Story_Main,,\N[1],（というか、いつまで待てばいいか聞いてなかった）,(Mà mình quên không hỏi phải chờ đến bao giờ)
CommonEvents,444,メインストーリー21-1,メインストーリー,Story_Main,,\N[1],（……ある程度日も経ったし、そろそろ様子を見に行こうかな）,"(...Cũng qua mấy ngày rồi, chắc mình qua xem tình hình em ấy thế nào đi)"
CommonEvents,444,メインストーリー21-1,メインストーリー,Story_Main,,\N[1],"あっ、セラさん。
あれから体調は――。","A, Sera. Cảm giác sức khỏe em thế nào--"
CommonEvents,444,メインストーリー21-1,メインストーリー,Story_Main,,\N[1],セ、セラさん？,S-Sera!?
CommonEvents,444,メインストーリー21-1,メインストーリー,Story_Main,セラ,\C[4]セラ,ちゅっ……。,Chụttt...
CommonEvents,444,メインストーリー21-1,メインストーリー,Story_Main,,\N[1],！？,!?
CommonEvents,444,メインストーリー21-1,メインストーリー,Story_Main,セラ,\C[4]セラ,"ずっと会いたかったです……。
ぎゅ～……。",Em nhớ anh muốn chết mất thôi... Ôm chặt nào...
CommonEvents,444,メインストーリー21-1,メインストーリー,Story_Main,,\N[1],"く、苦しい……！
セラさんっ、ハグが強すぎます……っ！",N-Nặng quá! Sera ơi em ôm chặt quá nát người tôi mất...!
CommonEvents,444,メインストーリー21-1,メインストーリー,Story_Main,セラ,\C[4]セラ,"あなたのことを考えてずっと自分を慰めていたんです。
あなたが恋しくておかしくなりそうでした。",Em cứ nghĩ về anh rồi tự làm tình một mình suốt. Nhớ anh đến mức sắp phát điên rồi.
CommonEvents,444,メインストーリー21-1,メインストーリー,Story_Main,セラ,\C[4]セラ,"早く治療を始めましょう。
一緒にこちらへ来てください。",Nhanh lên chúng ta bắt đầu trị liệu thôi. Cùng em qua đây nào.
CommonEvents,444,メインストーリー21-1,メインストーリー,Story_Main,,\N[1],"（明らかに様子がおかしい。
もしかしてまだ発情期が終わってないのか？）",(Rõ ràng tình hình không bình thường chút nào. Chẳng lẽ mùa phát dục vẫn chưa kết thúc sao!?)
CommonEvents,444,メインストーリー21-1,メインストーリー,Story_Main,,\N[1],セラさんすみません、今日のところは帰ります！,Sera ơi xin lỗi em hôm nay tôi xin phép đi về!
CommonEvents,444,メインストーリー21-1,メインストーリー,Story_Main,セラ,\C[4]セラ,だめです！,Không được!
CommonEvents,444,メインストーリー21-1,メインストーリー,Story_Main,,\N[1],"痛い痛い！
身体が潰れますって！",Đau đau đau! Bẹp dí cơ thể tôi mất!
CommonEvents,444,メインストーリー21-1,メインストーリー,Story_Main,,\N[1],分かりました、治療受けますから……。,"Tôi hiểu rồi, tôi chịu trị liệu mà...!"
CommonEvents,444,メインストーリー21-1,メインストーリー,Story_Main,セラ,\C[4]セラ,今日の治療は……らぶらぶえっちです。,Bài trị liệu hôm nay là... làm tình ân ái mặn nồng.
CommonEvents,444,メインストーリー21-1,メインストーリー,Story_Main,セラ,\C[4]セラ,"私のことをいっぱい口説いてください。
たくさんいちゃいちゃしましょう。",Anh hãy nói thật nhiều câu tán tỉnh em đi. Chúng ta hãy ân ái mặn nồng thật nhiều nhé.
CommonEvents,444,メインストーリー21-1,メインストーリー,Story_Main,,\N[1],それは……治療なんですかね？,Chuyện đó... Có gọi là trị liệu được không em?
CommonEvents,444,メインストーリー21-1,メインストーリー,Story_Main,セラ,\C[4]セラ,もちろんです。,Đương nhiên rồi.
CommonEvents,444,メインストーリー21-1,メインストーリー,Story_Main,セラ,\C[4]セラ,"これは、ほら、あれですよ。
そういう時の対策と言いますか。","Đây là... đó, cái đó đấy. Gọi là biện pháp phòng tránh những lúc như thế."
CommonEvents,444,メインストーリー21-1,メインストーリー,Story_Main,セラ,\C[4]セラ,いいから早く始めましょう。,Mặc kệ đi anh mau bắt đầu nhanh lên.
CommonEvents,444,メインストーリー21-1,メインストーリー,Story_Main,,\N[1],（そんな適当でいいのか……！？）,(Qua loa thế mà cũng được sao...!?)
CommonEvents,445,メインストーリー21-2,メインストーリー,Story_Main,,,発情期で暴走したセラとの治療の数日後……。,Vài ngày sau buổi trị liệu với một Sera bị cuồng dâm bạo phát vì mùa phát dục...
CommonEvents,445,メインストーリー21-2,メインストーリー,Story_Main,セラ,\C[4]セラ,先日は……本当に恥ずかしい姿を見せてしまいました……。,Hôm nọ... Em đã để lộ dáng vẻ xấu hổ vô cùng trước mặt anh...
CommonEvents,445,メインストーリー21-2,メインストーリー,Story_Main,,\N[1],"あはは……。
僕は気にしてないですけど……。",A ha ha... Tôi đâu có bận tâm chuyện đó đâu...
CommonEvents,445,メインストーリー21-2,メインストーリー,Story_Main,セラ,\C[4]セラ,私が気にします。,Nhưng em bận tâm.
CommonEvents,445,メインストーリー21-2,メインストーリー,Story_Main,セラ,\C[4]セラ,"あんなにはしたなくあなたを求めて……。
うぅ……。",Đòi hỏi anh một cách dâm mát bần tiện như thế... Hức...
CommonEvents,445,メインストーリー21-2,メインストーリー,Story_Main,セラ,\C[4]セラ,……っ！,...~!
CommonEvents,445,メインストーリー21-2,メインストーリー,Story_Main,,\N[1],セラさん……？,Sera...?
CommonEvents,445,メインストーリー21-2,メインストーリー,Story_Main,セラ,\C[4]セラ,"う……っ。
これは……っ。",Ư... ah. Cái này là...
CommonEvents,445,メインストーリー21-2,メインストーリー,Story_Main,,\N[1],"だ、大丈夫ですか？
頭が痛いんですか？",C-Có sao không em? Đau đầu sao?
CommonEvents,445,メインストーリー21-2,メインストーリー,Story_Main,,\N[1],それに、頭の輪っかがざざざって……。,Với lại chiếc vòng sáng trên đầu em bị chập chập nhiễu sóng...
CommonEvents,445,メインストーリー21-2,メインストーリー,Story_Main,セラ,\C[4]セラ,はぁ……はぁ……。,Hà... hà...
CommonEvents,445,メインストーリー21-2,メインストーリー,Story_Main,セラ,\C[4]セラ,大丈夫です、落ち着きました。,"Không sao rồi, em bình tĩnh lại rồi."
CommonEvents,445,メインストーリー21-2,メインストーリー,Story_Main,セラ,\C[4]セラ,ですが、良くありませんね……。,Tuy nhiên thế này không tốt chút nào...
CommonEvents,445,メインストーリー21-2,メインストーリー,Story_Main,,\N[1],なんだったんですか、今の……？,Vừa rồi là chuyện gì thế em...?
CommonEvents,445,メインストーリー21-2,メインストーリー,Story_Main,,\N[1],"というかそもそも、その頭の輪っかって何なんですか？
身体の一部……っていうことでいいんでしょうか。",Với lại chiếc vòng sáng trên đầu em rốt cuộc là cái gì thế? Có gọi là một phần cơ thể không em?
CommonEvents,445,メインストーリー21-2,メインストーリー,Story_Main,セラ,\C[4]セラ,この天使の輪は、厳密に言えば私の身体ではありません。,Chiếc vòng Thiên Sứ này nói chính xác ra không phải là cơ thể em.
CommonEvents,445,メインストーリー21-2,メインストーリー,Story_Main,セラ,\C[4]セラ,"首輪が首にかけられるものだとすれば、
天使の輪は「心」にかけられるものです。","Nếu vòng đeo cổ là thứ đeo vào cổ, thì vòng Thiên Sứ là thứ đeo vào ""Trái tim""."
CommonEvents,445,メインストーリー21-2,メインストーリー,Story_Main,セラ,\C[4]セラ,"この輪は天使が掟に背かぬよう、
私たちを戒める役割を持っています。",Chiếc vòng này đóng vai trò răn đe để Thiên Sứ không vi phạm Luật lệ.
CommonEvents,445,メインストーリー21-2,メインストーリー,Story_Main,セラ,\C[4]セラ,"心に反応し、掟に背く行為をすればするほど形が乱れ、
やがて砕け散る……。","Nó phản ứng với trái tim, vi phạm Luật lệ càng nhiều thì hình dáng càng bị biến dạng và cuối cùng sẽ vỡ tan..."
CommonEvents,445,メインストーリー21-2,メインストーリー,Story_Main,セラ,\C[4]セラ,"無論、そこまで至ることは稀ですが、
そうなってしまった者がいわゆる堕天使たちです。","Đương nhiên đến mức đó thì hiếm gặp, nhưng những ai bị như thế chính là cái gọi là Thiên Sứ Sa Ngã."
CommonEvents,445,メインストーリー21-2,メインストーリー,Story_Main,セラ,\C[4]セラ,"この輪があるから私たちは
隠れて悪事を働けないようになっているんです。",Chính nhờ chiếc vòng này mà chúng em không thể lén lút làm chuyện xấu.
CommonEvents,445,メインストーリー21-2,メインストーリー,Story_Main,,\N[1],それってそんな装置だったんですね……。,Ra chiếc vòng đó là thiết bị như thế sao...
CommonEvents,445,メインストーリー21-2,メインストーリー,Story_Main,セラ,\C[4]セラ,"私の輪が乱れたのは……、
自身の欲望のままにあなたを求めてしまったからです。",Vòng của em bị nhiễu loạn là do... em đã đòi hỏi anh theo ham muốn cá nhân của mình.
CommonEvents,445,メインストーリー21-2,メインストーリー,Story_Main,セラ,\C[4]セラ,"「治療」を逸脱し、私個人の気持ちを優先したから、
掟を破らぬよう戒められたのでしょう。","Vượt quá giới hạn ""Trị liệu"" và ưu tiên cảm xúc cá nhân nên em bị răn đe để không phá vỡ Luật lệ đấy."
CommonEvents,445,メインストーリー21-2,メインストーリー,Story_Main,セラ,\C[4]セラ,"これまでも度々ありましたが、
やはり今までで一番輪が乱れましたね。",Trước giờ cũng có vài lần nhưng lần này là vòng bị nhiễu loạn nặng nhất.
CommonEvents,445,メインストーリー21-2,メインストーリー,Story_Main,,\N[1],それは、その……大丈夫なんですか？,Chuyện đó... Có sao không em?
CommonEvents,445,メインストーリー21-2,メインストーリー,Story_Main,セラ,\C[4]セラ,"そんな泣きそうな顔をしないでください。
私はご存じの通り優秀ですから、大丈夫なように立ち回っています。",Anh đừng làm vẻ mặt sắp khóc thế chứ. Em vốn dĩ rất xuất sắc mà nên em sẽ ứng biến ổn thỏa thôi.
CommonEvents,445,メインストーリー21-2,メインストーリー,Story_Main,セラ,\C[4]セラ,"ただ……そういう事情があるということだけ、
知っていてもらえると嬉しいです。",Chỉ là... Em muốn anh biết chuyện này có nguyên do như thế.
CommonEvents,445,メインストーリー21-2,メインストーリー,Story_Main,,\N[1],分かりました……。,Tôi hiểu rồi...
CommonEvents,445,メインストーリー21-2,メインストーリー,Story_Main,,\N[1],……あの、そういえばなんですけど、,"...À nhắc mới nhớ,"
CommonEvents,445,メインストーリー21-2,メインストーリー,Story_Main,,\N[1],"昔は人間をつがいにした天使がいたって話、本当なんですか？
その輪があったらできなさそうですけど……。",Chuyện ngày xưa có Thiên Sứ lấy con người làm bạn đời có thật không em? Nếu có chiếc vòng này thì làm sao làm được...
CommonEvents,445,メインストーリー21-2,メインストーリー,Story_Main,セラ,\C[4]セラ,"またあのサキュバスが言っていたんでしょう。
全くぺらぺらと何でも口走って……。",Lại là cô ả Succubus đó nói đúng không. Thật là cái gì cũng buột miệng nói ra được...
CommonEvents,445,メインストーリー21-2,メインストーリー,Story_Main,,\N[1],ははは……。,Hô hô hô...
CommonEvents,445,メインストーリー21-2,メインストーリー,Story_Main,セラ,\C[4]セラ,"ですが、それは本当です。
今は不可能ですが。",Tuy nhiên chuyện đó là có thật. Dù hiện tại thì không thể nữa.
CommonEvents,445,メインストーリー21-2,メインストーリー,Story_Main,セラ,\C[4]セラ,我々天使の主目的は人類の繁栄、および信仰を集めることです。,Mục đích chính của Thiên Sứ bọn em là sự phồn vinh của nhân loại và thu thập đức tin.
CommonEvents,445,メインストーリー21-2,メインストーリー,Story_Main,セラ,\C[4]セラ,"ですから、それを妨げるような行為は
時代と共に規制されていきました。",Vì thế những hành vi cản trở điều đó qua từng thời đại đã bị cấm đoán.
CommonEvents,445,メインストーリー21-2,メインストーリー,Story_Main,セラ,\C[4]セラ,人間とつがいになる、という行為もその一つです。,Chuyện kết đôi với con người cũng là một trong số đó.
CommonEvents,445,メインストーリー21-2,メインストーリー,Story_Main,セラ,\C[4]セラ,"好みの相手を強制的に連れ去る天使が
後を絶たなかったそうですから。",Nghe nói ngày xưa không ít Thiên Sứ cưỡng ép bắt cóc người mình thích đi.
CommonEvents,445,メインストーリー21-2,メインストーリー,Story_Main,セラ,\C[4]セラ,"そういった規制をまとめて、
私たちは「天使の掟」と呼んでいます。","Những quy định cấm đoán đó gom lại bọn em gọi là ""Luật lệ Thiên Sứ""."
CommonEvents,445,メインストーリー21-2,メインストーリー,Story_Main,セラ,\C[4]セラ,"昔はもっと人間と天使の距離が近かったと聞きます。
なんでも人間と天使が共に冒険をしていた記録もあるとのこと。",Nghe nói ngày xưa khoảng cách giữa con người và Thiên Sứ gần gũi hơn nhiều. Thậm chí có ghi chép Thiên Sứ cùng con người đi phiêu lưu.
CommonEvents,445,メインストーリー21-2,メインストーリー,Story_Main,,\N[1],"あぁ、その伝説は人間の間でも語り継がれてますよ。
事実だったんですね。","A, truyền thuyết đó trong thế giới con người cũng được truyền tụng đấy. Ra là có thật sao."
CommonEvents,445,メインストーリー21-2,メインストーリー,Story_Main,セラ,\C[4]セラ,"もちろん天使と人間が恋に落ち、
お互いに合意の上でパートナーになることもあったでしょうね。",Đương nhiên cũng có những Thiên Sứ và con người nảy sinh tình cảm rồi trở thành bạn đời dựa trên sự đồng thuận của cả hai.
CommonEvents,445,メインストーリー21-2,メインストーリー,Story_Main,セラ,\C[4]セラ,"ですが今は……「救う者と救われる者」以外の関係を
求めたとしても、それは叶わぬ願いです。","Nhưng bây giờ... Ngoại trừ mối quan hệ ""Kẻ cứu rỗi và người được cứu"", nếu đòi hỏi mối quan hệ khác thì đó là ước nguyện không thể thành hiện thực."
CommonEvents,445,メインストーリー21-2,メインストーリー,Story_Main,セラ,\C[4]セラ,"仮にその相手を追って堕天したとしても無意味です。
その相手と一生会えない呪いをかけられますから。",Giả sử có vì người đó mà sa ngã xuống trần gian đi nữa cũng vô ích. Vì sẽ bị trúng lời nguyền vĩnh viễn không bao giờ được gặp lại người đó.
CommonEvents,445,メインストーリー21-2,メインストーリー,Story_Main,セラ,\C[4]セラ,"……私たちの生まれた時代が違えば、
ナースと患者、という関係ではなかったかもしれませんね。","...Nếu chúng ta sinh ra ở thời đại khác, có lẽ mối quan hệ đã không phải là y tá và bệnh nhân rồi nhỉ."
CommonEvents,445,メインストーリー21-2,メインストーリー,Story_Main,セラ,\C[4]セラ,"さて、と。
そろそろ施術の準備を……、う……っ！",Được rồi. Đến lúc chuẩn bị trị liệu... Ư... ah!
CommonEvents,445,メインストーリー21-2,メインストーリー,Story_Main,,\N[1],大丈夫ですか！？,Em có sao không!?
CommonEvents,445,メインストーリー21-2,メインストーリー,Story_Main,セラ,\C[4]セラ,"すみません、先ほど輪が乱れた影響が
まだ少し残っていたようです。","Xin lỗi anh, tác động do vòng bị nhiễu loạn vừa rồi vẫn còn lại một chút."
CommonEvents,445,メインストーリー21-2,メインストーリー,Story_Main,セラ,\C[4]セラ,ですがこのくらいなら問題ありません。,Nhưng chừng này thì không sao đâu.
CommonEvents,445,メインストーリー21-2,メインストーリー,Story_Main,,\N[1],"だめですよ！
ほら、ベッドに横になってください！","Không được đâu! Nào, em mau nằm xuống giường nghỉ ngơi đi!"
CommonEvents,445,メインストーリー21-2,メインストーリー,Story_Main,セラ,\C[4]セラ,"えっ。ですが……。
お、押し倒さないでください……！",Ơ. Nhưng mà... Đ-Đừng có đè em xuống thế chứ...!
CommonEvents,445,メインストーリー21-2,メインストーリー,Story_Main,セラ,\C[4]セラ,はぁ……ここはナースが寝る場所ではないというのに。,Hà... Nơi này đâu phải là chỗ để y tá nằm nghỉ ngơi đâu cơ chứ.
CommonEvents,445,メインストーリー21-2,メインストーリー,Story_Main,,\N[1],"あはは。
こうしてるとセラさんが患者みたいですね。",Nào... Nằm xuống đây nào...
CommonEvents,445,メインストーリー21-2,メインストーリー,Story_Main,セラ,\C[4]セラ,"聞き捨てなりません。
私はナースです。",V-Vâng...
CommonEvents,445,メインストーリー21-2,メインストーリー,Story_Main,,\N[1],まぁまぁ、いいじゃないですか肩書きは。,Hôm nay em sẽ vừa ôm anh vừa cưng nựng anh thật nhiều nhé...♡
CommonEvents,445,メインストーリー21-2,メインストーリー,Story_Main,セラ,\C[4]セラ,むぅ……。,Chụtttt... chẹp chẹp...♡
CommonEvents,445,メインストーリー21-2,メインストーリー,Story_Main,セラ,\C[4]セラ,"……時代が違えば、私が患者であなたが看護師という
関係もあったのでしょうか。","Ưm... ah♡
Sướng lắm đúng không?♡"
CommonEvents,445,メインストーリー21-2,メインストーリー,Story_Main,,\N[1],"どうでしょうねぇ。
僕、戦いしか取り柄ないですから。",Hãy để em dùng cơ thể trơn mịn này ôm trọn lấy con cu của anh nhé...♡
CommonEvents,445,メインストーリー21-2,メインストーリー,Story_Main,,\N[1],"でも、そうならなくても
セラさんがベッドに寝て、僕が看病してますよ。",Bắn hết tinh dịch vào sâu bên trong em đi nào...♡
CommonEvents,445,メインストーリー21-2,メインストーリー,Story_Main,,\N[1],"だからいいじゃないですか。
この時代でも。",Ngoan lắm... em đã nuốt hết rồi.
CommonEvents,445,メインストーリー21-2,メインストーリー,Story_Main,セラ,\C[4]セラ,……。,Buổi trị liệu đặc biệt mùa phát dục kết thúc!
CommonEvents,445,メインストーリー21-2,メインストーリー,Story_Main,セラ,\C[4]セラ,……そういう考え方もありますか……。,Hà... Phù...
CommonEvents,446,メインストーリー22-1,メインストーリー,Story_Main,セラ,\C[4]セラ,"これまで治療の中でたくさんの言葉責めを受けて
あなたもかなり耐性が付いて来たはずです。","Sera ơi, em ổn hơn chưa?"
CommonEvents,446,メインストーリー22-1,メインストーリー,Story_Main,セラ,\C[4]セラ,"なので、今回はさらにレベルを上げて
非常に厳しい言葉責めに挑戦してみましょう。","Vâng, nhờ có anh mà em đã lấy lại sự bình tĩnh rồi."
CommonEvents,446,メインストーリー22-1,メインストーリー,Story_Main,,\N[1],"なんだかちょっと怖いですね……。
どんな感じの口調なんですか？",Nhưng mà... Thật xấu hổ khi để anh thấy dáng vẻ cuồng dâm đó...
CommonEvents,446,メインストーリー22-1,メインストーリー,Story_Main,セラ,\C[4]セラ,"私も不慣れですが……このような言葉遣いです。
コホン……。",A ha ha... Tôi không bận tâm đâu mà.
CommonEvents,446,メインストーリー22-1,メインストーリー,Story_Main,セラ,\C[4]セラ,"……おい、マゾ。
何馬鹿みたいな顔してこっち見てんだよ。",Cảm ơn anh nhiều nhé.
CommonEvents,446,メインストーリー22-1,メインストーリー,Story_Main,,\N[1],！？,Từ giờ em sẽ kiểm soát bản thân tốt hơn.
CommonEvents,446,メインストーリー22-1,メインストーリー,Story_Main,セラ,\C[4]セラ,いじめてもらうんだからさっさとちんちん出せ。,Vâng! Tôi tin tưởng Sera mà!
CommonEvents,446,メインストーリー22-1,メインストーリー,Story_Main,,\N[1],は、はいっ……！,Sera lại khôi phục lại phong thái y tá nghiêm túc vốn có.
CommonEvents,446,メインストーリー22-1,メインストーリー,Story_Main,セラ,\C[4]セラ,"ぷっ……脱ぐの早っ。
言いなりになりすぎでしょ。",Hôm nay em sẽ tiến hành kiểm tra khả năng chống chịu của anh trước sự dâm mát cấp độ cao.
CommonEvents,446,メインストーリー22-1,メインストーリー,Story_Main,セラ,\C[4]セラ,頭の中で「怖いけど強引なのドキドキする～」とか思ってるわけ？,Cấp độ cao sao...?
CommonEvents,446,メインストーリー22-1,メインストーリー,Story_Main,セラ,\C[4]セラ,"だっさ。
本当に格好悪い。",Vâng. Anh hãy cố gắng kiềm chế nhé.
CommonEvents,446,メインストーリー22-1,メインストーリー,Story_Main,セラ,\C[4]セラ,"じゃ、このまま治療始めるから。
せいぜい無様なところ晒さないようにね？　変態さん。","Nào, mau lại đây với em nào...♡"
CommonEvents,447,メインストーリー22-2,メインストーリー,Story_Main,,\N[1],久々に防具でも新調しようかな。,Cái đó thì tôi không cần...
CommonEvents,447,メインストーリー22-2,メインストーリー,Story_Main,,\N[1],"……ん？
なんか人だかりができてる。",Năn nỉ mà~! Giúp tớ một buổi thôi!
CommonEvents,447,メインストーリー22-2,メインストーリー,Story_Main,,\N[1],って、あれは……。,"Hà... Thôi được rồi, chỉ một buổi thôi đấy nhé."
CommonEvents,447,メインストーリー22-2,メインストーリー,Story_Main,サキュバス,\C[5]サキュバス,"いらっしゃいませーっ！
本日特価セール中でーす！",A ha! Anh trai tốt bụng quá đi~! Cảm ơn nhiều nhé♡
CommonEvents,447,メインストーリー22-2,メインストーリー,Story_Main,サキュバス,\C[5]サキュバス,"今日が最終日ですよー！
買うなら今しかありませーん！",Vậy anh trai phụ trách dọn dẹp kho và bưng bê hàng nhé!
CommonEvents,447,メインストーリー22-2,メインストーリー,Story_Main,サキュバス,\C[5]サキュバス,"あっ、そこのお姉さんは僧侶ですか？
それならこの杖が今流行りですよ～！",Rồi rồi...
CommonEvents,447,メインストーリー22-2,メインストーリー,Story_Main,,\N[1],……。,Sau đó Main rốt cuộc bị bắt phụ bán hàng cho đến tận lúc đóng cửa.
CommonEvents,447,メインストーリー22-2,メインストーリー,Story_Main,サキュバス,\C[5]サキュバス,"あっ、お兄さんじゃん。
何してるの？",Hôm nay cũng bán được nhiều hàng ghê~♪
CommonEvents,447,メインストーリー22-2,メインストーリー,Story_Main,,\N[1],"買い物しに来ただけですけど……、
あなたこそ何をしてるんですか？",M-Mệt mỏi quá...
CommonEvents,447,メインストーリー22-2,メインストーリー,Story_Main,サキュバス,\C[5]サキュバス,"見たら分かるでしょ？
サキュバスちゃんの道具屋、出張バージョンでーす♡",Cảm ơn anh trai nhiều nhé♡ Nhờ có anh mà tớ tẩu tán sạch sẽ hàng hóa luôn nà~
CommonEvents,447,メインストーリー22-2,メインストーリー,Story_Main,サキュバス,\C[5]サキュバス,"新規顧客獲得に向けた新しい施策なんだけど、
もう繁盛しちゃって困っちゃう♡",Thế sao... Tốt cho cô rồi...
CommonEvents,447,メインストーリー22-2,メインストーリー,Story_Main,サキュバス,\C[5]サキュバス,"あ、そうだ。お兄さん暇でしょ？
忙しいからお店手伝ってよ。","Á, quên mất."
CommonEvents,447,メインストーリー22-2,メインストーリー,Story_Main,,\N[1],"は？
なんで僕が。",Nè anh trai. Tiền lương hôm nay của anh nè♪
CommonEvents,447,メインストーリー22-2,メインストーリー,Story_Main,サキュバス,\C[5]サキュバス,"おねが～い♡
お客さんが多すぎて対応しきれないの。",Hả? Tôi đâu có ý định lấy tiền...
CommonEvents,447,メインストーリー22-2,メインストーリー,Story_Main,サキュバス,\C[5]サキュバス,"か弱いサキュバスちゃんを見捨てないで？
ね？　ね？",Nhưng anh đã làm việc thật mà đúng không? Vốn dĩ nên ký hợp đồng đàng hoàng thì tốt hơn.
CommonEvents,447,メインストーリー22-2,メインストーリー,Story_Main,,\N[1],……はぁ～……。,Thế tôi xin nhận vậy... Không ngờ cô lại chịu trả lương đấy.
CommonEvents,447,メインストーリー22-2,メインストーリー,Story_Main,,\N[1],それで、僕は何をしたらいいんですか？,Anh trai nghĩ tớ là loại người gì thế hả? Đâu phải loại vừa hút tinh dịch vừa bóc lột sức lao động chứ?
CommonEvents,447,メインストーリー22-2,メインストーリー,Story_Main,サキュバス,\C[5]サキュバス,"さっすがお兄さ～ん♡
じゃあまずはそっちの在庫持ってきて！",Phải kiếm tiền đúng luật lệ thì mới thú vị chứ. Với lại mang tiếng xấu cho cửa hàng thì phiền lắm.
CommonEvents,447,メインストーリー22-2,メインストーリー,Story_Main,,,その後\N[1]は、結局店仕舞いするまで手伝わされた。,Hơn nữa cho anh trai tiền thì thế nào anh trai cũng đem tiền đó cúng lại cho cửa hàng tớ mà đúng không?♡
CommonEvents,447,メインストーリー22-2,メインストーリー,Story_Main,サキュバス,\C[5]サキュバス,今日もいっぱい売れたな～♪,Ra là nhắm vào cái đó sao... Mà đúng là thế thật...
CommonEvents,447,メインストーリー22-2,メインストーリー,Story_Main,,\N[1],つ、疲れた……。,...Trông cô vui vẻ thật đấy. Dù bận rộn đến thế.
CommonEvents,447,メインストーリー22-2,メインストーリー,Story_Main,サキュバス,\C[5]サキュバス,"ありがとうお兄さん♡
おかげで商品ぜーんぶさばき切れたよ～。",Ừm. Vì vui mà♪
CommonEvents,447,メインストーリー22-2,メインストーリー,Story_Main,,\N[1],"そうですか……。
良かったですね……。","...Hồi tớ còn ở hầm ngục ấy, trò quyến rũ của tớ chẳng bao giờ thành công cả."
CommonEvents,447,メインストーリー22-2,メインストーリー,Story_Main,サキュバス,\C[5]サキュバス,あ、そうそう忘れてた。,Do cơ địa tớ ít tỏa ra Pheromone quyến rũ đặc trưng của Succubus nên chẳng có gã nào dính bẫy hết.
CommonEvents,447,メインストーリー22-2,メインストーリー,Story_Main,サキュバス,\C[5]サキュバス,"はい、お兄さん。
今日のお給料だよ♪","Rốt cuộc lần nào tớ cũng phải dùng nắm đấm đập nhừ tử mạo hiểm giả rồi lấy đồ nên sống thì không lo thiếu, nhưng chẳng thấy vui chút nào."
CommonEvents,447,メインストーリー22-2,メインストーリー,Story_Main,,\N[1],"えっ？
別にそんなつもりじゃ……。","Dù gì tớ cũng là Succubus mà, tớ cũng có khao khát dùng lời ngon ngọt dụ dỗ làm người khác nghe lời mình chứ."
CommonEvents,447,メインストーリー22-2,メインストーリー,Story_Main,サキュバス,\C[5]サキュバス,"でも働いたのは事実でしょ？
本当はちゃんと契約書交わした方がいいと思うけど。","Trước giờ chưa bao giờ được thỏa mãn, nhưng từ khi mở cửa hàng tớ mới cảm nhận được cái gọi là cảm giác thành tựu."
CommonEvents,447,メインストーリー22-2,メインストーリー,Story_Main,,\N[1],"じゃあ、一応もらっておきますけど……。
まさかあなたがくれるとは。","Mỗi khi khách hàng đồng ý mua món đồ tớ tiến cử, tớ thấy vui cực kỳ luôn."
CommonEvents,447,メインストーリー22-2,メインストーリー,Story_Main,サキュバス,\C[5]サキュバス,"お兄さんは私のことなんだと思ってるわけ？
精液だけじゃなくて労働力も搾り取ると思ってる？",...Ra là vậy sao.
CommonEvents,447,メインストーリー22-2,メインストーリー,Story_Main,サキュバス,\C[5]サキュバス,"ちゃんとルールにのっとって稼がないと面白くないじゃん。
店の悪評が立つデメリットも無視できないし。",Tớ không có ý định quay lại hầm ngục nữa đâu.
CommonEvents,447,メインストーリー22-2,メインストーリー,Story_Main,サキュバス,\C[5]サキュバス,"それに、お兄さんにお金渡しても
どうせうちの店に還元してくれるでしょ？♡",Thế nên tuyệt đối không được tiêu diệt tớ đâu đấy nhé?♡
CommonEvents,447,メインストーリー22-2,メインストーリー,Story_Main,,\N[1],"それが狙いか……。
まぁその通りですけど……。",Đến nước này rồi ai mà đi tiêu diệt cô nữa chứ.
CommonEvents,447,メインストーリー22-2,メインストーリー,Story_Main,,\N[1],"……あなたは楽しそうでしたね。
あんなに忙しかったのに。",...
CommonEvents,447,メインストーリー22-2,メインストーリー,Story_Main,サキュバス,\C[5]サキュバス,"うん。
だって楽しいもん♪",Hề... Dễ dàng tin tưởng tớ thế mà được sao~?
CommonEvents,447,メインストーリー22-2,メインストーリー,Story_Main,サキュバス,\C[5]サキュバス,"……私、ダンジョンにいた頃は
誘惑が全然上手くいかなくってさ。","Tớ nhìn thế này thôi chứ từng là đại ác quỷ làm ai nấy khiếp sợ với danh xưng ""Đôi Cánh Đen Bầu Máu"" đấy nhé?"
CommonEvents,447,メインストーリー22-2,メインストーリー,Story_Main,サキュバス,\C[5]サキュバス,"サキュバス特有の相手を発情させるフェロモンが
薄い体質だから、誰もひっかかってくれなかったの。",(Cái danh xưng gì mà sến cẩm thế)
CommonEvents,447,メインストーリー22-2,メインストーリー,Story_Main,サキュバス,\C[5]サキュバス,"結局毎回戦って冒険者を倒してたから
生活には困らなかったけど、楽しくはなかったよね。",Mà... Không hiểu sao tôi không có cảm giác nghi ngờ cô.
CommonEvents,447,メインストーリー22-2,メインストーリー,Story_Main,サキュバス,\C[5]サキュバス,"やっぱり私もサキュバスだからさ、相手を言葉巧みにそそのかして
自分の思い通りにしたいって欲求があるわけ。",Trái lại tôi còn muốn cổ vũ cô nữa cơ. Trên con đường làm thương nhân của cô.
CommonEvents,447,メインストーリー22-2,メインストーリー,Story_Main,サキュバス,\C[5]サキュバス,"ず～っと満たされることなんかなかったけど、
お店をやるようになって初めて、充実感？　みたいの、感じたかな。",Gì thế này. Cổ vũ sao. Kỳ cục ghê~
CommonEvents,447,メインストーリー22-2,メインストーリー,Story_Main,サキュバス,\C[5]サキュバス,"自分がおすすめした商品を買ってもらえた時、
すっごく嬉しいもん。","...Nhưng mà, lần đầu tiên có người nói với tớ câu đó đấy."
CommonEvents,447,メインストーリー22-2,メインストーリー,Story_Main,,\N[1],……そうですか。,Tức thật chứ~ Tự nhiên tớ lại thấy hơi vui vui mới chết chứ.
CommonEvents,447,メインストーリー22-2,メインストーリー,Story_Main,サキュバス,\C[5]サキュバス,もうダンジョンに戻る気はないかな。,Sống ở thành phố con người lâu quá chắc đầu óc tớ bị biến chất rồi quá.
CommonEvents,447,メインストーリー22-2,メインストーリー,Story_Main,サキュバス,\C[5]サキュバス,"だから、ぜ～ったい私のこと、
退治しちゃだめだよ？♡","Ôi trời ơi, danh dự đại ác quỷ của tớ tổn hại nghiêm trọng rồi~ Rõ ràng là Đôi Cánh Đen Bầu Máu cơ mà~"
CommonEvents,447,メインストーリー22-2,メインストーリー,Story_Main,,\N[1],今更しませんよそんなこと。,...Mà nguyên do là tại anh trai cả đấy nhé. Tại anh trai mà tớ mới chuyển nghề đấy.
CommonEvents,447,メインストーリー22-2,メインストーリー,Story_Main,サキュバス,\C[5]サキュバス,……。,"Thế nên là anh trai phải chịu trách nhiệm, làm khách ruột của cửa hàng tớ mãi mãi đấy nhé!"
CommonEvents,447,メインストーリー22-2,メインストーリー,Story_Main,サキュバス,\C[5]サキュバス,"へぇ～……。
そんな簡単に信用しちゃっていいの～？",...Vâng.
CommonEvents,447,メインストーリー22-2,メインストーリー,Story_Main,サキュバス,\C[5]サキュバス,"私、こう見えてもかつて「血塗られた黒き翼」として
恐れられた大悪魔だよ？",Á! Chẳng lẽ vừa rồi anh trai thấy tớ đáng yêu đúng không?
CommonEvents,447,メインストーリー22-2,メインストーリー,Story_Main,,\N[1],（なんだそのダサい二つ名）,...Không có đâu.
CommonEvents,447,メインストーリー22-2,メインストーリー,Story_Main,,\N[1],"まぁ……なんでしょうね。
不思議とあまりそういう気にはならないので。","Nè nè, đừng có lảng ánh mắt đi chứ, mau nói đi nào~♡ ""Tớ thích cô em Succubus nhất trên đời~♡"" đi nào♡"
CommonEvents,447,メインストーリー22-2,メインストーリー,Story_Main,,\N[1],"なんなら、ちょっとだけ応援してます。
あなたの商売人としての道を。",Ồi ôi thôi đi! Phiền phức quá!
CommonEvents,447,メインストーリー22-2,メインストーリー,Story_Main,サキュバス,\C[5]サキュバス,"何それ。応援て。
変なの～。",Tôi hiểu rồi...
CommonEvents,447,メインストーリー22-2,メインストーリー,Story_Main,サキュバス,\C[5]サキュバス,……でも、そういうこと言われたの、初めてかも。,Quả nhiên là như vậy nhỉ.
CommonEvents,447,メインストーリー22-2,メインストーリー,Story_Main,サキュバス,\C[5]サキュバス,"なんか悔しいな～。
ちょっと嬉しいって思っちゃった。",Cảm ơn cô nhiều.
CommonEvents,447,メインストーリー22-2,メインストーリー,Story_Main,サキュバス,\C[5]サキュバス,"ずっと人間の街で生活してるから、
感覚が変になっちゃったのかな。",Hẹn gặp lại cô sau.
CommonEvents,447,メインストーリー22-2,メインストーリー,Story_Main,サキュバス,\C[5]サキュバス,"あーあ、大悪魔としてのプライドが傷付いちゃうな～。
血塗られた黒き翼なのにな～。",……
CommonEvents,447,メインストーリー22-2,メインストーリー,Story_Main,サキュバス,\C[5]サキュバス,"……元はと言えば、お兄さんのせいなんだからね。
私が転職したのは。",Chắc mình cũng phải cố gắng hơn thôi.
CommonEvents,447,メインストーリー22-2,メインストーリー,Story_Main,サキュバス,\C[5]サキュバス,だからさ、責任取って、ず～っとウチの常連さんでいてね！,Tôi hiểu rồi...
CommonEvents,447,メインストーリー22-2,メインストーリー,Story_Main,,\N[1],……はい。,Quả nhiên là như vậy nhỉ.
CommonEvents,447,メインストーリー22-2,メインストーリー,Story_Main,サキュバス,\C[5]サキュバス,"あ！
もしかして今、私のこと可愛いって思った？",Cảm ơn cô nhiều.
CommonEvents,447,メインストーリー22-2,メインストーリー,Story_Main,,\N[1],……思ってないです。,Hẹn gặp lại cô sau.
CommonEvents,447,メインストーリー22-2,メインストーリー,Story_Main,サキュバス,\C[5]サキュバス,"ねぇねぇ、目逸らしてないで言ってよ～♡
「サキュバスちゃんのことしゅきしゅき～♡」って♡",……
CommonEvents,447,メインストーリー22-2,メインストーリー,Story_Main,,\N[1],"あぁ、もう！
うっとうしい！",Chắc mình cũng phải cố gắng hơn thôi.
CommonEvents,448,メインストーリー23-1,メインストーリー,Story_Main,,\N[1],セラさん、今日もよろしくお願いしま――。,"Sera ơi, hôm nay lại nhờ em giúp đỡ--"
CommonEvents,448,メインストーリー23-1,メインストーリー,Story_Main,セラ,\C[4]セラ,はい、よろしくお願いします。,"Vâng, xin nhờ anh giúp đỡ."
CommonEvents,448,メインストーリー23-1,メインストーリー,Story_Main,,\N[1],……。,...
CommonEvents,448,メインストーリー23-1,メインストーリー,Story_Main,,\N[1],分かりました、今日は牛娘の対策ですね？,"Tôi hiểu rồi, hôm nay là bài tập đối phó với Cow Girl đúng không?"
CommonEvents,448,メインストーリー23-1,メインストーリー,Story_Main,セラ,\C[4]セラ,"はい、その通りです。
さすがですね。","Vâng, đúng thế đấy ạ. Đúng là anh."
CommonEvents,448,メインストーリー23-1,メインストーリー,Story_Main,,\N[1],（セラさんの急なコスプレに慣れてきた自分が怖い）,"(Mình bắt đầu quen với mấy màn hóa trang đột ngột của Sera rồi, đáng sợ thật)"
CommonEvents,448,メインストーリー23-1,メインストーリー,Story_Main,セラ,\C[4]セラ,"牛娘……別名、ミノタウロス娘とも言われる種族は
その母性と大きなおっぱいが特徴のモンスター娘です。",Cow Girl... hay còn gọi là Minotaur Girl là chủng tộc nổi tiếng với tình mẫu tử và bộ ngực khổng lồ.
CommonEvents,448,メインストーリー23-1,メインストーリー,Story_Main,セラ,\C[4]セラ,"彼女たちは力も強いですが、どちらかと言えば
その胸で篭絡することを好みます。",Bọn họ tuy sức mạnh rất lớn nhưng lại thích dùng bộ ngực đó để quyến rũ đối phương hơn.
CommonEvents,448,メインストーリー23-1,メインストーリー,Story_Main,セラ,\C[4]セラ,"動物が角の大きさで強さを誇示するように、
牛娘にとってはおっぱいが魅力的がどうかがステータスなのです。","Giống như động vật khoe khoang sức mạnh qua độ lớn của sừng, đối với Cow Girl thì bộ ngực có gợi cảm hay không chính là đẳng cấp."
CommonEvents,448,メインストーリー23-1,メインストーリー,Story_Main,セラ,\C[4]セラ,"ですから今回は、おっぱい責め中心の施術を
行っていこうと思います。",Vì vậy hôm nay em định tiến hành bài trị liệu tập trung vào việc tấn công bằng ngực.
CommonEvents,448,メインストーリー23-1,メインストーリー,Story_Main,セラ,\C[4]セラ,"ちょうどこの牛柄ビキニは胸が露出していますから、
この治療にもってこいの衣装です。","Bộ đồ bikini họa tiết bò sữa này phần ngực lộ ra rất nhiều, cực kỳ thích hợp cho bài trị liệu lần này."
CommonEvents,448,メインストーリー23-1,メインストーリー,Story_Main,セラ,\C[4]セラ,"……なんだか鼻の下が伸びていませんか？
おっぱいに甘えられると思って喜んでしまっていますね？",...Sao mũi anh lại nở ra thế kia? Chắc anh đang sướng rên vì nghĩ sắp được nũng nịu với ngực em đúng không?
CommonEvents,448,メインストーリー23-1,メインストーリー,Story_Main,,\N[1],……ごめんなさい。,...Xin lỗi em.
CommonEvents,448,メインストーリー23-1,メインストーリー,Story_Main,セラ,\C[4]セラ,"まぁいいです。私のおっぱいを好きであるほど
牛娘のおっぱいに負けづらくなりますから。",Mà thôi không sao. Anh càng thích ngực em bao nhiêu thì càng khó bị bộ ngực của Cow Girl đánh bại bấy nhiêu.
CommonEvents,448,メインストーリー23-1,メインストーリー,Story_Main,セラ,\C[4]セラ,"それでは、柔らかさに包まれて理性を溶かさないように
頑張ってくださいね？",Vậy anh hãy cố gắng để lý trí không bị tan chảy trong sự mềm mại này nhé?
CommonEvents,449,メインストーリー23-2,メインストーリー,Story_Main,,\N[1],"牛娘のミルクって不思議ですね……。
飲むだけで身体に色々影響があるなんて。",Sữa của Cow Girl kỳ diệu thật đấy... Chỉ cần uống vào là cơ thể bị tác động đủ thứ.
CommonEvents,449,メインストーリー23-2,メインストーリー,Story_Main,セラ,\C[4]セラ,"それだけ栄養が詰まっているのでしょう。
上手く扱うことができれば良い薬にもなると聞きます。",Vâng. Nó chứa ma lực đặc biệt kích thích ham muốn của nam giới.
CommonEvents,449,メインストーリー23-2,メインストーリー,Story_Main,セラ,\C[4]セラ,ですが、一般の店に流通させることは難しいでしょうね。,Vì thế nếu bị họ cho uống sữa thì khả năng cao anh sẽ bị đánh bại ngay lập tức.
CommonEvents,449,メインストーリー23-2,メインストーリー,Story_Main,セラ,\C[4]セラ,"ミルクを飲んだ時の副作用は
男性だけでなく女性にもありますから。",Hôm nay em cũng đã chuẩn bị loại sữa có tác dụng tương tự.
CommonEvents,449,メインストーリー23-2,メインストーリー,Story_Main,,\N[1],"そうなんですか？
男だと精液が濃くなりましたけど……。",Anh hãy uống thử và chịu đựng xem sao nhé.
CommonEvents,449,メインストーリー23-2,メインストーリー,Story_Main,セラ,\C[4]セラ,"女性の場合は育乳効果があるのですが、
効果が強い余りに、母乳が出てしまうことがあります。",V-Vâng...
CommonEvents,449,メインストーリー23-2,メインストーリー,Story_Main,セラ,\C[4]セラ,"飲む度に母乳が溢れるとなると
中々常飲はできないでしょう。","Nào, há miệng ra em cho uống sữa nè..."
CommonEvents,449,メインストーリー23-2,メインストーリー,Story_Main,,\N[1],"へぇ……。
それは確かに困っちゃいますね。",Ực... ực...
CommonEvents,449,メインストーリー23-2,メインストーリー,Story_Main,,\N[1],……ん？,Sữa trôi xuống cổ họng... Cảm giác cơ thể bắt đầu nóng lên rồi...
CommonEvents,449,メインストーリー23-2,メインストーリー,Story_Main,,\N[1],"あれ？
なんかビキニの先端が濡れてませんか？",Hì hì... Hiệu quả tức thì nhỉ.
CommonEvents,449,メインストーリー23-2,メインストーリー,Story_Main,セラ,\C[4]セラ,……。,"Nào, tiếp theo em sẽ cho anh uống trực tiếp từ ngực em nhé...♡"
CommonEvents,449,メインストーリー23-2,メインストーリー,Story_Main,,\N[1],"え？
もしかして……。",Éc!? T-Trực tiếp sao!?
CommonEvents,449,メインストーリー23-2,メインストーリー,Story_Main,セラ,\C[4]セラ,"……少し味見をしただけだったんです。
味も美味しいと耳にしたので……。",Vâng. Cow Girl thường cưỡng ép mạo hiểm giả bú sữa trực tiếp từ bầu ngực của họ mà.
CommonEvents,449,メインストーリー23-2,メインストーリー,Story_Main,セラ,\C[4]セラ,"でもまさか、ほんの少しでも
身体に影響があるとは思わなかったんです……。",Nên đây là bài thực hành bắt buộc.
CommonEvents,449,メインストーリー23-2,メインストーリー,Story_Main,,\N[1],"飲んだんですね……。
牛娘のミルク……。","Nào, áp mặt anh vào ngực em đi nào...♡"
CommonEvents,449,メインストーリー23-2,メインストーリー,Story_Main,セラ,\C[4]セラ,"先ほど自分でも搾ったところなのに、
また出てきてしまいました……。",Chụttt... mút mút...♡
CommonEvents,449,メインストーリー23-2,メインストーリー,Story_Main,セラ,\C[4]セラ,"……あの。
お嫌でなければで構わないのですが……、","Ưm... ah♡
Uống nhiều sữa tươi của em vào nhé...♡"
CommonEvents,449,メインストーリー23-2,メインストーリー,Story_Main,セラ,\C[4]セラ,"その……少し、吸っていただいても
いいでしょうか……？",Sữa ấm nóng tràn ngập trong miệng... Ngọt ngào quá...
CommonEvents,449,メインストーリー23-2,メインストーリー,Story_Main,,\N[1],えぇ！？,Ngoan lắm... Hãy uống hết sạch sữa trong ngực em đi nào...♡
CommonEvents,449,メインストーリー23-2,メインストーリー,Story_Main,セラ,\C[4]セラ,"手で触るだけだと上手く搾れないんです。
口で直接吸っていただけると、助かるのですが……。",Mút mút... chẹp chẹp...♡
CommonEvents,449,メインストーリー23-2,メインストーリー,Story_Main,,\N[1],わ……分かり、ました……。,"Ưm... ah♡
Con cu sưng to cứng ngắc lên rồi kìa...♡"
CommonEvents,449,メインストーリー23-2,メインストーリー,Story_Main,セラ,\C[4]セラ,ありがとうございます。,Bắn tinh dịch ra đi nào... ngoan lắm.
CommonEvents,449,メインストーリー23-2,メインストーリー,Story_Main,セラ,\C[4]セラ,では、お願いできますか？,"Ưm... nuốt ực...♡
Cảm ơn anh vì buổi trị liệu tuyệt vời nhé...♡"
CommonEvents,449,メインストーリー23-2,メインストーリー,Story_Main,,\N[1],"ごくっ……。
……と、とりあえず、優しく吸いますね……？",Bài trị liệu bú sữa Cow Girl kết thúc!
CommonEvents,449,メインストーリー23-2,メインストーリー,Story_Main,セラ,\C[4]セラ,んっ……♡,Hà... hà...
CommonEvents,449,メインストーリー23-2,メインストーリー,Story_Main,セラ,\C[4]セラ,"ご遠慮なく、ちゅうちゅうと吸ってください……♡
んっ、ふ……っ♡",Anh vất vả rồi.
CommonEvents,449,メインストーリー23-2,メインストーリー,Story_Main,セラ,\C[4]セラ,"あっ……奥から溢れてきてるのを感じます……♡
おっぱい吸うの、お上手です。",Sữa của em... Ngon tuyệt vời...
CommonEvents,449,メインストーリー23-2,メインストーリー,Story_Main,セラ,\C[4]セラ,"できれば、もう少し強く吸い付いていただいて……、
あっ、ん……♡　そうです、良い調子です……♡",Hì hì... Cảm ơn anh đã khen.
CommonEvents,449,メインストーリー23-2,メインストーリー,Story_Main,セラ,\C[4]セラ,"ふふ……なんだか赤ちゃんみたいで可愛いです。
授乳していると愛おしい気持ちになってしまいますね。",Nhưng bài trị liệu hôm nay anh chịu đựng giỏi lắm đấy.
CommonEvents,449,メインストーリー23-2,メインストーリー,Story_Main,セラ,\C[4]セラ,"よし、よし……♡
おっぱい飲めてえらいね……♡",Cứ tiếp tục phát huy nhé.
CommonEvents,449,メインストーリー23-2,メインストーリー,Story_Main,セラ,\C[4]セラ,たくさん飲んで大きくなろうね……♡,Vâng!
CommonEvents,449,メインストーリー23-2,メインストーリー,Story_Main,セラ,\C[4]セラ,"んっ……吸う力が強くなった……♡
あやされて嬉しかったんですか？",Bài trị liệu tiếp theo em sẽ dùng sữa ngực cưng nựng anh hơn nữa nhé...♡
CommonEvents,449,メインストーリー23-2,メインストーリー,Story_Main,セラ,\C[4]セラ,相変わらずあなたは甘えん坊さんですね。,Chụtttt... mút mút...♡
CommonEvents,449,メインストーリー23-2,メインストーリー,Story_Main,セラ,\C[4]セラ,"ご厚意で母乳を飲んでいただいていますから、
私もお礼にあなたを甘やかして差し上げます。","Ưm... ah♡
Bắn hết tinh dịch vào miệng em đi nào...♡"
CommonEvents,449,メインストーリー23-2,メインストーリー,Story_Main,セラ,\C[4]セラ,"夢中でおっぱいをちゅうちゅうするあなたのお背中を、
優しくとんとんと叩いていますね。",Ngoan lắm... em đã nuốt hết rồi.
CommonEvents,449,メインストーリー23-2,メインストーリー,Story_Main,セラ,\C[4]セラ,"んっ……♡
よしよし……いい子、いい子……♡","Ưm... ah♡
Ngoan ngoan... Bé cưng giỏi lắm...♡"
CommonEvents,449,メインストーリー23-2,メインストーリー,Story_Main,,,セラの母乳が出なくなるまで授乳は続いた。,Việc cho bú sữa kéo dài cho đến khi ngực Sera hết sạch sữa mới dừng lại.
CommonEvents,450,メインストーリー24-1,メインストーリー,Story_Main,,\N[1],セラさん、失礼します。,"Sera ơi, tôi xin phép vào--"
CommonEvents,450,メインストーリー24-1,メインストーリー,Story_Main,,\N[1],"（この間の突然の牛柄ビキニは確かにびっくりしたけど、
意外と落ち着いて対処できてしまったな……）","(Bộ bikini bò sữa đột ngột hôm nọ đúng là giật mình thật, nhưng dạo này mình bình tĩnh xử lý được rồi...)"
CommonEvents,450,メインストーリー24-1,メインストーリー,Story_Main,,\N[1],（この調子だともう何が起こっても驚かないかもしれない）,(Cứ đà này chắc giờ có chuyện gì xảy ra mình cũng không bất ngờ nổi nữa đâu)
CommonEvents,450,メインストーリー24-1,メインストーリー,Story_Main,セラ×2,\C[4]セラ×2,こんにちは。,Xin chào anh.
CommonEvents,450,メインストーリー24-1,メインストーリー,Story_Main,,\N[1],うわーーー！？,U OAAAAAA!?
CommonEvents,450,メインストーリー24-1,メインストーリー,Story_Main,セラ（左）,\C[4]セラ（左）,そんなに驚かなくてもいいじゃないですか。,Đâu cần phải giật mình đến mức đó chứ.
CommonEvents,450,メインストーリー24-1,メインストーリー,Story_Main,セラ（右）,\C[4]セラ（右）,"そうですよ。
私が二人になっただけだというのに。",Đúng thế đấy ạ. Em chỉ phân thân ra thành hai người thôi mà.
CommonEvents,450,メインストーリー24-1,メインストーリー,Story_Main,,\N[1],"いや……え？
なんで二人いるんですか？",Không... Hả? Sao lại có tới hai Sera thế này!?
CommonEvents,450,メインストーリー24-1,メインストーリー,Story_Main,セラ（左）,\C[4]セラ（左）,"分身の魔法ですよ。
片方は魔力で形作られた身体です。",Đó là ma thuật phân thân đấy ạ. Một bên là cơ thể tạo thành từ ma lực.
CommonEvents,450,メインストーリー24-1,メインストーリー,Story_Main,セラ（右）,\C[4]セラ（右）,"もっとも、完全なコピーなので
言動や振る舞いは本人と言っても差し支えありません。",Tuy nhiên vì là bản sao hoàn hảo nên lời nói và hành vi cũng hệt như bản gốc không khác chút nào.
CommonEvents,450,メインストーリー24-1,メインストーリー,Story_Main,,\N[1],……交互に喋られると頭が変になりそうです……。,...Hai người cứ luân phiên nói thế này đầu tôi sắp điên mất...
CommonEvents,450,メインストーリー24-1,メインストーリー,Story_Main,セラ（左）,\C[4]セラ（左）,"この程度で混乱してはいけませんよ。
今から二人がかりで治療を行うのに、幸先が悪いですね。",Chừng này mà đã rối bời rồi sao. Chuẩn bị hai người bọn em cùng trị liệu cho anh mà khởi đầu thế này là không tốt đâu nhé.
CommonEvents,450,メインストーリー24-1,メインストーリー,Story_Main,セラ（右）,\C[4]セラ（右）,"本日は対多人数戦を想定した治療です。
圧倒的に不利な状況ですから、中々厳しい戦いになるでしょう。",Hôm nay là bài trị liệu mô phỏng chiến đấu với nhiều đối thủ cùng lúc. Trong tình thế bất lợi tuyệt đối thế này sẽ là một trận chiến rất gay go đấy.
CommonEvents,450,メインストーリー24-1,メインストーリー,Story_Main,セラ（右）,\C[4]セラ（右）,"例えば、こんな風に左右から迫られると
あなたには効いてしまうかもしれません。","Ví dụ như thế này, khi bị tấn công từ cả hai phía trái phải thế này anh sẽ bị dính đòn ngay."
CommonEvents,450,メインストーリー24-1,メインストーリー,Story_Main,セラ（右&左）,\C[4]セラ（右&左）,好き♡　好き♡　大好き♡,Thích anh quá♡ Thích anh quá♡ Yêu anh nhất đời♡
CommonEvents,450,メインストーリー24-1,メインストーリー,Story_Main,セラ（右&左）,\C[4]セラ（右&左）,私たち二人にあなたの可愛いところ、見せてください♡,Hãy cho hai bọn em xem dáng vẻ đáng yêu của anh đi nào...♡
CommonEvents,450,メインストーリー24-1,メインストーリー,Story_Main,セラ（左）,\C[4]セラ（左）,"おや。左右どちらにも顔を背けられなくて
俯いてしまいました。",Ồ. Không thể quay mặt sang trái hay phải nên anh đành cúi gập mặt xuống kìa.
CommonEvents,450,メインストーリー24-1,メインストーリー,Story_Main,セラ（右）,\C[4]セラ（右）,"これは治療がとても楽しみ……ではなく、
先行き不安ですね。","Thế này thì bài trị liệu sẽ rất đáng mong chờ... à không, thật đáng lo ngại quá đi."
CommonEvents,450,メインストーリー24-1,メインストーリー,Story_Main,セラ（右&左）,\C[4]セラ（右&左）,それでは、二人で囲い込んでいじめてしまいましょう。,Vậy thì hai bọn em sẽ cùng vây hãm hành hạ anh nhé.
CommonEvents,451,メインストーリー24-2,メインストーリー,Story_Main,,,治療が終わった後のこと……。,Sau khi buổi trị liệu kết thúc...
CommonEvents,451,メインストーリー24-2,メインストーリー,Story_Main,,\N[1],"今日もありがとうございました。
では、失礼します。",Hôm nay cảm ơn hai em nhiều. Tôi xin phép về đây.
CommonEvents,451,メインストーリー24-2,メインストーリー,Story_Main,セラ,\C[4]セラ,……少し待ってください。,...Xin anh chờ một chút.
CommonEvents,451,メインストーリー24-2,メインストーリー,Story_Main,セラ,\C[4]セラ,大事なお話があります。,Em có chuyện quan trọng muốn nói.
CommonEvents,451,メインストーリー24-2,メインストーリー,Story_Main,,\N[1],"……？
は、はい。",...? V-Vâng.
CommonEvents,451,メインストーリー24-2,メインストーリー,Story_Main,セラ,\C[4]セラ,……。,...
CommonEvents,451,メインストーリー24-2,メインストーリー,Story_Main,セラ,\C[4]セラ,"まず……ここまでよく頑張りました。
最初と比べてあなたは格段に成長したと思います。",Trước hết... Anh đã rất cố gắng cho đến tận hôm nay. So với hồi đầu anh đã trưởng thành hơn rất nhiều.
CommonEvents,451,メインストーリー24-2,メインストーリー,Story_Main,,\N[1],ありがとうございます……？,Cảm ơn em...?
CommonEvents,451,メインストーリー24-2,メインストーリー,Story_Main,セラ,\C[4]セラ,"ですから……、
早漏治療は次で最後とさせていただきます。",Vì thế... Bài trị liệu xuất tinh sớm đợt tới sẽ là lần cuối cùng.
CommonEvents,451,メインストーリー24-2,メインストーリー,Story_Main,,\N[1],え……っ？,Éc...!? Cái gì...!?
CommonEvents,451,メインストーリー24-2,メインストーリー,Story_Main,セラ,\C[4]セラ,"あなたがモンスター娘に負けないようになれば
もう治療は必要ないでしょう？",Một khi anh không còn bị Monster Girl đánh bại nữa thì đâu cần phải trị liệu nữa đúng không?
CommonEvents,451,メインストーリー24-2,メインストーリー,Story_Main,,\N[1],いやっ、でも、全然まだ弱いままですし……。,"Kh-Không đâu, tôi vẫn còn yếu lắm mà..."
CommonEvents,451,メインストーリー24-2,メインストーリー,Story_Main,,\N[1],……治療が終わっても、セラさんとは会えますよね？,...Dù trị liệu có kết thúc thì tôi vẫn được gặp Sera đúng không?
CommonEvents,451,メインストーリー24-2,メインストーリー,Story_Main,セラ,\C[4]セラ,"……。
それはできません。",...Chuyện đó không được.
CommonEvents,451,メインストーリー24-2,メインストーリー,Story_Main,セラ,\C[4]セラ,"前にお伝えしたはずです。
私は治療という名目でしかあなたに会えない存在です。",Trước đây em đã từng nói rồi. Em là sự tồn tại chỉ có thể gặp anh dưới danh nghĩa trị liệu mà thôi.
CommonEvents,451,メインストーリー24-2,メインストーリー,Story_Main,セラ,\C[4]セラ,"治療が終わればそれまで……。
元よりそういう関係だったというだけです。",Trị liệu kết thúc thì mọi chuyện cũng chấm dứt... Vốn dĩ mối quan hệ của chúng ta chỉ có thế mà thôi.
CommonEvents,451,メインストーリー24-2,メインストーリー,Story_Main,,\N[1],"そんな……。
だとしても、早すぎやしませんか？",Làm sao có thể... Dù thế đi nữa thì có quá đường đột không em?
CommonEvents,451,メインストーリー24-2,メインストーリー,Story_Main,,\N[1],"僕はまだまだ人より誘惑に弱いし、
セラさんの治療が必要ですよ！","Tôi vẫn còn dễ bị quyến rũ hơn người khác nhiều lắm, tôi vẫn cần bài trị liệu của Sera mà!"
CommonEvents,451,メインストーリー24-2,メインストーリー,Story_Main,セラ,\C[4]セラ,救いが必要かどうかは私が判断することです。,Việc anh có cần sự cứu rỗi nữa hay không là do em phán đoán.
CommonEvents,451,メインストーリー24-2,メインストーリー,Story_Main,セラ,\C[4]セラ,"あなたにはある程度お教えしたでしょう？
私たち天使のことを。",Em đã dạy cho anh khá nhiều điều rồi đúng không? Về Thiên Sứ chúng em.
CommonEvents,451,メインストーリー24-2,メインストーリー,Story_Main,セラ,\C[4]セラ,"我々の行いは掟で雁字搦めにされているんです。
そしてその全てをつまびらかにすることもまた、規制の範疇です。",Hành vi của chúng em bị trói buộc chặt chẽ bởi Luật lệ. Và việc tiết lộ toàn bộ mọi chuyện cũng nằm trong phạm vi bị cấm đoán.
CommonEvents,451,メインストーリー24-2,メインストーリー,Story_Main,セラ,\C[4]セラ,"そんな相手になぜ、と問いかけたところで意味がありません。
どうしようもないのですから。",Anh có gặng hỏi một người như em nguyên do tại sao cũng vô ích thôi. Vì em chẳng thể làm khác được.
CommonEvents,451,メインストーリー24-2,メインストーリー,Story_Main,セラ,\C[4]セラ,"急なご報告になったことはお詫びします。
ですが、どうか納得してください。",Em xin lỗi vì thông báo đột ngột này. Nhưng mong anh hãy chấp nhận.
CommonEvents,451,メインストーリー24-2,メインストーリー,Story_Main,セラ,\C[4]セラ,これは……最初から決まっていた結末なのですから。,Bởi vì... Đây là kết cục đã được định sẵn ngay từ đầu rồi.
CommonEvents,451,メインストーリー24-2,メインストーリー,Story_Main,セラ,\C[4]セラ,"……私は次に向けて準備しないといけませんから、
そろそろお引き取り願えますか？",...Em cần phải chuẩn bị cho lần đợt tới nên anh xin phép ra về cho em được không?
CommonEvents,451,メインストーリー24-2,メインストーリー,Story_Main,,\N[1],……っ。,...~!
CommonEvents,451,メインストーリー24-2,メインストーリー,Story_Main,,\N[1],分かり、ました……。,Tôi... hiểu rồi...
CommonEvents,451,メインストーリー24-2,メインストーリー,Story_Main,セラ,\C[4]セラ,……。,...
CommonEvents,451,メインストーリー24-2,メインストーリー,Story_Main,,\N[1],はぁ……。,Hà...
CommonEvents,451,メインストーリー24-2,メインストーリー,Story_Main,,\N[1],どうして急にあんなことを……。,Tại sao đột nhiên lại nói những lời như thế...
CommonEvents,451,メインストーリー24-2,メインストーリー,Story_Main,,\N[1],（絶対変だ。いきなり終わりだなんて）,(Kỳ lạ thật. Đột ngột kết thúc thế này rõ ràng có gì đó bất thường)
CommonEvents,451,メインストーリー24-2,メインストーリー,Story_Main,,\N[1],"（……あんな風に冷たくあしらわれてしまったら、
一番最初に会った時のことを思い出すな）",(...Bị cô ấy đối xử lạnh nhạt như thế khiến mình nhớ lại lần đầu tiên gặp nhau)
CommonEvents,451,メインストーリー24-2,メインストーリー,Story_Main,,\N[1],（無表情で、怖くて、しかもHな治療を勧めてくるし）,"(Nét mặt không cảm xúc, đáng sợ, lại còn chủ động đề xuất bài trị liệu dâm mát nữa chứ)"
CommonEvents,451,メインストーリー24-2,メインストーリー,Story_Main,,\N[1],"（なんなんだこの人って思ってたけど、
本当は可愛い人で……）","(Lúc đó mình nghĩ cô ấy là người thế nào không biết, nhưng thực ra cô ấy lại là một người rất đáng yêu...)"
CommonEvents,451,メインストーリー24-2,メインストーリー,Story_Main,,\N[1],"（あれから一緒に色んなところに行ったし、
何度も治療を受けさせてもらった）","(Từ đó đến nay mình và cô ấy đã đi cùng nhau rất nhiều nơi, trải qua biết bao nhiêu buổi trị liệu)"
CommonEvents,451,メインストーリー24-2,メインストーリー,Story_Main,,\N[1],"（ようやくセラさんのことを
分かってきたと思ったのに……）",(Cứ ngỡ là cuối cùng mình cũng đã bắt đầu hiểu được Sera...)
CommonEvents,451,メインストーリー24-2,メインストーリー,Story_Main,,\N[1],（もしかして、僕に飽きちゃったのかな）,(Chẳng lẽ... em ấy đã chán mình rồi sao)
CommonEvents,451,メインストーリー24-2,メインストーリー,Story_Main,,\N[1],"考えてもらちが明かないな……。
買い物にでも行って気晴らししよう。",Cứ suy nghĩ thế này cũng chẳng giải quyết được gì... Đi mua sắm chút cho khuây khỏa vậy.
CommonEvents,451,メインストーリー24-2,メインストーリー,Story_Main,サキュバス,\C[5]サキュバス,いらっしゃいませーっ！,Xin kính chào quý khách---!
CommonEvents,451,メインストーリー24-2,メインストーリー,Story_Main,サキュバス,\C[5]サキュバス,"って、お兄さん死にそうな顔してるよー？
回復薬いる？　100ゴールドだけど。","Ủa, anh trai sao mặt mũi như sắp chết thế kia? Cần thuốc hồi phục không? 100 Gold một chai nà."
CommonEvents,451,メインストーリー24-2,メインストーリー,Story_Main,,\N[1],ちゃんとお金取るんですね……。,Vẫn lấy tiền đàng hoàng nhỉ...
CommonEvents,451,メインストーリー24-2,メインストーリー,Story_Main,サキュバス,\C[5]サキュバス,"当たり前じゃん。
お店なんだから。","Đương nhiên rồi, cửa hàng mà."
CommonEvents,451,メインストーリー24-2,メインストーリー,Story_Main,サキュバス,\C[5]サキュバス,"で、何？
ついに天使ちゃんにフられちゃった～？♪",Thế sao vậy? Cuối cùng cũng bị cô em Thiên Sứ đá rồi à~?♪
CommonEvents,451,メインストーリー24-2,メインストーリー,Story_Main,,\N[1],はい、そうです……。,"Vâng, đúng thế..."
CommonEvents,451,メインストーリー24-2,メインストーリー,Story_Main,サキュバス,\C[5]サキュバス,"えっ？　本当にそうなの？
お兄さん何かやらかした？",Éc!? Thật sao!? Anh trai lỡ làm trò gì bốc đồng à?
CommonEvents,451,メインストーリー24-2,メインストーリー,Story_Main,,\N[1],"さぁ……。今日クリニックで急に、
もう次で治療は終わりだからそれ以降は会えないって……。",Ai biết đâu... Hôm nay ở phòng khám em ấy đột nhiên bảo đợt trị liệu tới là lần cuối cùng rồi từ đó về sau không gặp lại nữa...
CommonEvents,451,メインストーリー24-2,メインストーリー,Story_Main,サキュバス,\C[5]サキュバス,"ふーん。残念だったね。
で、今日は何を買ってくれるの？♡",Hừm. Tiếc cho anh nhỉ. Thế hôm nay anh mua gì cho tớ nà?♡
CommonEvents,451,メインストーリー24-2,メインストーリー,Story_Main,,\N[1],"こいつ……。
えーっと、じゃあこの間気になってた指南書を……あ。","Cái cô này... Ờm, thế lấy cho tôi cuốn sách hướng dẫn hôm nọ... À."
CommonEvents,451,メインストーリー24-2,メインストーリー,Story_Main,,\N[1],……もう治療しないならいらないのか……。,(...Nếu không trị liệu nữa thì mua làm gì nữa đâu...)
CommonEvents,451,メインストーリー24-2,メインストーリー,Story_Main,,\N[1],すみません、やっぱりいいです。,"Xin lỗi cô, thôi tôi không mua nữa."
CommonEvents,451,メインストーリー24-2,メインストーリー,Story_Main,サキュバス,\C[5]サキュバス,"えー！！　ちょっとちょっと！
帰ろうとしないでよ！",Écc!! Nè này! Đừng có bỏ đi chứ!
CommonEvents,451,メインストーリー24-2,メインストーリー,Story_Main,サキュバス,\C[5]サキュバス,"確かにいっつもその治療？　のための道具しか
買わないけど、それ以外の商品は眼中に無し！？","Đúng là bình thường anh chỉ mua đồ phục vụ cho đợt trị liệu đó thật, nhưng ngoài mấy cái đó ra anh không thèm ngó ngàng gì đến đồ khác luôn sao!?"
CommonEvents,451,メインストーリー24-2,メインストーリー,Story_Main,サキュバス,\C[5]サキュバス,"じゃあ今後ウチで買ってくれないの！？
お兄さんはウチの常連でい続けるんじゃなかったの！？",Thế từ giờ anh không mua đồ ở tiệm tớ nữa à!? Chẳng lẽ anh trai không làm khách ruột của tiệm tớ nữa sao!?
CommonEvents,451,メインストーリー24-2,メインストーリー,Story_Main,,\N[1],そう言われても、治療が終わるんだからしょうがないでしょう。,Có nói thế thì trị liệu kết thúc rồi đành chịu thôi chứ biết làm sao.
CommonEvents,451,メインストーリー24-2,メインストーリー,Story_Main,,\N[1],"じゃああなたには何か思い当たる節は無いですか？
セラさんが急に治療をやめようとしてる理由。",Thế cô có đoán được nguyên do gì không? Lý do làm Sera đột nhiên muốn dừng trị liệu ấy.
CommonEvents,451,メインストーリー24-2,メインストーリー,Story_Main,サキュバス,\C[5]サキュバス,んー、私にはさっぱり分かんない☆,"Hừm, tớ thì bó tay hoàn toàn☆"
CommonEvents,451,メインストーリー24-2,メインストーリー,Story_Main,,\N[1],"そうですか。
さようなら。",Thế sao. Tạm biệt cô.
CommonEvents,451,メインストーリー24-2,メインストーリー,Story_Main,サキュバス,\C[5]サキュバス,"待って待って待って！
「私には」って言ってるでしょ！","Khoan khoan khoan! Tớ bảo ""tớ thì bó tay"" cơ mà!"
CommonEvents,451,メインストーリー24-2,メインストーリー,Story_Main,サキュバス,\C[5]サキュバス,"なんか聞いてる感じ、お兄さんには
色々分かってる気がするんだけど。",Nghe anh trai kể thì tớ thấy hình như chính anh trai mới là người biết rõ mọi chuyện đấy chứ.
CommonEvents,451,メインストーリー24-2,メインストーリー,Story_Main,,\N[1],"……？
どういう意味ですか？",...? Ý cô là sao?
CommonEvents,451,メインストーリー24-2,メインストーリー,Story_Main,サキュバス,\C[5]サキュバス,"だってさー、天使ちゃんがもう治療の必要がないって
言ったんでしょ？",Thì là cô em Thiên Sứ bảo không cần trị liệu nữa đúng không?
CommonEvents,451,メインストーリー24-2,メインストーリー,Story_Main,サキュバス,\C[5]サキュバス,"私からすれば、天使ちゃんがそう言うなら
そうなんだろうなって思うんだけど。",Dưới góc nhìn của tớ thì cô em Thiên Sứ nói thế thì chắc là như thế thật thôi.
CommonEvents,451,メインストーリー24-2,メインストーリー,Story_Main,サキュバス,\C[5]サキュバス,逆になんでお兄さんはそれが変だって思うわけ？,Thế ngược lại tại sao anh trai lại thấy chuyện đó bất thường?
CommonEvents,451,メインストーリー24-2,メインストーリー,Story_Main,,\N[1],だってそれは……。,Thì là bởi vì...
CommonEvents,451,メインストーリー24-2,メインストーリー,Story_Main,,\N[1],それは……。,Bởi vì...
CommonEvents,451,メインストーリー24-2,メインストーリー,Story_Main,,\N[1],……上手く説明できないです。,...Tôi không giải thích rõ ràng được.
CommonEvents,451,メインストーリー24-2,メインストーリー,Story_Main,サキュバス,\C[5]サキュバス,"なんかさ、疑うとかいうレベルじゃなくて
確信してるじゃん、おかしいってことを","Anh trai không dừng ở mức nghi ngờ đâu, mà đang khẳng định chắc chắn rằng chuyện này có vấn đề đúng không."
CommonEvents,451,メインストーリー24-2,メインストーリー,Story_Main,サキュバス,\C[5]サキュバス,"私は天使ちゃんとお兄さんの関係なんてよく知らないけど、
そこまで言い切れるんだったら逆に通じ合ってるよね。","Tớ thì không rõ mối quan hệ giữa hai người thế nào, nhưng nếu anh trai dám khẳng định đến mức đó thì rõ ràng hai người hiểu nhau lắm rồi."
CommonEvents,451,メインストーリー24-2,メインストーリー,Story_Main,サキュバス,\C[5]サキュバス,"そう考えたら絶対お兄さんの方が色々分かってるんだし、
私じゃなくて自分の直感の方が信頼度高いでしょ。","Nghĩ thế thì tuyệt đối anh trai biết rõ hơn tớ nhiều, thay vì tin tớ thì tin vào linh cảm của chính mình chẳng phải đáng tin hơn sao."
CommonEvents,451,メインストーリー24-2,メインストーリー,Story_Main,,\N[1],……。,...
CommonEvents,451,メインストーリー24-2,メインストーリー,Story_Main,サキュバス,\C[5]サキュバス,"はぁ。顧客を引き留めるためには
メンタルケアまでしないといけないなんて……。",Hà. Để giữ chân khách hàng mà tớ phải làm cả chuyên gia tư vấn tâm lý thế này...
CommonEvents,451,メインストーリー24-2,メインストーリー,Story_Main,サキュバス,\C[5]サキュバス,"とりあえず今は話し相手になってあげるから
何も買わずに帰んないで。",Tạm thời tớ sẽ làm người lắng nghe anh trai tâm sự nên đừng có không mua gì mà bỏ về đấy nhé.
CommonEvents,451,メインストーリー24-2,メインストーリー,Story_Main,,\N[1],分かりましたよ……。,Tôi hiểu rồi...
CommonEvents,451,メインストーリー24-2,メインストーリー,Story_Main,,\N[1],（直感、か……）,(Linh cảm sao...)
CommonEvents,451,メインストーリー24-2,メインストーリー,Story_Main,,\N[1],（僕の中に答えがある、のか……？）,(Đáp án nằm trong chính bản thân mình sao...?)
CommonEvents,452,メインストーリー25-1,メインストーリー,Story_Main,,\N[1],（とうとうこの日が来てしまった）,(Rốt cuộc ngày này cũng đã đến)
CommonEvents,452,メインストーリー25-1,メインストーリー,Story_Main,セラ,\C[4]セラ,"ですから……、
早漏治療は次で最後とさせていただきます。",Vì thế... Bài trị liệu xuất tinh sớm đợt tới sẽ là lần cuối cùng.
CommonEvents,452,メインストーリー25-1,メインストーリー,Story_Main,,\N[1],（本当に、終わってしまうのか？）,(Thực sự... mọi chuyện sẽ kết thúc sao?)
CommonEvents,452,メインストーリー25-1,メインストーリー,Story_Main,,\N[1],（もう、セラさんと会えないのか……？）,(Sẽ không bao giờ được gặp lại Sera nữa sao...?)
CommonEvents,452,メインストーリー25-1,メインストーリー,Story_Main,,\N[1],失礼しま――。,Tôi xin phép vào--
CommonEvents,452,メインストーリー25-1,メインストーリー,Story_Main,セラ,\C[4]セラ,待ってください。,Xin anh chờ một chút.
CommonEvents,452,メインストーリー25-1,メインストーリー,Story_Main,,\N[1],……セラさん？,...Sera?
CommonEvents,452,メインストーリー25-1,メインストーリー,Story_Main,セラ,\C[4]セラ,"まだ準備ができていません。
椅子に座って待っていてください。",Em vẫn chưa chuẩn bị xong. Anh hãy ngồi ở ghế chờ em một chút.
CommonEvents,452,メインストーリー25-1,メインストーリー,Story_Main,,\N[1],別に、僕の前で準備してもらっても大丈夫ですが……。,Tôi vào trong xem em chuẩn bị cũng đâu có sao...
CommonEvents,452,メインストーリー25-1,メインストーリー,Story_Main,セラ,\C[4]セラ,"いいから。
入らないでください。",Không được. Anh đừng vào.
CommonEvents,452,メインストーリー25-1,メインストーリー,Story_Main,,\N[1],"……分かりました。
でも、ここから話すくらいはいいですよね？",...Tôi hiểu rồi. Nhưng nói chuyện từ ngoài này thế này chắc không sao chứ em?
CommonEvents,452,メインストーリー25-1,メインストーリー,Story_Main,セラ,\C[4]セラ,……。,...
CommonEvents,452,メインストーリー25-1,メインストーリー,Story_Main,,\N[1],"寂しいですね。
これで終わりなんて。",Buồn thật đấy. Thế là mọi chuyện kết thúc rồi.
CommonEvents,452,メインストーリー25-1,メインストーリー,Story_Main,セラ,\C[4]セラ,"仕方のないことです。
むしろ、患者として治療が終わることを喜ぶべきです。",Đó là chuyện không thể tránh khỏi. Trái lại với tư cách bệnh nhân anh nên vui mừng vì trị liệu đã hoàn thành.
CommonEvents,452,メインストーリー25-1,メインストーリー,Story_Main,セラ,\C[4]セラ,あなたが冒険者として大きく前進したということですから。,Bởi vì điều đó chứng tỏ anh đã tiến một bước dài trên con đường làm mạo hiểm giả.
CommonEvents,452,メインストーリー25-1,メインストーリー,Story_Main,,\N[1],そうかもしれませんね。,Có lẽ là như thế.
CommonEvents,452,メインストーリー25-1,メインストーリー,Story_Main,,\N[1],じゃあ、セラさんは？,Thế còn Sera thì sao?
CommonEvents,452,メインストーリー25-1,メインストーリー,Story_Main,セラ,\C[4]セラ,"私も当然、天使としての使命を果たせて
嬉しく思っています。",Em đương nhiên cũng thấy vui vì hoàn thành sứ mệnh của Thiên Sứ.
CommonEvents,452,メインストーリー25-1,メインストーリー,Story_Main,,\N[1],本当に？,Có thật thế không em?
CommonEvents,452,メインストーリー25-1,メインストーリー,Story_Main,セラ,\C[4]セラ,えぇ。,Vâng.
CommonEvents,452,メインストーリー25-1,メインストーリー,Story_Main,,\N[1],……。,Thật lòng em đâu muốn thế...
CommonEvents,452,メインストーリー25-1,メインストーリー,Story_Main,,\N[1],嘘、ついてますよね。,Em không hề muốn điều đó chút nào...
CommonEvents,452,メインストーリー25-1,メインストーリー,Story_Main,セラ,\C[4]セラ,……なぜそう思うのですか？,Thật ra... Em đâu muốn ngắt kết nối với anh đâu chứ...!
CommonEvents,452,メインストーリー25-1,メインストーリー,Story_Main,,\N[1],うーん……。,Thế sao em lại nghẹn ngào nước mắt vậy?
CommonEvents,452,メインストーリー25-1,メインストーリー,Story_Main,,\N[1],直感ですかね。,Tại sao em lại khóc thế kia?
CommonEvents,452,メインストーリー25-1,メインストーリー,Story_Main,セラ,\C[4]セラ,そんなあやふやな理由で疑っていると？,...Em khóc sao?
CommonEvents,452,メインストーリー25-1,メインストーリー,Story_Main,,\N[1],はい。,Không có chuyện đó đâu... Em làm sao mà khóc được chứ...
CommonEvents,452,メインストーリー25-1,メインストーリー,Story_Main,,\N[1],それと、セラさん。,Sera đang lau nước mắt sau cánh cửa.
CommonEvents,452,メインストーリー25-1,メインストーリー,Story_Main,,\N[1],今、泣いてますよね？,Anh không cần phải lo lắng cho em đâu. Đây chỉ là chút lưu luyến bình thường thôi.
CommonEvents,452,メインストーリー25-1,メインストーリー,Story_Main,セラ,\C[4]セラ,"……はい？
なぜ泣く必要があるんですか。",Không phải như thế đúng không em?
CommonEvents,452,メインストーリー25-1,メインストーリー,Story_Main,セラ,\C[4]セラ,"全く意味が分かりません。
いいからもう向こうに行ってください。",Nếu không phải có điều gì uẩn khúc thì làm sao Sera lại khóc nghẹn ngào thế kia được.
CommonEvents,452,メインストーリー25-1,メインストーリー,Story_Main,,\N[1],……。,...
CommonEvents,452,メインストーリー25-1,メインストーリー,Story_Main,,\N[1],僕は今、早くあなたの側に行きたいと思っています。,Thật đấy... Anh đừng hỏi nữa được không...
CommonEvents,452,メインストーリー25-1,メインストーリー,Story_Main,,\N[1],"それで、きっとセラさんも同じ気持ちなんじゃないかなって、
思っています……。",Em làm ơn hãy mở cửa ra đi.
CommonEvents,452,メインストーリー25-1,メインストーリー,Story_Main,セラ,\C[4]セラ,……。,Không được... Em không muốn để anh nhìn thấy dáng vẻ này của em đâu.
CommonEvents,452,メインストーリー25-1,メインストーリー,Story_Main,,\N[1],ドアを開けてもいいですか？,Không sao đâu em. Dù dáng vẻ em thế nào tôi cũng muốn được nhìn thấy.
CommonEvents,452,メインストーリー25-1,メインストーリー,Story_Main,セラ,\C[4]セラ,"だめです。
入らないでください。",...
CommonEvents,452,メインストーリー25-1,メインストーリー,Story_Main,,,気づいたら、ドアに手をかけていた。,Sera từ từ mở cánh cửa ra.
CommonEvents,452,メインストーリー25-1,メインストーリー,Story_Main,,,"僕はいつも、彼女のことを信じるための理屈を
頭の中でこねくり回してきた。",...
CommonEvents,452,メインストーリー25-1,メインストーリー,Story_Main,,,でも今は不思議と、その問答を必要としていない。,"Mắt Sera đỏ bừng, giọt lệ lăn dài trên má."
CommonEvents,452,メインストーリー25-1,メインストーリー,Story_Main,,,それはなぜだろうか。,Em đã bảo không muốn để anh thấy rồi mà...
CommonEvents,452,メインストーリー25-1,メインストーリー,Story_Main,,,"明確な理由はない。
でも……。",Sera...
CommonEvents,452,メインストーリー25-1,メインストーリー,Story_Main,,,今、僕の背中を押しているものが確かにある。,Thật là xấu hổ quá đi...
CommonEvents,452,メインストーリー25-1,メインストーリー,Story_Main,,,彼女がどんな人で、何を望んでいるかなんて僕はもう知っている。,Giờ em thành ra thế này rồi anh thấy hài lòng chưa...
CommonEvents,452,メインストーリー25-1,メインストーリー,Story_Main,,,彼女と過ごした時間こそが、答えなんだ。,Xin lỗi em...
CommonEvents,452,メインストーリー25-1,メインストーリー,Story_Main,セラ,\C[4]セラ,どうして……入ってきてしまうんですか。,Nhưng mà tôi không thể trôi qua như thế được.
CommonEvents,452,メインストーリー25-1,メインストーリー,Story_Main,,\N[1],すみません。,Thấy Sera khóc như thế này tôi không thể nào cứ thế đi về được.
CommonEvents,452,メインストーリー25-1,メインストーリー,Story_Main,セラ,\C[4]セラ,"ぐす……っ。
見ないでください……こんなみっともない姿……。",...
CommonEvents,452,メインストーリー25-1,メインストーリー,Story_Main,,\N[1],やっぱりセラさんも、寂しかったんですね。,Nước mắt em rơi... Làm tim tôi đau nhói lắm.
CommonEvents,452,メインストーリー25-1,メインストーリー,Story_Main,セラ,\C[4]セラ,"当たり前です。
あなたと離れ離れになるのがつらくないわけありません。",Tại sao em lại buồn đến thế chứ?
CommonEvents,452,メインストーリー25-1,メインストーリー,Story_Main,セラ,\C[4]セラ,"……別れを惜しむ姿なんて、
あなたに見せたくなかったのに……。",Em tưởng em giấu được sao...
CommonEvents,452,メインストーリー25-1,メインストーリー,Story_Main,セラ,\C[4]セラ,私の涙であなたの胸を痛ませたくなかったのに……っ。,Em đâu muốn nước mắt mình làm đau lòng anh đâu chứ...!
CommonEvents,452,メインストーリー25-1,メインストーリー,Story_Main,セラ,\C[4]セラ,なのに、涙が溢れて止まらないんです。,Thế mà nước mắt cứ trào ra không tài nào cầm lại được.
CommonEvents,452,メインストーリー25-1,メインストーリー,Story_Main,セラ,\C[4]セラ,"考えてみれば当たり前ですよね。
だって私がこの街へ来たのも、ナースになったのも、","Nghĩ lại thì cũng phải thôi. Bởi vì việc em đến thành phố này, làm y tá ở phòng khám này,"
CommonEvents,452,メインストーリー25-1,メインストーリー,Story_Main,セラ,\C[4]セラ,全部、あなたにお会いするためだったんですから。,Tất cả... Đều là vì muốn được gặp anh mà thôi.
CommonEvents,452,メインストーリー25-1,メインストーリー,Story_Main,,\N[1],"……セラさん、本当のことを教えてください。
どうして急に治療を終わらせようとするんですか？","...Sera ơi, hãy nói cho tôi biết sự thật đi. Tại sao đột nhiên em lại muốn kết thúc trị liệu?"
CommonEvents,452,メインストーリー25-1,メインストーリー,Story_Main,セラ,\C[4]セラ,言いたくありません……。,Em không muốn nói đâu...
CommonEvents,452,メインストーリー25-1,メインストーリー,Story_Main,,\N[1],"お願いします。
例えどんな事情があっても、僕はセラさんの味方ですから。",Tôi xin em đấy. Dù có bất cứ chuyện gì xảy ra tôi vẫn luôn đứng về phía Sera mà.
CommonEvents,452,メインストーリー25-1,メインストーリー,Story_Main,セラ,\C[4]セラ,……。,...
CommonEvents,452,メインストーリー25-1,メインストーリー,Story_Main,セラ,\C[4]セラ,そんな風に、見つめないでください……。,Anh đừng có nhìn em bằng ánh mắt đó nữa...
CommonEvents,452,メインストーリー25-1,メインストーリー,Story_Main,セラ,\C[4]セラ,……はぁ……。,...Hà...
CommonEvents,452,メインストーリー25-1,メインストーリー,Story_Main,セラ,\C[4]セラ,……私は……。,...Em...
CommonEvents,452,メインストーリー25-1,メインストーリー,Story_Main,セラ,\C[4]セラ,私は……。,Em...
CommonEvents,452,メインストーリー25-1,メインストーリー,Story_Main,セラ,\C[4]セラ,怖いんです。,Em sợ lắm.
CommonEvents,452,メインストーリー25-1,メインストーリー,Story_Main,セラ,\C[4]セラ,あなたの気持ちが離れてしまうことが。,Sợ rằng một ngày nào đó tình cảm của anh sẽ rời xa em.
CommonEvents,452,メインストーリー25-1,メインストーリー,Story_Main,,\N[1],え……？,Hả...?
CommonEvents,452,メインストーリー25-1,メインストーリー,Story_Main,セラ,\C[4]セラ,"私は所詮ただのナースで、
恋人にも、家族にもなれません。","Rốt cuộc em cũng chỉ là một y tá, không thể trở thành người yêu, cũng chẳng thể trở thành gia đình của anh."
CommonEvents,452,メインストーリー25-1,メインストーリー,Story_Main,セラ,\C[4]セラ,"どれだけあなたのことが好きであろうと、
治療以上のことは何もできない……。",Dù em có thích anh đến nhường nào đi nữa thì ngoài việc trị liệu em chẳng thể làm gì thêm cho anh...
CommonEvents,452,メインストーリー25-1,メインストーリー,Story_Main,セラ,\C[4]セラ,"私はあなたに、人並みの幸せさえ
もたらすことができないんです。",Em không thể mang lại cho anh dù chỉ là một hạnh phúc bình dị như bao người khác.
CommonEvents,452,メインストーリー25-1,メインストーリー,Story_Main,セラ,\C[4]セラ,"いずれあなたは、人間同士で愛を育む方が
ずっと幸せだと気付いてしまうかもしれない。",Rồi sẽ đến một ngày anh nhận ra rằng nuôi dưỡng tình yêu với một người phụ nữ con người sẽ hạnh phúc hơn nhiều.
CommonEvents,452,メインストーリー25-1,メインストーリー,Story_Main,セラ,\C[4]セラ,その時に私は……自分を保てる自信がありません。,Đến lúc đó... Em không tự tin mình có thể giữ được sự bình tĩnh nữa.
CommonEvents,452,メインストーリー25-1,メインストーリー,Story_Main,セラ,\C[4]セラ,"世界を恨んで、何もかも
壊したくなってしまうかもしれない……。","Có thể em sẽ oán hận thế giới này, rồi muốn phá hủy tất cả mọi thứ mất..."
CommonEvents,452,メインストーリー25-1,メインストーリー,Story_Main,,\N[1],……。,...
CommonEvents,452,メインストーリー25-1,メインストーリー,Story_Main,セラ,\C[4]セラ,"最初はただ、あなたに私のことを
知ってもらえればそれで良かったのに。",Ban đầu em chỉ nghĩ đơn giản là anh biết đến sự tồn tại của em thôi là đủ rồi.
CommonEvents,452,メインストーリー25-1,メインストーリー,Story_Main,セラ,\C[4]セラ,もっと早く治療を終えて、姿を消したかったのに……っ。,Em đã muốn nhanh chóng hoàn thành trị liệu rồi biến mất thật sớm rồi chứ...!
CommonEvents,452,メインストーリー25-1,メインストーリー,Story_Main,セラ,\C[4]セラ,"あなたのことを好きになりすぎて、
離れたくなくなってしまったではないですか……っ！","Thế mà em lại lỡ yêu anh quá nhiều, đến mức không thể nào rời xa anh được nữa rồi...!"
CommonEvents,452,メインストーリー25-1,メインストーリー,Story_Main,セラ,\C[4]セラ,"……あなたに重荷を負わせるのは
私の本意ではありません。",...Em không hề muốn chất lên vai anh gánh nặng này chút nào.
CommonEvents,452,メインストーリー25-1,メインストーリー,Story_Main,セラ,\C[4]セラ,だから、もう、終わりにしませんか……？,Vì thế... Chúng ta chấm dứt ở đây thôi được không anh...?
CommonEvents,452,メインストーリー25-1,メインストーリー,Story_Main,,\N[1],……。,...
CommonEvents,452,メインストーリー25-1,メインストーリー,Story_Main,,\N[1],嫌です。,Không đời nào.
CommonEvents,452,メインストーリー25-1,メインストーリー,Story_Main,セラ,\C[4]セラ,えっ……！？,Éc...!?
CommonEvents,452,メインストーリー25-1,メインストーリー,Story_Main,セラ,\C[4]セラ,あっ……。,Á...
CommonEvents,452,メインストーリー25-1,メインストーリー,Story_Main,,\N[1],"それはセラさんが僕を疑っているから
そう思うだけです。",Đó chỉ là do Sera đang nghi ngờ tôi nên mới nghĩ như thế thôi.
CommonEvents,452,メインストーリー25-1,メインストーリー,Story_Main,,\N[1],"僕は、ずっと一途に一人だけのことを
思い続けた人のことを知っています。",Tôi biết có những người cả đời chỉ một lòng một dạ hướng về một người duy nhất.
CommonEvents,452,メインストーリー25-1,メインストーリー,Story_Main,,\N[1],"だから、誰か一人を大切にし続けることは
不可能じゃないと知っています。",Nên tôi biết việc trân trọng duy nhất một người mãi mãi là điều hoàn toàn có thể.
CommonEvents,452,メインストーリー25-1,メインストーリー,Story_Main,,\N[1],"セラさんが僕の専属ナースでいてくれる限り、
僕はあなただけの患者でい続けると誓います。","Chỉ cần Sera tiếp tục làm y tá riêng của tôi, tôi thề tôi sẽ mãi mãi chỉ làm bệnh nhân của một mình em!"
CommonEvents,452,メインストーリー25-1,メインストーリー,Story_Main,,\N[1],"僕は、少し時間がかかってしまいましたが
あなたを信じました。",Dù mất chút thời gian nhưng rốt cuộc tôi đã tin tưởng em.
CommonEvents,452,メインストーリー25-1,メインストーリー,Story_Main,,\N[1],だから次は、セラさんが僕のことを信じてくれませんか？,"Thế nên tiếp theo, Sera có thể tin tưởng tôi được không?"
CommonEvents,452,メインストーリー25-1,メインストーリー,Story_Main,セラ,\C[4]セラ,……っ。,...~!
CommonEvents,452,メインストーリー25-1,メインストーリー,Story_Main,セラ,\C[4]セラ,"あなたは本当に……。
どこまで私を惑わすつもりですか。",Anh thật là... Đến mức nào nữa anh mới chịu ngừng làm em mê muội đây.
CommonEvents,452,メインストーリー25-1,メインストーリー,Story_Main,セラ,\C[4]セラ,そんな……そんなことを言われてしまったら、もう……！,Nếu anh đã nói đến mức đó rồi thì em... không thể nhẫn nại được nữa rồi...!
CommonEvents,452,メインストーリー25-1,メインストーリー,Story_Main,,\N[1],セ、セラさん……？,S-Sera...?
CommonEvents,452,メインストーリー25-1,メインストーリー,Story_Main,セラ,\C[4]セラ,先ほどの言葉……。,Những lời vừa rồi của anh...
CommonEvents,452,メインストーリー25-1,メインストーリー,Story_Main,セラ,\C[4]セラ,本気のプロポーズと認識してよろしいでしょうか？,Em có thể hiểu đó là một lời cầu hôn nghiêm túc được chứ?
CommonEvents,452,メインストーリー25-1,メインストーリー,Story_Main,,\N[1],へ……？,Hả...?
CommonEvents,452,メインストーリー25-1,メインストーリー,Story_Main,セラ,\C[4]セラ,"もう我慢できません。
あなたを犯します。",Em không chịu đựng thêm được nữa rồi. Em sẽ cưỡng bức anh.
CommonEvents,452,メインストーリー25-1,メインストーリー,Story_Main,セラ,\C[4]セラ,"犯して犯して犯し尽くして、あなたがいかに弱く、
いかに私の治療が必要か、徹底的に教え込みます。","Em sẽ đè anh ra làm tình, làm tình thật nhiều cho đến khi anh nhận ra anh yếu ớt thế nào và cần sự trị liệu của em đến nhường nào mới chịu."
CommonEvents,452,メインストーリー25-1,メインストーリー,Story_Main,セラ,\C[4]セラ,絶対に、私から離れられないように……♡,Để anh tuyệt đối không thể nào rời xa em được nữa...♡
CommonEvents,452,メインストーリー25-1,メインストーリー,Story_Main,,\N[1],セラさん落ち着いて……！,Sera ơi bình tĩnh lại đi...!
CommonEvents,452,メインストーリー25-1,メインストーリー,Story_Main,,\N[1],"（やばい、全力で拘束されてる……！
逃げられない！）","(Nguy rồi, em ấy dùng toàn bộ sức mạnh trói chặt mình lại rồi...! Không trốn nổi rồi!)"
CommonEvents,452,メインストーリー25-1,メインストーリー,Story_Main,セラ,\C[4]セラ,最初からこうすれば良かったんです。,Giá mà ngay từ đầu em làm thế này thì tốt biết mấy.
CommonEvents,452,メインストーリー25-1,メインストーリー,Story_Main,セラ,\C[4]セラ,"あなたを盗られる心配なんてせずに、
私がいないとダメにしてしまえばいいだけのことでした……♡","Chẳng cần phải lo lắng anh bị cướp mất, chỉ cần biến anh thành kẻ không có em thì không sống nổi là xong...♡"
CommonEvents,452,メインストーリー25-1,メインストーリー,Story_Main,セラ,\C[4]セラ,"でも、私にメロメロになっても
治療は終わりません。",Dù anh có mê mệt em đi nữa thì trị liệu cũng không kết thúc đâu nhé.
CommonEvents,452,メインストーリー25-1,メインストーリー,Story_Main,セラ,\C[4]セラ,"なぜなら、「全力の私を倒す」という無理難題を
あなたに押し付けてあげるからです……♡","Bởi vì em sẽ giao cho anh một bài toán nan giải là ""Đánh bại em khi em dùng toàn lực"" mà...♡"
CommonEvents,452,メインストーリー25-1,メインストーリー,Story_Main,セラ,\C[4]セラ,"覚悟してくださいね。
私を本気にさせたあなたが悪いんですから……♡",Anh hãy chuẩn bị tinh thần đi nhé. Là tại anh làm cho em phải nghiêm túc đấy nhé...♡
CommonEvents,452,メインストーリー25-1,メインストーリー,Story_Main,セラ,\C[4]セラ,それでは……治療を開始します♡,Vậy thì... Trị liệu bắt đầu...♡
CommonEvents,453,メインストーリー25-2,メインストーリー,Story_Main,,,治療はいつもより一際長く続いた。,Buổi trị liệu kéo dài mãnh liệt hơn hẳn mọi khi.
CommonEvents,453,メインストーリー25-2,メインストーリー,Story_Main,,,僕は一滴残らず搾り取られたが……、,Tôi bị cô ấy vắt kiệt không còn tới một giọt tinh dịch nào...
CommonEvents,453,メインストーリー25-2,メインストーリー,Story_Main,,,きっと彼女はもう、どこへも行かないだろう。,"Nhưng tôi biết chắc chắn rằng, cô ấy sẽ không bao giờ bỏ đi đâu nữa."
CommonEvents,453,メインストーリー25-2,メインストーリー,Story_Main,,\N[1],"これとこれとこれと……あぁ、あとこれも治療で使えそうです。
まとめてお会計お願いします。","Cho tôi lấy cái này, cái này với cái này... À, thêm cái này để trị liệu nữa. Tính tiền chung giúp tôi nhé."
CommonEvents,453,メインストーリー25-2,メインストーリー,Story_Main,サキュバス,\N[5]サキュバス,……。,...
CommonEvents,453,メインストーリー25-2,メインストーリー,Story_Main,サキュバス,\N[5]サキュバス,"はぁ……本当、サキュバス騒がせな二人だこと。
私に泣きついたと思ったらもうこれですか。",Hà... Đúng là hai người làm rộn ràng cả tiệm Succubus này lên. Mới hôm nọ còn đến khóc lóc thở dài thế mà giờ đã thế này rồi sao.
CommonEvents,453,メインストーリー25-2,メインストーリー,Story_Main,サキュバス,\N[5]サキュバス,天使ちゃんとは仲直りしたってことでいいの？,Thế là anh trai hòa giải với cô em Thiên Sứ rồi đúng không?
CommonEvents,453,メインストーリー25-2,メインストーリー,Story_Main,,\N[1],"はい、もう大丈夫です。
すみません、心配をおかけして。","Vâng, ổn cả rồi. Xin lỗi cô vì làm cô lo lắng nhé."
CommonEvents,453,メインストーリー25-2,メインストーリー,Story_Main,サキュバス,\N[5]サキュバス,"本当だよ！
常連さんを一人失うところだったじゃん！",Thật luôn đấy! Làm tớ suýt nữa thì mất đi một khách hàng ruột!
CommonEvents,453,メインストーリー25-2,メインストーリー,Story_Main,サキュバス,\N[5]サキュバス,"まぁ、天使ちゃんは邪魔だから
別にいなくなってくれても良かったけどさ～。","Mà, cô em Thiên Sứ ngáng đường nên nếu biến mất luôn thì tốt cho tớ quá rồi còn gì~"
CommonEvents,453,メインストーリー25-2,メインストーリー,Story_Main,サキュバス,\N[5]サキュバス,"……なんて、冗談。
いなくなったら喧嘩する相手がいなくて張り合いないし。","...Nói đùa thế thôi. Chứ cô ta mà biến mất thì tớ chẳng có ai để cãi lộn cùng, chán chết."
CommonEvents,453,メインストーリー25-2,メインストーリー,Story_Main,サキュバス,\N[5]サキュバス,これからもたっぷりからかってあげよ～っと♡,Từ giờ tớ sẽ tiếp tục trêu chọc cô ta thật nhiều thật nhiều nà~♡
CommonEvents,453,メインストーリー25-2,メインストーリー,Story_Main,,\N[1],程々にお願いしますよ。,Trêu chọc vừa vừa thôi nhé.
CommonEvents,453,メインストーリー25-2,メインストーリー,Story_Main,サキュバス,\N[5]サキュバス,"考えといてあげる。
はい、こちらお品物です♪","Để tớ suy nghĩ đã nhé. Đây, sản phẩm của anh trai đây♪"
CommonEvents,453,メインストーリー25-2,メインストーリー,Story_Main,,\N[1],"ありがとうございます。
じゃあ、セラさんのところに行ってきます。",Cảm ơn cô nhé. Từ giờ lại nhờ cô chiếu cố.
CommonEvents,453,メインストーリー25-2,メインストーリー,Story_Main,サキュバス,\N[5]サキュバス,"はいはーい。
お買い上げありがとうございました～。",Dạ vâng~! Cảm ơn quý khách đã ủng hộ!
CommonEvents,453,メインストーリー25-2,メインストーリー,Story_Main,サキュバス,\N[5]サキュバス,"ふぅ……。
まったく、幸せそうな顔しちゃってさー。",Sau đó Main quay trở lại phòng khám.
CommonEvents,453,メインストーリー25-2,メインストーリー,Story_Main,サキュバス,\N[5]サキュバス,"お兄さん用にまた色々仕入れとかないと。
あ～忙しい忙しい♪","Sera ơi, tôi mua đồ về rồi nè--"
CommonEvents,453,メインストーリー25-2,メインストーリー,Story_Main,,,きっかけは些細な事でした。,"A, anh về rồi sao."
CommonEvents,453,メインストーリー25-2,メインストーリー,Story_Main,,,"これから自分が守っていかないといけない人間の世界を
少し覗き見しようと思って下界を見ていました。",Chào mừng anh quay trở lại.
CommonEvents,453,メインストーリー25-2,メインストーリー,Story_Main,,,初めて彼を見たのは、その時。,"Nhìn Sera mỉm cười dịu dàng chào đón, Main cảm thấy trái tim mình ấm áp vô cùng."
CommonEvents,453,メインストーリー25-2,メインストーリー,Story_Main,,,当時の彼は弱くて、あらゆるモンスターに苦戦していました。,"Vâng, tôi về rồi đây."
CommonEvents,453,メインストーリー25-2,メインストーリー,Story_Main,,,"こういう矮小な生き物を私は守らないといけないんだと、
使命感に溢れたのを覚えています。","Từ hôm nay trở đi, mối quan hệ của họ vẫn tiếp tục là y tá và bệnh nhân."
CommonEvents,453,メインストーリー25-2,メインストーリー,Story_Main,,,二度目に彼を見たのは、それから少し間を空けた後のこと。,Nhưng giữa họ đã có một sợi dây liên kết bền chặt không thể tách rời.
CommonEvents,453,メインストーリー25-2,メインストーリー,Story_Main,,,"彼は相変わらず弱かった。
でも、弱いモンスターなら倒せるようになっていました。","Sera sẽ tiếp tục là y tá riêng của Main,"
CommonEvents,453,メインストーリー25-2,メインストーリー,Story_Main,,,"彼を定期的に見守るようになったのは、
その時からだったと思います。",và Main sẽ mãi mãi là bệnh nhân duy nhất của Sera.
CommonEvents,453,メインストーリー25-2,メインストーリー,Story_Main,,,"少しずつ育っていくのを見るのが
なんとなく楽しかったんです。","Dù tương lai có nhiều thử thách phía trước,"
CommonEvents,453,メインストーリー25-2,メインストーリー,Story_Main,,,"彼はやがて、一般的な冒険者たちと
肩を並べる程度には強くなりました。","nhưng chỉ cần ở bên nhau, họ nhất định sẽ vượt qua tất cả."
CommonEvents,453,メインストーリー25-2,メインストーリー,Story_Main,,,でも、モンスター娘にはずっと弱いまま。,Câu chuyện trị liệu xuất tinh sớm đặc biệt này... vẫn sẽ còn tiếp tục mãi mãi.
CommonEvents,453,メインストーリー25-2,メインストーリー,Story_Main,,,"身体は強くなっても、色仕掛けをされると
すぐに勃起して力が抜けてしまう。",― KẾT THÚC CỐT TRUYỆN CHÍNH ―
CommonEvents,453,メインストーリー25-2,メインストーリー,Story_Main,,,私は……そんな彼を見て、可愛いと思ってしまいました。,Anh đã sẵn sàng cho bài trị liệu chưa?
CommonEvents,453,メインストーリー25-2,メインストーリー,Story_Main,,,"許されるなら彼を癒したいとも思ったし、
なんなら自分も彼をからかってみたいとも思いました。",Vâng! Tôi sẵn sàng rồi!
CommonEvents,453,メインストーリー25-2,メインストーリー,Story_Main,,,"私の希望配属先は、他の場所に特段興味がないこともあって
自然と彼のいる街になりました。",Tốt lắm. Vậy chúng ta bắt đầu thôi nào.
CommonEvents,453,メインストーリー25-2,メインストーリー,Story_Main,,,"理由は単純で、どうせ守るなら
少しでも愛着のある相手が良かったから。",Hôm nay em sẽ tiến hành trị liệu tập trung vào điểm yếu của anh.
CommonEvents,453,メインストーリー25-2,メインストーリー,Story_Main,,,"天使として一人前になれるよう修行している間も、
ずっと彼のことを見続けました。",Hãy kiềm chế thật tốt nhé.
CommonEvents,453,メインストーリー25-2,メインストーリー,Story_Main,,,"彼と一緒に成長しているような感覚でした。
……もちろん彼はずっとモンスター娘に弱いままだったけれど。","Nào, mau lại đây với em nào...♡"
CommonEvents,453,メインストーリー25-2,メインストーリー,Story_Main,,,でも、そんな彼のことが愛おしかった。,Chụtttt... chẹp chẹp...♡
CommonEvents,453,メインストーリー25-2,メインストーリー,Story_Main,,,"私はやがて……彼に会いたくなってしまった。
会って話してみたくなった。","Ưm... ah♡
Sướng lắm đúng không?♡"
CommonEvents,453,メインストーリー25-2,メインストーリー,Story_Main,,,"でも、私欲のために人間を利用することは禁止されている。
だから私は天使の世界の掟を勉強しました。",Bắn tinh dịch ra đi nào... ngoan lắm.
CommonEvents,453,メインストーリー25-2,メインストーリー,Story_Main,,,"掟を破らないように彼と接するにはどうすればいいか
調べ続けました。","Ưm... nuốt ực...♡
Cảm ơn anh vì buổi trị liệu tuyệt vời nhé...♡"
CommonEvents,453,メインストーリー25-2,メインストーリー,Story_Main,,,"そんな風に必死になっている自分を
ふとかえりみて……ようやく自覚したんです。",Hôm nay anh làm tốt lắm.
CommonEvents,453,メインストーリー25-2,メインストーリー,Story_Main,,,私は、彼に恋をしてしまったんだと。,Lần sau lại cố gắng tiếp nhé.
CommonEvents,453,メインストーリー25-2,メインストーリー,Story_Main,セラ,\C[4]セラ,"すみません、いらっしゃっていたのですね。
気づいていませんでした。",Vâng! Cảm ơn Sera nhiều!
CommonEvents,453,メインストーリー25-2,メインストーリー,Story_Main,,\N[1],"いえいえ。
忙しかったですか？",Chúc anh một ngày tốt lành.
CommonEvents,453,メインストーリー25-2,メインストーリー,Story_Main,セラ,\C[4]セラ,少し物思いにふけっていただけです。,Hẹn gặp lại anh lần sau.
CommonEvents,453,メインストーリー25-2,メインストーリー,Story_Main,セラ,\C[4]セラ,"……不思議ですね。
あなたがここへやってきてくれる日々がまだ続いている。",Chào anh.
CommonEvents,453,メインストーリー25-2,メインストーリー,Story_Main,セラ,\C[4]セラ,"私の想像していた未来では、もうとっくに
クリニックは閉院しているはずだったのですが。",Trị liệu kết thúc!
CommonEvents,453,メインストーリー25-2,メインストーリー,Story_Main,,\N[1],……もう、あんなこと言いだしませんよね？,Đã hồi phục hoàn toàn HP và MP!
CommonEvents,453,メインストーリー25-2,メインストーリー,Story_Main,セラ,\C[4]セラ,"失礼しました。
不安にさせてしまいましたね。",Đã giải trừ toàn bộ trạng thái bất thường!
CommonEvents,453,メインストーリー25-2,メインストーリー,Story_Main,セラ,\C[4]セラ,安心してください。,Khả năng chống chịu sự quyến rũ tăng lên!
CommonEvents,453,メインストーリー25-2,メインストーリー,Story_Main,セラ,\C[4]セラ,もう、あなたの前から消えたりなんかしません。,Tăng chỉ số phòng thủ trước Monster Girl!
CommonEvents,453,メインストーリー25-2,メインストーリー,Story_Main,セラ,\C[4]セラ,"私はここにいます。
私はあなた専属のナースなんですから。",Đã nhận được phần thưởng trị liệu!
CommonEvents,453,メインストーリー25-2,メインストーリー,Story_Main,セラ,\C[4]セラ,……ずっと、叶わぬ恋だと思っていました。,Cảm ơn anh đã sử dụng dịch vụ của phòng khám.
CommonEvents,453,メインストーリー25-2,メインストーリー,Story_Main,セラ,\C[4]セラ,"胸に秘めたまま、知られぬまま、
やがてこの気持ちが朽ちるのを待つしかないと思っていました。",Hẹn gặp lại anh lần sau.
CommonEvents,453,メインストーリー25-2,メインストーリー,Story_Main,セラ,\C[4]セラ,"でも……そんな思い込みは、
あなたに覆されてしまいましたね。",Chúc anh phiêu lưu may mắn.
CommonEvents,453,メインストーリー25-2,メインストーリー,Story_Main,セラ,\C[4]セラ,"……きっとこの未来は、私があなたに会いたいと
願った時点で確定していたのでしょう……。",Hãy cẩn thận với các Monster Girl nhé.
CommonEvents,453,メインストーリー25-2,メインストーリー,Story_Main,セラ,\C[4]セラ,"どんなことがあろうと、
あなたとなら乗り越えていけます。",Em sẽ luôn ở đây chờ anh quay về.
CommonEvents,453,メインストーリー25-2,メインストーリー,Story_Main,セラ,\C[4]セラ,だから……これからもずっと、よろしくお願いします。,Thế nên... Từ giờ trở đi cũng mong anh chiếu cố em thật nhiều nhé.
CommonEvents,455,メインストーリー1-1短縮版,メインストーリー,Story_Main,セラ,\C[4]セラ,ベッドへ腰かけ、脚を開き患部をこちらへ。,"Mời anh ngồi xuống giường, dang rộng hai chân và hướng phần nhạy cảm về phía em."
CommonEvents,455,メインストーリー1-1短縮版,メインストーリー,Story_Main,セラ,\C[4]セラ,それでは……治療を開始します。,Sau đây... Trị liệu bắt đầu.
CommonEvents,456,メインストーリー2-1短縮版,メインストーリー,Story_Main,セラ,\C[4]セラ,"新しい負け癖をおちんちんに刻まれる準備は
よろしいでしょうか。",Anh đã chuẩn bị tinh thần để thói quen hay thua trận mới được khắc sâu vào con cu chưa?
CommonEvents,457,メインストーリー3-1短縮版,メインストーリー,Story_Main,セラ,\C[4]セラ,"それではあなたの一番の弱点、
私に差し出していただいてよろしいでしょうか。","Vậy thì điểm yếu lớn nhất của anh, anh có thể dâng ra cho em được chứ?"
CommonEvents,457,メインストーリー3-1短縮版,メインストーリー,Story_Main,セラ,\C[4]セラ,あなたの亀頭さん、私が格好良くしてあげますからね。,"Quy đầu của anh, em sẽ làm cho nó trở nên thật bảnh bao nhé."
CommonEvents,458,メインストーリー4-1短縮版,メインストーリー,Story_Main,セラ,\C[4]セラ,"いいですか？
絶対に誘惑に負けてはいけませんよ？",Anh hiểu chưa? Tuyệt đối không được thua trước sự cám dỗ đâu đấy nhé?
CommonEvents,458,メインストーリー4-1短縮版,メインストーリー,Story_Main,セラ,\C[4]セラ,"さもないと、おちんちんが私に
とっても気持ちよく食べられてしまいますから……♡",Nếu không thì con cu của anh sẽ bị em xào nấu ăn thịt cực kỳ sung sướng đấy...♡
CommonEvents,459,メインストーリー5-1短縮版,メインストーリー,Story_Main,セラ,\C[4]セラ,"今だけは私もサキュバス気分で
あなたを誘惑してしまいましょう。",Chỉ riêng lúc này em sẽ đóng vai Succubus để quyến rũ anh nhé.
CommonEvents,459,メインストーリー5-1短縮版,メインストーリー,Story_Main,セラ,\C[4]セラ,"それでは始めましょうか。
可愛い冒険者さん……♡",Vậy chúng ta bắt đầu thôi nhỉ. Anh chàng mạo hiểm giả đáng yêu...♡
CommonEvents,461,メインストーリー7-1短縮版,メインストーリー,Story_Main,セラ,\C[4]セラ,"それでは初めて行きましょう。あなたの可愛いらしいマゾな心を、
ぜーんぶ丸裸にしてさしあげます。","Vậy chúng ta bắt đầu thôi nào. Trái tim M đáng yêu của anh, em sẽ phơi bày trần trụi hết cho xem."
CommonEvents,462,メインストーリー8-1短縮版,メインストーリー,Story_Main,セラ,\C[4]セラ,それでは……「おちんちんを差し出しなさい」。,"Vậy thì... ""Hãy dâng con cu ra đây""."
CommonEvents,462,メインストーリー8-1短縮版,メインストーリー,Story_Main,セラ,\C[4]セラ,"くす……腰を引くことができなくて恥ずかしいですね。
このまま治療を始めてしまいましょう。",Hì hì... Không thể lùi hông lại được nên thấy xấu hổ đúng không. Chúng ta bắt đầu trị liệu ngay thôi nào.
CommonEvents,463,メインストーリー9-1短縮版,メインストーリー,Story_Main,セラ,\C[4]セラ,"それでは旅のお兄さん。
私と一緒に楽しいひと時を過ごしましょうね。",Vậy thì anh mạo hiểm giả ơi. Hãy cùng em trải qua những giây phút tuyệt vời nhé.
CommonEvents,464,メインストーリー10-1短縮版,メインストーリー,Story_Main,セラ,\C[4]セラ,"さて、あなたに数字での責めも有効だと分かったところで、
さっそく始めていきましょうか。","Được rồi, biết được các con số đe dọa cũng có hiệu quả với anh, chúng ta bắt đầu ngay thôi nào."
CommonEvents,464,メインストーリー10-1短縮版,メインストーリー,Story_Main,セラ,\C[4]セラ,早めに「ゼロ♡」って言ってもらえるといいですね……♡,"Hi vọng anh sẽ sớm được nghe em nói ""Không♡"" nhé...♡"
CommonEvents,465,メインストーリー11-1短縮版,メインストーリー,Story_Main,セラ,\C[4]セラ,"さ、僕くん。
一緒にベッドの方に行こっか。","Nào, bé cưng của chị. Chúng ta cùng lên giường thôi nào."
CommonEvents,465,メインストーリー11-1短縮版,メインストーリー,Story_Main,セラ,\C[4]セラ,"治療は怖くないよ。
お姉さんと一緒に、悪ーい早漏の病気、治していこうねー。",Trị liệu không có gì đáng sợ đâu. Cùng chị chữa khỏi căn bệnh xuất tinh sớm xấu xa này nhé~
CommonEvents,466,メインストーリー12-1短縮版,メインストーリー,Story_Main,セラ,\C[4]セラ,失礼します。,Em xin phép.
CommonEvents,466,メインストーリー12-1短縮版,メインストーリー,Story_Main,セラ,\C[4]セラ,"逃げようとしても無駄です。
人間の力では天使の私にはかないません。",Anh có cố trốn cũng vô ích thôi. Sức mạnh của con người làm sao đấu lại Thiên Sứ như em được.
CommonEvents,466,メインストーリー12-1短縮版,メインストーリー,Story_Main,セラ,\C[4]セラ,では、始めます。,Vậy chúng ta bắt đầu thôi.
CommonEvents,467,メインストーリー13-1短縮版,メインストーリー,Story_Main,セラ,\C[4]セラ,"では支障がないようですので、予定通り
強めの言葉を使って治療を行っていきましょう。","Vậy xem ra không có vấn đề gì rồi, đúng như kế hoạch em sẽ dùng từ ngữ thô bạo mạnh mẽ hơn để trị liệu nhé."
CommonEvents,467,メインストーリー13-1短縮版,メインストーリー,Story_Main,セラ,\C[4]セラ,"分かったらさっさと
ちんちん出せ、このマゾ……♡","Hiểu rồi thì mau lôi con cu ra đây đi, đồ M này...♡"
CommonEvents,468,メインストーリー14-1短縮版,メインストーリー,Story_Main,セラ,\C[4]セラ,"普段より射精が近い状態からのスタートとなりますが
頑張ってください。",Lần này sẽ bắt đầu từ trạng thái anh sắp sửa xuất tinh nên hãy cố gắng nhé.
CommonEvents,468,メインストーリー14-1短縮版,メインストーリー,Story_Main,セラ,\C[4]セラ,"また、今回は長く治療を施す必要がありますので
制限時間はありません。",Ngoài ra lần này cần trị liệu thời gian dài nên sẽ không có giới hạn thời gian.
CommonEvents,468,メインストーリー14-1短縮版,メインストーリー,Story_Main,セラ,\C[4]セラ,"あなたが私の行動を妨害する以外に
治療を突破する手段はありませんのでご注意を。",Ngoại trừ việc anh cản trở hành động của em ra thì không có cách nào vượt qua bài trị liệu đâu nên hãy chú ý nhé.
CommonEvents,468,メインストーリー14-1短縮版,メインストーリー,Story_Main,セラ,\C[4]セラ,"それでは……ねちっこくあなたを追い詰める
寸止め快楽地獄、初めていきます。",Vậy thì... Bài tập nhấp nhả hãm phanh tra tấn sướng rần người ép sát anh sẽ bắt đầu ngay đây.
CommonEvents,469,メインストーリー15-1短縮版,メインストーリー,Story_Main,セラ,\C[4]セラ,"息抜きのために訪れたのに身ぐるみを剝がされてしまった、
なんてことにならないように私が対策してあげます。","Để anh không bị lột sạch sành sanh khi ghé qua giải trí, em sẽ giúp anh chuẩn bị trước."
CommonEvents,469,メインストーリー15-1短縮版,メインストーリー,Story_Main,セラ,\C[4]セラ,"こういったセクシーなバニーガールに
貢がせられないよう、治療を頑張っていきましょう。","Để không bị các cô nàng Bunny gợi cảm này làm cho tán gia bại sản, chúng ta hãy cố gắng trị liệu nhé."
CommonEvents,470,メインストーリー16-1短縮版,メインストーリー,Story_Main,セラ,\C[4]セラ,"魔法であなたの言語能力を
赤ちゃんと同レベルにさせていただきました。",Em đã dùng phép thuật hạ khả năng ngôn ngữ của anh xuống ngang tầm bé sơ sinh rồi.
CommonEvents,470,メインストーリー16-1短縮版,メインストーリー,Story_Main,セラ,\C[4]セラ,"これで思う存分赤ちゃんになれますよ。
良かったですね。",Bây giờ anh có thể thỏa thích làm bé cưng rồi đấy. Tốt quá rồi nhé.
CommonEvents,470,メインストーリー16-1短縮版,メインストーリー,Story_Main,セラ,\C[4]セラ,"当然、今回の治療中は言葉で私を翻弄しようとしても
全く無意味ですのでお気を付けください。",Đương nhiên trong lúc trị liệu lần này anh có dùng lời nói lả lơi thế nào cũng hoàn toàn vô hiệu thôi nên hãy chú ý nhé.
CommonEvents,470,メインストーリー16-1短縮版,メインストーリー,Story_Main,セラ,\C[4]セラ,"それじゃあ、今からたっぷり赤ちゃん扱いして
あやしてあげまちゅね？","Nào, bây giờ em sẽ cưng nựng dỗ dành bé cưng thật nhiều nhé?"
CommonEvents,471,メインストーリー17-1短縮版,メインストーリー,Story_Main,セラ,\C[4]セラ,"今日はいっぱい嘘の喘ぎ声を聞かせてあげますから、
騙されないように気を付けてくださいね？","Hôm nay em sẽ cho anh nghe thật nhiều tiếng rên rỉ giả tạo, hãy cẩn thận kẻo bị lừa nhé?"
CommonEvents,472,メインストーリー18-1短縮版,メインストーリー,Story_Main,セラ,\C[4]セラ,"お互いに全身をぬるぬるにして、
スライム娘との戦闘を疑似的に再現するんです。",Chúng ta sẽ bôi trét gel nhờn nhợt khắp người để mô phỏng lại trận chiến với Slime Girl.
CommonEvents,472,メインストーリー18-1短縮版,メインストーリー,Story_Main,セラ,\C[4]セラ,"さ、服を脱いでください。
ローションをお塗りします。","Nào, cởi áo ra đi anh. Em sẽ bôi gel cho anh."
CommonEvents,474,メインストーリー20-1短縮版,メインストーリー,Story_Main,セラ,\C[4]セラ,"これはオナホールというものです。
柔らかい素材を魔法で形成しました。",Cái này gọi là Onahole. Em đã dùng phép thuật tạo ra chất liệu mềm mại này đấy.
CommonEvents,474,メインストーリー20-1短縮版,メインストーリー,Story_Main,セラ,\C[4]セラ,では早速、おちんちんで味見してみましょうか。,Nào chúng ta hãy nếm thử bằng con cu của anh xem sao nhé.
CommonEvents,475,メインストーリー21-1短縮版,メインストーリー,Story_Main,セラ,\C[4]セラ,今日の治療は……らぶらぶえっちです。,Bài trị liệu hôm nay là... làm tình ân ái mặn nồng.
CommonEvents,475,メインストーリー21-1短縮版,メインストーリー,Story_Main,セラ,\C[4]セラ,"私のことをいっぱい口説いてください。
たくさんいちゃいちゃしましょう。",Anh hãy nói thật nhiều câu tán tỉnh em đi. Chúng ta hãy ân ái mặn nồng thật nhiều nhé.
CommonEvents,476,メインストーリー22-1短縮版,メインストーリー,Story_Main,セラ,\C[4]セラ,"……おい、マゾ。
何馬鹿みたいな顔してこっち見てんだよ。","...Này, đồ M kia. Sao lại giương mắt ếch nhìn tôi thế hả."
CommonEvents,476,メインストーリー22-1短縮版,メインストーリー,Story_Main,セラ,\C[4]セラ,いじめてもらうんだからさっさとちんちん出せ。,Muốn tôi hành hạ thì mau lôi con cu ra đây nhanh lên.
CommonEvents,476,メインストーリー22-1短縮版,メインストーリー,Story_Main,セラ,\C[4]セラ,"じゃ、このまま治療始めるから。
せいぜい無様なところ晒さないようにね？　変態さん。","Được rồi, tôi bắt đầu trị liệu đây. Ráng mà đừng để lộ dáng vẻ thô nát ra nhé, đồ biến thái."
CommonEvents,477,メインストーリー23-1短縮版,メインストーリー,Story_Main,セラ,\C[4]セラ,"牛娘……別名、ミノタウロス娘とも言われる種族は
その母性と大きなおっぱいが特徴のモンスター娘です。",Cow Girl... hay còn gọi là Minotaur Girl là chủng tộc nổi tiếng với tình mẫu tử và bộ ngực khổng lồ.
CommonEvents,477,メインストーリー23-1短縮版,メインストーリー,Story_Main,セラ,\C[4]セラ,"ですから今回は、おっぱい責め中心の施術を
行っていこうと思います。",Vì vậy hôm nay em định tiến hành bài trị liệu tập trung vào việc tấn công bằng ngực.
CommonEvents,477,メインストーリー23-1短縮版,メインストーリー,Story_Main,セラ,\C[4]セラ,"それでは、柔らかさに包まれて理性を溶かさないように
頑張ってくださいね？",Vậy anh hãy cố gắng để lý trí không bị tan chảy trong sự mềm mại này nhé?
CommonEvents,478,メインストーリー24-1短縮版,メインストーリー,Story_Main,セラ（右）,\C[4]セラ（右）,"本日は対多人数戦を想定した治療です。
圧倒的に不利な状況ですから、中々厳しい戦いになるでしょう。",Hôm nay là bài trị liệu mô phỏng chiến đấu với nhiều đối thủ cùng lúc. Trong tình thế bất lợi tuyệt đối thế này sẽ là một trận chiến rất gay go đấy.
CommonEvents,478,メインストーリー24-1短縮版,メインストーリー,Story_Main,セラ（右&左）,\C[4]セラ（右&左）,それでは、二人で囲い込んでいじめてしまいましょう。,Vậy thì hai bọn em sẽ cùng vây hãm hành hạ anh nhé.
CommonEvents,479,メインストーリー25-1短縮版,メインストーリー,Story_Main,セラ,\C[4]セラ,"覚悟してくださいね。
私を本気にさせたあなたが悪いんですから……♡",Anh hãy chuẩn bị tinh thần đi nhé. Là tại anh làm cho em phải nghiêm túc đấy nhé...♡
CommonEvents,479,メインストーリー25-1短縮版,メインストーリー,Story_Main,セラ,\C[4]セラ,それでは……治療を開始します♡,Vậy thì... Trị liệu bắt đầu...♡
CommonEvents,502,Hシーン1,治療1,18+_治療,セラ,\C[4]セラ,"あっけなく射精してしまいましたね。
やはり重症のようです。",Anh lại bắn tinh mất rồi sao. Quả nhiên là bệnh rất nặng.
CommonEvents,502,Hシーン1,治療1,18+_治療,,\N[1],すみません……。,Xin lỗi em...
CommonEvents,502,Hシーン1,治療1,18+_治療,セラ,\C[4]セラ,それでは……追加治療を行います。,Vậy thì... Chúng ta sẽ tiến hành trị liệu bổ sung.
CommonEvents,502,Hシーン1,治療1,18+_治療,,\N[1],"っ！？
セラさんっ、治療は終わりなんじゃ……っ！？","Ah!? Sera ơi, trị liệu xong rồi mà... ah!?"
CommonEvents,502,Hシーン1,治療1,18+_治療,セラ,\C[4]セラ,"ただ射精して終わるだけでは、
モンスター娘に搾り取られたのと変わりありません。",Chỉ bắn tinh rồi kết thúc thì có khác gì bị Monster Girl vắt kiệt đâu chứ.
CommonEvents,502,Hシーン1,治療1,18+_治療,セラ,\C[4]セラ,"治療中に射精してしまった場合は、我慢ができないとどうなるのか
身体に叩き込ませていただきます。","Nếu bắn tinh trong lúc trị liệu, em sẽ bắt cơ thể anh ghi nhớ bài học xem nếu không chịu đựng thì hậu quả sẽ thế nào."
CommonEvents,502,Hシーン1,治療1,18+_治療,,\N[1],セラさん、止め……うぅぅ……っ！,"Sera ơi, dừng lại... Ức... ah...!"
CommonEvents,502,Hシーン1,治療1,18+_治療,セラ,\C[4]セラ,こうして耐性をつけることが完治へとつながります。,Bằng cách tăng khả năng chống chịu thế này sẽ dẫn đến việc chữa khỏi hoàn toàn.
CommonEvents,502,Hシーン1,治療1,18+_治療,セラ,\C[4]セラ,"少々荒療治にはなりますが、仕方がありません。
このくらいしないと治せないと判断しましたので。",Dù hơi mang tính chữa trị thô bạo nhưng đành chịu thôi. Vì em phán đoán phải làm đến mức này mới chữa khỏi được.
CommonEvents,502,Hシーン1,治療1,18+_治療,セラ,\C[4]セラ,"診断の結果ですが、あなたは身体的な問題と
精神的な問題の両方を抱えています。","Về kết quả chẩn đoán, anh đang mắc phải cả vấn đề thể chất lẫn vấn đề tinh thần."
CommonEvents,502,Hシーン1,治療1,18+_治療,セラ,\C[4]セラ,"おちんちんが刺激に弱いのは言うまでもありませんが、
あなたは誘惑に弱すぎます。","Con cu nhạy cảm trước kích thích thì khỏi phải nói rồi, nhưng anh lại quá yếu ớt trước sự quyến rũ."
CommonEvents,502,Hシーン1,治療1,18+_治療,セラ,\C[4]セラ,"モンスター娘から身を守るためには、
まず誘いに乗らないようにできなければお話になりません。","Để tự bảo vệ mình trước Monster Girl, trước tiên anh phải không dính bẫy quyến rũ thì mới nói chuyện tiếp được."
CommonEvents,502,Hシーン1,治療1,18+_治療,セラ,\C[4]セラ,"精神面の問題は、相手に組み敷かれて
強引に性的な行為をされた場合にもネックとなります。",Vấn đề tinh thần cũng là điểm chốt khi bị đối phương đè xuống cưỡng ép làm chuyện ấy.
CommonEvents,502,Hシーン1,治療1,18+_治療,セラ,\C[4]セラ,"言葉責めで従順になるようでは、
抜け出すチャンスさえ逃してしまうでしょうから。",Nếu chỉ vì những lời đe dọa lả lơi mà ngoan ngoãn nghe lời thì ngay cả cơ hội trốn thoát anh cũng sẽ bỏ lỡ mất.
CommonEvents,502,Hシーン1,治療1,18+_治療,セラ,\C[4]セラ,あなたのような方を何と呼ぶかご存じですか？,Anh có biết người như anh gọi là gì không?
CommonEvents,502,Hシーン1,治療1,18+_治療,セラ,\C[4]セラ,マゾ……と、言うんですよ。,Gọi là... đồ M đấy ạ.
CommonEvents,502,Hシーン1,治療1,18+_治療,,\N[1],うぅ……。,Ưu...
CommonEvents,502,Hシーン1,治療1,18+_治療,セラ,\C[4]セラ,"この短時間で私はあなたのおちんちんの弱点を
ある程度把握できてしまいました。",Trong thời gian ngắn ngủi này em đã nắm rõ được điểm yếu trên con cu của anh ở mức độ nhất định rồi.
CommonEvents,502,Hシーン1,治療1,18+_治療,セラ,\C[4]セラ,"それはなぜか。
あなたの反応が分かりやすいからです。",Tại sao ư? Vì phản ứng của anh quá dễ hiểu mà.
CommonEvents,502,Hシーン1,治療1,18+_治療,セラ,\C[4]セラ,"カリのところ、お好きですよね？
裏筋をすりすりと意地悪されるのも弱いですよね？",Chỗ rãnh quy đầu anh thích lắm đúng không? Bị mút mát trêu chọc ở dây hãm quy đầu anh cũng rất yếu đúng không?
CommonEvents,502,Hシーン1,治療1,18+_治療,セラ,\C[4]セラ,"隠し通せていると思っていましたか？
全部、バレていますからね。",Anh tưởng anh giấu được sao? Tất cả đều bị em thấu thấu sạch rồi nhé.
CommonEvents,502,Hシーン1,治療1,18+_治療,セラ,\C[4]セラ,"大方これまでもそうやってモンスター娘に負けてきたんでしょう？
情けないですね。",Phần lớn trước giờ anh cũng bị Monster Girl đánh bại kiểu đó đúng không? Thật là thảm hại quá đi.
CommonEvents,502,Hシーン1,治療1,18+_治療,,\N[1],"（あぁぁ……自分のだめなところが
余すところなく指摘されていく……）",(Aaa... Những điểm yếu kém cỏi của mình bị chỉ ra không sót chỗ nào...)
CommonEvents,502,Hシーン1,治療1,18+_治療,,\N[1],"（セラさんのあの目……なんて冷たいんだ……。
当然だ、彼女の言う通り自分はすごく情けないんだから……）","(Ánh mắt đó của Sera... Lạnh lùng làm sao... Nhưng đúng như cô ấy nói, mình quả thực rất thảm hại...)"
CommonEvents,502,Hシーン1,治療1,18+_治療,,\N[1],（きっと彼女に、完全に呆れられてしまった……）,(Chắc chắn cô ấy đã hoàn toàn chán nản về mình rồi...)
CommonEvents,502,Hシーン1,治療1,18+_治療,セラ,\C[4]セラ,"現状、あなたは重めのマゾと早漏を患っています。
恐らくモンスター娘どころか人間の女性にも勝てないでしょう。",Hiện tại anh đang mắc chứng bệnh M nặng và xuất tinh sớm. Có lẽ không chỉ Monster Girl mà ngay cả phụ nữ loài người anh cũng không thắng nổi đâu.
CommonEvents,502,Hシーン1,治療1,18+_治療,セラ,\C[4]セラ,"そして今も、自身の性癖を暴かれたにも関わらず
勃起が萎えないどころか硬さが増している……。","Và ngay lúc này đây, dù bản ngã tình dục bị bóc trần nhưng con cu của anh không những không ỉu đi mà còn cứng ngắc hơn nữa..."
CommonEvents,502,Hシーン1,治療1,18+_治療,セラ,\C[4]セラ,"ここまで言えば、第三者として私があなたを見て
どう思っているか理解できますよね。",Nói đến đây chắc anh hiểu một người đứng ngoài như em nhìn anh sẽ nghĩ gì rồi đúng không.
CommonEvents,502,Hシーン1,治療1,18+_治療,セラ,\C[4]セラ,あなたの今の姿は、率直に言って……、,"Dáng vẻ hiện tại của anh, nói thẳng ra thì..."
CommonEvents,502,Hシーン1,治療1,18+_治療,セラ,\C[4]セラ,……とても、可愛いです。,"...Cực kỳ, đáng yêu luôn đấy."
CommonEvents,502,Hシーン1,治療1,18+_治療,,\N[1],…………え？,............Hả?
CommonEvents,502,Hシーン1,治療1,18+_治療,セラ,\C[4]セラ,"おや？
抽象的な表現では伝わりませんでしたか？",Ơ kìa? Dùng biểu cảm trừu tượng anh không hiểu sao?
CommonEvents,502,Hシーン1,治療1,18+_治療,セラ,\C[4]セラ,"具体的に言えば、射精を我慢している顔や
それでも耐えられず絶頂してしまうところが可愛いです。","Nói cụ thể ra thì, khuôn mặt anh lúc cố nhẫn nại chịu đựng nhịn bắn tinh, và cả lúc không chịu nổi mà lên đỉnh, tất cả đều đáng yêu cực kỳ."
CommonEvents,502,Hシーン1,治療1,18+_治療,セラ,\C[4]セラ,"庇護欲と嗜虐欲を同時に刺激される、と言いましょうか。
ずっと愛でていたいとさえ思います。",Gọi là kích thích đồng thời cả ham muốn bảo vệ lẫn ham muốn hành hạ thì đúng hơn. Em thậm chí còn muốn nâng niu anh mãi mãi cơ.
CommonEvents,502,Hシーン1,治療1,18+_治療,,\N[1],"えっ？　えっ？
セラさん、何を言って……？",Éc? Hả? Sera ơi em đang nói cái gì thế...?
CommonEvents,502,Hシーン1,治療1,18+_治療,セラ,\C[4]セラ,"まだ分かりませんか？
少し遠まわしに言い過ぎましたか。では簡潔に。",Anh vẫn chưa hiểu sao? Nói lòng vòng quá sao. Thế em nói ngắn gọn nhé.
CommonEvents,502,Hシーン1,治療1,18+_治療,セラ,\C[4]セラ,私はあなたのことが好きです。,Em rất thích anh.
CommonEvents,502,Hシーン1,治療1,18+_治療,,\N[1],！？,⁉
CommonEvents,502,Hシーン1,治療1,18+_治療,セラ,\C[4]セラ,より正確に言い表すなら、「大好き」が適切でしょうか。,"Nói chính xác hơn nữa thì dùng từ ""Yêu nhất"" mới đúng nhỉ."
CommonEvents,502,Hシーン1,治療1,18+_治療,セラ,\C[4]セラ,"ちなみにこの手コキも、最初からずーっと
愛情を込めて丹念に行っていますよ。",Tiện thể màn mút cu bằng tay này từ đầu đến giờ em vẫn luôn gửi gắm trọn vẹn tình yêu thương tỉ mỉ làm cho anh đấy nhé.
CommonEvents,502,Hシーン1,治療1,18+_治療,セラ,\C[4]セラ,"治療とはいえ、あなたのおちんちんを
気持ち良くしてあげたいですから。",Dù là trị liệu nhưng em vẫn muốn làm cho con cu của anh được sung sướng mà.
CommonEvents,502,Hシーン1,治療1,18+_治療,セラ,\C[4]セラ,一応確認しますが、私の手コキ、気持ち良いですか？,"Em xác nhận lại một chút nhé, màn mút cu của em có sướng không anh?"
CommonEvents,502,Hシーン1,治療1,18+_治療,,\N[1],"は、はい……っ！
気持ち良すぎてやばいです……っ！",V-Vâng...! Sướng phát điên luôn em ơi...!
CommonEvents,502,Hシーン1,治療1,18+_治療,セラ,\C[4]セラ,"なるほど。やばいですか。
私のご奉仕が。",Ra là vậy. Sướng phát điên sao. Màn phục vụ của em.
CommonEvents,502,Hシーン1,治療1,18+_治療,セラ,\C[4]セラ,"……もっとあなたを喜ばせたいという気持ちが溢れてきましたので、
スピードを少し上げさせていただきます。","...Tự nhiên cảm xúc muốn làm cho anh vui sướng hơn nữa lại trào dâng rồi, nên em xin phép tăng tốc độ lên một chút nhé."
CommonEvents,502,Hシーン1,治療1,18+_治療,,\N[1],うあぁ……っ！？,U a...!
CommonEvents,502,Hシーン1,治療1,18+_治療,セラ,\C[4]セラ,"口元が歪んでよだれが垂れていますよ。
このまま続けると長く持たなさそうですね。",Khóe miệng anh méo xệch giọt dãi chảy ra rồi kìa. Cứ thế này chắc anh không chịu nổi lâu đâu nhỉ.
CommonEvents,502,Hシーン1,治療1,18+_治療,セラ,\C[4]セラ,絶頂の際はお顔がもっと情けなくなるのでしょうか。,Lúc lên đỉnh khuôn mặt anh có trở nên thảm hại hơn nữa không nhỉ.
CommonEvents,502,Hシーン1,治療1,18+_治療,セラ,\C[4]セラ,"男性からしてみればそんな表情を晒すのは
プライドが傷ついてしまうかもしれませんが……、",Dưới góc nhìn của nam giới thì để lộ biểu cảm đó chắc tổn hại lòng tự trọng lắm nhỉ...
CommonEvents,502,Hシーン1,治療1,18+_治療,セラ,\C[4]セラ,情けないお顔、私の前ならしても構いませんよ。,"Nhưng khuôn mặt thảm hại đó, trước mặt em anh cứ tự nhiên để lộ ra cũng không sao đâu."
CommonEvents,502,Hシーン1,治療1,18+_治療,セラ,\C[4]セラ,"何度でもお伝えしますが、私はあなたのそのような表情を
可愛いと思っていますので。","Em nhắc lại lần nữa nhé, vì em thấy biểu cảm đó của anh cực kỳ đáng yêu mà."
CommonEvents,502,Hシーン1,治療1,18+_治療,セラ,\C[4]セラ,"射精している間も、じー……っとあなたの顔を観察し、
あなたの一番恥ずかしい瞬間をじっくり堪能させていただきます。","Trong lúc anh bắn tinh em sẽ giương mắt nhìn chằm chằm quan sát khuôn mặt anh, thưởng thức trọn vẹn khoảnh khắc xấu hổ nhất của anh."
CommonEvents,502,Hシーン1,治療1,18+_治療,セラ,\C[4]セラ,"おや、お耳まで真っ赤に……想像してしまったようですね。
嫌ですか？　見ないで欲しいですか？","Ồ, cả tai cũng đỏ bừng lên rồi... Chắc anh đang tưởng tượng ra rồi đúng không. Anh ghét sao? Không muốn em nhìn sao?"
CommonEvents,502,Hシーン1,治療1,18+_治療,セラ,\C[4]セラ,でも……女の子に恥をかかされるの、お好きですよね？,Nhưng mà... Anh thích bị con gái làm cho xấu hổ đúng không nào?
CommonEvents,502,Hシーン1,治療1,18+_治療,セラ,\C[4]セラ,"おちんちんがぴくりと震えましたね。
図星、ですか。",Con cu giật bắn lên một cái kìa. Trúng phóc rồi đúng không.
CommonEvents,502,Hシーン1,治療1,18+_治療,セラ,\C[4]セラ,"心を見透かされておちんちんを反応させたこと自体が、
本当は恥ずかしいことをされたいと思っている証左ですね。",Bị thấu thị tâm trí mà con cu lại phản ứng lên thế này chính là bằng chứng cho thấy trong lòng anh thực sự muốn bị làm cho xấu hổ đấy.
CommonEvents,502,Hシーン1,治療1,18+_治療,セラ,\C[4]セラ,"大丈夫ですよ。
私ならそんな繊細なあなたのマゾの部分を分かってあげられますから。",Không sao đâu. Nếu là em thì em có thể thấu hiểu trọn vẹn phần tính cách M nhạy cảm đó của anh mà.
CommonEvents,502,Hシーン1,治療1,18+_治療,セラ,\C[4]セラ,"これからもあなた好みの方法で可愛がり、もてあそび、
一番精液が濃くなる意地悪をしながら搾り取ってあげます。",Bài trị liệu tra tấn sướng rần người này em đã nâng độ khó lên một chút đấy.
CommonEvents,502,Hシーン1,治療1,18+_治療,セラ,\C[4]セラ,"そろそろ出そうですか？
構いませんよ。あなたは早漏さん、ですからね。",Vì em muốn anh nhanh chóng được mạnh mẽ lên mà.
CommonEvents,502,Hシーン1,治療1,18+_治療,セラ,\C[4]セラ,"このまま私の手の中で果ててください。
せーの……、","Nào, anh hãy cố gắng chịu đựng đến phút cuối cùng nhé."
CommonEvents,502,Hシーン1,治療1,18+_治療,セラ,\C[4]セラ,"お射精どうぞ。
びゅるるる～……♡",Nếu bắn tinh giữa chừng thì em sẽ trừng phạt anh đấy...♡
CommonEvents,502,Hシーン1,治療1,18+_治療,セラ,\C[4]セラ,"たくさん出ましたね。
早漏ではありますが、射精機能自体は健康そのものです。",Bài trị liệu tra tấn nhấp nhả này thế nào?
CommonEvents,502,Hシーン1,治療1,18+_治療,セラ,\C[4]セラ,"それではこれで今回の治療は終了とさせていただきます。
お疲れ様でした。",Anh thấy sướng sướng lắm đúng không?♡
CommonEvents,503,Hシーン2,治療2,18+_治療,セラ,\C[4]セラ,"あなたは脚にも弱い、と……。
カルテに書き加えておきます。",Em sẽ tiếp tục trêu chọc rãnh quy đầu của anh nhé...♡
CommonEvents,503,Hシーン2,治療2,18+_治療,セラ,\C[4]セラ,"また一つ、私に恥ずかしいフェチを
把握されてしまいましたね。",Bắn tinh ra nào... ngoan lắm.
CommonEvents,503,Hシーン2,治療2,18+_治療,セラ,\C[4]セラ,"それでは私以外の脚に欲情しないよう、
追加治療を行います。","Ưm... nuốt ực...♡
Cảm ơn anh vì buổi trị liệu tuyệt vời nhé...♡"
CommonEvents,503,Hシーン2,治療2,18+_治療,セラ,\C[4]セラ,"このように物理的に女性から見下される格好というのは
いかがですか？",Bài trị liệu tra tấn nhấp nhả kết thúc!
CommonEvents,503,Hシーン2,治療2,18+_治療,セラ,\C[4]セラ,"対等にえっちをするつもりが毛頭ない体勢ですが……、
おちんちんはしっかり期待しているようです。",Anh lại bắn tinh mất rồi sao.
CommonEvents,503,Hシーン2,治療2,18+_治療,セラ,\C[4]セラ,"やはりあなたのようなマゾの方からすると
むしろ嬉しいようですね。",Quả nhiên anh chịu đựng không nổi nhỉ.
CommonEvents,503,Hシーン2,治療2,18+_治療,セラ,\C[4]セラ,では遠慮なく……足でおちんちんを遊んであげます。,Nhưng không sao đâu.
CommonEvents,503,Hシーン2,治療2,18+_治療,セラ,\C[4]セラ,"手と違って少しひんやりしますよね。
足蹴にされていることを温度でも感じられるでしょう？",Em sẽ phạt anh để anh ghi nhớ bài học nhé.
CommonEvents,503,Hシーン2,治療2,18+_治療,セラ,\C[4]セラ,"強い男性は温かいおまんこに挿入できるのに、
弱いマゾのあなたは冷たい足に踏まれて可哀そうです。","Nào, mau lại đây với em nào...♡"
CommonEvents,503,Hシーン2,治療2,18+_治療,セラ,\C[4]セラ,"……少々言葉責めが過ぎましたか？
本当はあなたのことが好きなのであしからず。",Chụtttt... chẹp chẹp...♡
CommonEvents,503,Hシーン2,治療2,18+_治療,セラ,\C[4]セラ,"おや、でもおちんちんは硬くなりましたね。
劣等感を煽られるのもお好きなんですか？","Ưm... ah♡
Bắn hết tinh dịch trừng phạt ra đi nào...♡"
CommonEvents,503,Hシーン2,治療2,18+_治療,セラ,\C[4]セラ,"全く、本当にあなたのマゾ性癖は重症ですね。
そういったところも可愛いですが。",Ngoan lắm... em đã nhận hết rồi.
CommonEvents,503,Hシーン2,治療2,18+_治療,セラ,\C[4]セラ,"それなら遠慮なく足コキさせていただきます。
しこ、しこ、ふみ、ふみ……。",Hình phạt kết thúc tại đây nhé.
CommonEvents,503,Hシーン2,治療2,18+_治療,セラ,\C[4]セラ,"ぴんと上を向いているおかげで
足でもしごきやすいですね。",Lần sau hãy chịu đựng giỏi hơn nhé.
CommonEvents,503,Hシーン2,治療2,18+_治療,セラ,\C[4]セラ,"自分から治療をしやすくしていただいて
非常に助かります。",Trị liệu bổ sung kết thúc!
CommonEvents,503,Hシーン2,治療2,18+_治療,セラ,\C[4]セラ,"こんな屈辱的な責めをされているのに、
むしろ勃起して弱いところを晒すなんて不思議ですね。",Đã hồi phục toàn bộ thể lực!
CommonEvents,503,Hシーン2,治療2,18+_治療,セラ,\C[4]セラ,"やり返してやろう、とは思わずに
ひたすら情けない恰好を女性に見てもらっている……。",Tăng khả năng chống chịu sự quyến rũ!
CommonEvents,503,Hシーン2,治療2,18+_治療,セラ,\C[4]セラ,この変態……と、言ってさしあげます。,Sức mạnh phòng thủ được nâng cao!
CommonEvents,503,Hシーン2,治療2,18+_治療,セラ,\C[4]セラ,ふふ……喜んでいるのが足裏に伝わってきます。,Đã nhận được danh hiệu \c[1]Mazo Kiên Cường\c[0]!
CommonEvents,503,Hシーン2,治療2,18+_治療,セラ,\C[4]セラ,"良い傾向ですね。
この調子で少々アブノーマルな性癖も私で慣れていきましょう。",Anh vất vả rồi.
CommonEvents,503,Hシーン2,治療2,18+_治療,セラ,\C[4]セラ,"誰かに開発される前に
私が先手を打つという治療法です。",Nghỉ ngơi một chút đi nhé.
CommonEvents,503,Hシーン2,治療2,18+_治療,セラ,\C[4]セラ,"こうしておけば、どんなことをされても
私に植え付けられた快感が上回りますから。",Lần sau lại cố gắng nhé.
CommonEvents,503,Hシーン2,治療2,18+_治療,セラ,\C[4]セラ,"良かったですね。
私があなたのどんな痴態も受け入れてくれるナースさんで。",Chào anh.
CommonEvents,503,Hシーン2,治療2,18+_治療,セラ,\C[4]セラ,"普通の女性ではあなたのマゾの一面に
驚いてしまうかもしれませんが、",Trị liệu kết thúc!
CommonEvents,503,Hシーン2,治療2,18+_治療,セラ,\C[4]セラ,"私なら嫌な顔一つせずに
弱々しいあなたをいじめてくれますよ。",Đúng là bệnh rất nặng.
CommonEvents,503,Hシーン2,治療2,18+_治療,セラ,\C[4]セラ,"これも治療のためですから、
感謝する必要は……、",Vậy thì đành phải áp dụng biện pháp nghiêm khắc thôi.
CommonEvents,503,Hシーン2,治療2,18+_治療,セラ,\C[4]セラ,"……？
なぜ私のパンツを凝視して……。",Anh có biết tại sao em lại trừng phạt anh không?
CommonEvents,503,Hシーン2,治療2,18+_治療,セラ,\C[4]セラ,"……っ！
ぬ、濡れているのは、その……。",Vì anh chịu đựng dở tệ quá mà.
CommonEvents,503,Hシーン2,治療2,18+_治療,セラ,\C[4]セラ,すみません、少し見栄を張りました。,Nên em phải trừng phạt để anh chấn chỉnh lại.
CommonEvents,503,Hシーン2,治療2,18+_治療,セラ,\C[4]セラ,"あなたの性癖を受け入れているのは
治療のためだからという口ぶりをしていましたが、",Anh hiểu chưa?
CommonEvents,503,Hシーン2,治療2,18+_治療,セラ,\C[4]セラ,"私もこうしてあなたの初めてを奪っていく行為に、
高ぶりを感じてしまっています……。",V-Vâng...
CommonEvents,503,Hシーン2,治療2,18+_治療,セラ,\C[4]セラ,"ですが、自分ではなくあなたのために
いじめているだけですので、勘違いなさらないでくださいね。",Ngoan lắm.
CommonEvents,503,Hシーン2,治療2,18+_治療,セラ,\C[4]セラ,こら。おちんちんを硬くして喜ばないでください。,Vậy chúng ta bắt đầu bài trừng phạt nhé.
CommonEvents,503,Hシーン2,治療2,18+_治療,セラ,\C[4]セラ,"私は変態ではありません。
あなたが可愛く誘惑してくるのが悪いんです。",Hãy để em dùng đôi chân này dẫm đạp con cu của anh nhé...♡
CommonEvents,503,Hシーン2,治療2,18+_治療,セラ,\C[4]セラ,"足の動きが速くなってきたのも、
決して照れ隠しではありませんよ。",Dẫm dẫm... chèn ép...♡
CommonEvents,503,Hシーン2,治療2,18+_治療,セラ,\C[4]セラ,"あなたが勃起して上手におねだりしてくるから
それに応えているだけにすぎません。","Ưm... ah♡
Sướng lắm đúng không? đồ M này...♡"
CommonEvents,503,Hシーン2,治療2,18+_治療,セラ,\C[4]セラ,あなたがマゾの変態なのが全部悪いんです。,Con cu bị dẫm dẫm mà lại cứng ngắc lên thế kia nà...♡
CommonEvents,503,Hシーン2,治療2,18+_治療,セラ,\C[4]セラ,"ほら、弱点を足蹴にされて息を荒げるなんて、
あなたがお馬鹿さんな証拠です。",Đúng là tên M cuồng dâm mà...♡
CommonEvents,503,Hシーン2,治療2,18+_治療,セラ,\C[4]セラ,"そんなだからモンスター娘に襲われるんですよ。
彼女たちからすればあなたは絶好の餌です。",Bắn tinh dịch trừng phạt ra đi nào... phọt phọt...♡
CommonEvents,503,Hシーン2,治療2,18+_治療,セラ,\C[4]セラ,"それどころか、あなたから彼女たちを
呼び寄せていると言っても過言ではありません。",Ngoan lắm... bắn hết tinh dịch thô nát ra rồi nà...♡
CommonEvents,503,Hシーン2,治療2,18+_治療,セラ,\C[4]セラ,"こんなに弱くて女性の嗜虐欲を煽っているから
真っ先に搾り取られてしまうんです。",Dáng vẻ bị dẫm đạp bắn tinh thảm hại lắm đấy...♡
CommonEvents,503,Hシーン2,治療2,18+_治療,セラ,\C[4]セラ,だから、私が欲情するのも仕方がありませんよね？,Thế nên em có muốn nổi máu dâm mát cũng là chuyện hiển nhiên đúng không?
CommonEvents,503,Hシーン2,治療2,18+_治療,セラ,\C[4]セラ,分かったらさっさと降伏してください。,Hiểu rồi thì mau chóng đầu hàng đi nào.
CommonEvents,503,Hシーン2,治療2,18+_治療,セラ,\C[4]セラ,"精液をぴゅっぴゅってして白旗をあげて、
私にごめんなさいしてください。",Hãy bắn tinh phọt phọt ra rồi giơ cờ trắng xin lỗi em đi.
CommonEvents,503,Hシーン2,治療2,18+_治療,セラ,\C[4]セラ,"「意地悪して欲しそうにおちんちんを大きくして
ごめんなさい」ってしてください。","Hãy xin lỗi: ""Em xin lỗi vì đã làm con cu sưng to lên như thể muốn được em trêu chọc"" đi."
CommonEvents,503,Hシーン2,治療2,18+_治療,セラ,\C[4]セラ,"……金玉が上に上がってきましたね。
射精して情けなく謝る準備ができましたか？",...Dế cu rút lên trên rồi kìa. Anh đã chuẩn bị tinh thần bắn tinh rồi xin lỗi một cách thảm hại chưa?
CommonEvents,503,Hシーン2,治療2,18+_治療,セラ,\C[4]セラ,"では、このままおちんちんが逃げられないように
踏みつけていてあげます。",Thế thì em sẽ tiếp tục dẫm lên con cu để nó không thể chạy thoát được đâu nhé.
CommonEvents,503,Hシーン2,治療2,18+_治療,セラ,\C[4]セラ,"このまま射精すれば、あなたのみっともないところを
余すところなく観察されてしまいますね。",Nếu bắn tinh trong tư thế này thì dáng vẻ thô nát của anh sẽ bị em quan sát từ đầu đến chân đấy.
CommonEvents,503,Hシーン2,治療2,18+_治療,セラ,\C[4]セラ,"その記憶はきっと他の誰かにいじめられるよりも
ずっと深くあなたの心に刻まれるはずです。",Ký ức này chắc chắn sẽ khắc sâu vào tim anh hơn bất kỳ lần bị ai hành hạ nào khác.
CommonEvents,503,Hシーン2,治療2,18+_治療,セラ,\C[4]セラ,"そうして治療が完了します。
ですので……、",Và như thế bài trị liệu mới hoàn thành. Cho nên...
CommonEvents,503,Hシーン2,治療2,18+_治療,セラ,\C[4]セラ,"たー……っぷり恥をかいてくださいね。
マゾの変態さん。",Hãy chịu đựng sự xấu hổ thật nhiệ~u vào nhé. Đồ biến thái M này.
CommonEvents,503,Hシーン2,治療2,18+_治療,セラ,\C[4]セラ,"はい、ごめんなさいしましょうねー。
ぴゅっぴゅ～……。","Nào, xin lỗi em đi nào~. Phọt phọt~..."
CommonEvents,503,Hシーン2,治療2,18+_治療,セラ,\C[4]セラ,"……お射精お疲れさまでした。
これで追加治療は終了です。",...Cảm ơn anh đã bắn tinh vất vả nhé. Bài trị liệu bổ sung kết thúc tại đây.
CommonEvents,503,Hシーン2,治療2,18+_治療,セラ,\C[4]セラ,"私がムキになっているように見えたかもしれませんが、
全て治療のためですので勘違いです。","Có thể anh thấy em như đang cố tình làm nũng ghen tuông, nhưng tất cả đều vì trị liệu thôi nên anh đừng hiểu lầm nhé."
CommonEvents,503,Hシーン2,治療2,18+_治療,セラ,\C[4]セラ,決して、意固地になってなんていませんから。,Tuyệt đối em không có ý định cố chấp đâu đấy.
CommonEvents,504,Hシーン3,治療3,18+_治療,セラ,\C[4]セラ,やはり亀頭への刺激に弱いようですね。,Quả nhiên anh rất yếu trước sự kích thích lên quy đầu nhỉ.
CommonEvents,504,Hシーン3,治療3,18+_治療,セラ,\C[4]セラ,"ですが大丈夫です。
ここを鍛えることは、精神を鍛えるよりもよっぽど簡単です。",Nhưng không sao đâu. Rèn luyện chỗ này dễ hơn rèn luyện tinh thần nhiều.
CommonEvents,504,Hシーン3,治療3,18+_治療,セラ,\C[4]セラ,"なにせ、しつこくいじめて慣れさせるという
単純な方法で強くできるのですから。",Dù sao thì chỉ cần dùng phương pháp đơn giản là lặp đi lặp lại việc trêu chọc cho quen dần là có thể làm nó mạnh lên rồi.
CommonEvents,504,Hシーン3,治療3,18+_治療,セラ,\C[4]セラ,"というわけで、追加治療では
亀頭へさらなる刺激を与えていきます。","Vì vậy trong bài trị liệu bổ sung, em sẽ tăng cường kích thích hơn nữa vào quy đầu của anh."
CommonEvents,504,Hシーン3,治療3,18+_治療,セラ,\C[4]セラ,"ただ、いきなり強い刺激を与えてしまっては
すぐにお射精してしまい治療になりません。",Tuy nhiên nếu đột ngột cho kích thích quá mạnh thì anh sẽ bắn tinh ngay lập tức làm bài trị liệu thất bại.
CommonEvents,504,Hシーン3,治療3,18+_治療,セラ,\C[4]セラ,"なので、私の身体の中でも特に柔らかい部位……、
おっぱいを使って亀頭をほぐしていきます。",Thế nên em sẽ dùng bộ phận mềm mại nhất trên cơ thể em... Cặp núi đôi để mát xa quy đầu cho anh nhé.
CommonEvents,504,Hシーン3,治療3,18+_治療,セラ,\C[4]セラ,"まずは腰を少し前に突き出し、私の谷間へ
おちんちんを挿入していただいていいでしょうか。",Trước tiên hãy đẩy hông về phía trước một chút rồi đưa con cu vào giữa khe ngực em nhé.
CommonEvents,504,Hシーン3,治療3,18+_治療,セラ,\C[4]セラ,"ただし、入れていいのは先っぽだけです。
奥まで入れるのは禁止ですからね。",Nhưng chỉ được đưa phần đầu quy đầu vào thôi đấy nhé. Cấm đưa sâu vào trong đấy.
CommonEvents,504,Hシーン3,治療3,18+_治療,セラ,\C[4]セラ,"ん……はい、ありがとうございます。
お上手ですよ。","Ưm... vâng, cảm ơn anh. Anh làm giỏi lắm."
CommonEvents,504,Hシーン3,治療3,18+_治療,セラ,\C[4]セラ,"……おちんちんをほんのちょっぴり挟んだだけのなのに、
もう腰が引けそうになっていますね。",...Chỉ mới kẹp phần đầu quy đầu một chút thôi mà hông anh đã muốn lùi lại rồi kìa.
CommonEvents,504,Hシーン3,治療3,18+_治療,セラ,\C[4]セラ,"とても弱々しくて可愛いです。
でも、決して亀頭を引き抜いてはいけませんよ。",Trông yếu ớt đáng yêu cực kỳ luôn. Nhưng tuyệt đối không được rút quy đầu ra đâu đấy nhé.
CommonEvents,504,Hシーン3,治療3,18+_治療,セラ,\C[4]セラ,"何をされてもそのままの体勢でお願いします。
いきますよ。",Dù em có làm gì anh cũng hãy giữ nguyên tư thế đó nhé. Bắt đầu đây.
CommonEvents,504,Hシーン3,治療3,18+_治療,セラ,\C[4]セラ,おっぱいを互い違いに、こね、こね……。,Dùng cặp ngực nhào nặn so le... xoa xoa...
CommonEvents,504,Hシーン3,治療3,18+_治療,セラ,\C[4]セラ,"どうですか？　追加治療の内容は、
先っぽばっかりしつこくいじめる意地悪パイズリですよ。",Anh thấy thế nào? Nội dung trị liệu bổ sung chính là bài kẹp ngực trêu chọc cố tình chỉ nhắm vào phần đầu quy đầu đấy.
CommonEvents,504,Hシーン3,治療3,18+_治療,セラ,\C[4]セラ,"男の子の大好きなおっぱいの谷間も、
一番敏感なところだけしか入れてもらえないと切ないでしょう？",Rãnh ngực ngọt ngào mà con trai mê mệt mà chỉ được đưa phần nhạy cảm nhất vào chắc anh thấy tiếc nuối lắm đúng không?
CommonEvents,504,Hシーン3,治療3,18+_治療,セラ,\C[4]セラ,"くす……言われた通り腰を引かないように頑張っていますね。
お利口さんですよ。",Hì hì... Anh nghe lời cố gắng không lùi hông lại kìa. Ngoan ngoan lắm.
CommonEvents,504,Hシーン3,治療3,18+_治療,セラ,\C[4]セラ,"無防備な弱点を差し出し、ぷるぷる震えて
パイズリに耐える姿、とっても可愛いです。","Dâng ra điểm yếu không chút phòng bị, run bần bật chịu đựng màn kẹp ngực trêu chọc, dáng vẻ đó đáng yêu cực kỳ luôn."
CommonEvents,504,Hシーン3,治療3,18+_治療,セラ,\C[4]セラ,"あなたのやる気に応えて、私も丁寧に
治療していきますからね。","Để đáp lại sự quyết tâm của anh, em cũng sẽ trị liệu thật cẩn thận tỉ mỉ nhé."
CommonEvents,504,Hシーン3,治療3,18+_治療,セラ,\C[4]セラ,"先っぽ、すり、すり……。
強くなぁれ……。","Phần đầu quy đầu, xoa xoa... Mập mạp mạnh mẽ lên nào..."
CommonEvents,504,Hシーン3,治療3,18+_治療,セラ,\C[4]セラ,"竿には一切触れないまま、
温かい谷間でこね回していきます。","Không chạm một chút nào vào thân cu cả, chỉ dùng rãnh ngực ấm áp nhào nặn liên tục."
CommonEvents,504,Hシーン3,治療3,18+_治療,セラ,\C[4]セラ,……あ、中で我慢汁が出ていますね。,"...A, bên trong trào dâm dịch ra rồi kìa."
CommonEvents,504,Hシーン3,治療3,18+_治療,セラ,\C[4]セラ,"治療がつらくて泣いちゃったんでしょうか。
申し訳ありません。",Có phải vì trị liệu vất vả quá nên anh khóc ra nước mắt dâm dịch rồi đúng không. Em xin lỗi anh nhé.
CommonEvents,504,Hシーン3,治療3,18+_治療,セラ,\C[4]セラ,"でも潤滑油を出されてしまっては、
よりパイズリしやすくなってしまいますよ。",Nhưng anh tự tiết chất bôi trơn ra thế này thì lại làm màn kẹp ngực càng mượt mà dễ làm hơn đấy.
CommonEvents,504,Hシーン3,治療3,18+_治療,セラ,\C[4]セラ,"中で亀頭に塗り広げていきますね。
ぬーり、ぬーり……。",Em sẽ dùng nó bôi trét khắp quy đầu bên trong nhé. Bôi bôi... trét trét...
CommonEvents,504,Hシーン3,治療3,18+_治療,セラ,\C[4]セラ,"はい、これでぬるぬるになりました。
気持ち良さも上がってしまったかと。","Đó, giờ thì trơn trượt mượt mà rồi nhé. Độ sung sướng chắc cũng tăng lên rồi đúng không."
CommonEvents,504,Hシーン3,治療3,18+_治療,セラ,\C[4]セラ,"先っぽはねっとりほかほかの感触なのに、
竿は空気にさらされて寂しそうです。","Phần đầu quy đầu thì cảm nhận sự quánh dính ấm áp, còn phần thân cu thì trần trụi tiếp xúc với không khí trông cô đơn chưa kìa."
CommonEvents,504,Hシーン3,治療3,18+_治療,セラ,\C[4]セラ,"切ないですよね。
切ないともっと我慢汁出ちゃいますね。",Tiếc nuối lắm đúng không. Càng tiếc nuối lại càng tiết dâm dịch ra nhiều hơn kìa.
CommonEvents,504,Hシーン3,治療3,18+_治療,セラ,\C[4]セラ,"あなた自身のせいでどんどん気持ちよくなってしまいますよ。
早く強くならないと悪循環が止まりませんよ。",Chính bản thân anh lại làm cho bản thân sướng hơn đấy nhé. Nếu không mau mạnh lên thì vòng lẩn quẩn này không dừng lại được đâu.
CommonEvents,504,Hシーン3,治療3,18+_治療,セラ,\C[4]セラ,"これはつまり、もう少し厳しくして
成長を促した方が良い、ということかもしれません。","Nói cách khác, có lẽ em cần nghiêm khắc hơn một chút nữa để thúc đẩy anh trưởng thành chăng."
CommonEvents,504,Hシーン3,治療3,18+_治療,セラ,\C[4]セラ,"丁度動かしやすくなっていますし、
少々スピードを上げましょうか。","Vừa hay gel bôi trơn làm chuyển động dễ dàng hơn rồi, em xin phép tăng tốc độ lên chút nhé."
CommonEvents,504,Hシーン3,治療3,18+_治療,セラ,\C[4]セラ,"首を横に振ってもだめです。
わがままを言ってはいけません。",Lắc đầu cũng vô ích thôi. Không được nhõng nhẽo.
CommonEvents,504,Hシーン3,治療3,18+_治療,セラ,\C[4]セラ,"腰に力を入れて、耐える準備をしてください。
膝が曲がらないようにぴんと伸ばしてください。",Hãy dồn lực vào hông chuẩn bị chịu đựng nào. Thẳng chân ra không được cong đầu gối nhé.
CommonEvents,504,Hシーン3,治療3,18+_治療,セラ,\C[4]セラ,では、せーの……ずりずりずりずり～……。,"Nào, 1 2 3... kẹp kẹp xoa xoa nhanh nào~..."
CommonEvents,504,Hシーン3,治療3,18+_治療,セラ,\C[4]セラ,"弱くて情けないおちんちんを叱責するように、
こねこね、すりすり。",Nhào nặn xoa mút như thể khiển trách con cu yếu ớt thảm hại của anh.
CommonEvents,504,Hシーン3,治療3,18+_治療,セラ,\C[4]セラ,"刺激強いのにしっかりおちんちんを
突き出したままにできて格好いいですよ。",Kích thích mạnh thế mà anh vẫn thẳng hông dâng con cu ra được ngầu lắm đấy.
CommonEvents,504,Hシーン3,治療3,18+_治療,セラ,\C[4]セラ,"おちんちんはかっちかちになって
今にも降参しそうですが、ぎりぎり耐えれていますね。",Con cu sưng to cứng ngắc như sắp sửa giơ cờ trắng đầu hàng đến nơi rồi nhưng anh vẫn suýt soát chịu đựng được kìa.
CommonEvents,504,Hシーン3,治療3,18+_治療,セラ,\C[4]セラ,"亀頭責めのつらさが射精感をすんでのところで
押しとどめているということでしょうか。",Có phải cảm giác tra tấn quy đầu đau sướng lẫn lộn đã giữ anh lại ở ngưỡng ranh giới xuất tinh không?
CommonEvents,504,Hシーン3,治療3,18+_治療,セラ,\C[4]セラ,"治療にはうってつけの状態ですね。
今の内に先っぽいじめに慣れておきましょう。",Trạng thái cực kỳ thích hợp cho việc trị liệu đấy. Nhân lúc này hãy làm quen với việc tra tấn quy đầu đi nhé.
CommonEvents,504,Hシーン3,治療3,18+_治療,セラ,\C[4]セラ,"ほらほら、意識をおっぱいに挟まれている
温かいところだけに集中ですよ。","Nào nào, tập trung ý thức vào cảm giác ấm áp đang kẹp chặt phần đầu quy đầu thôi nhé."
CommonEvents,504,Hシーン3,治療3,18+_治療,セラ,\C[4]セラ,"すべすべの肌があなたの敏感なところを
優しく愛撫していますね。",Bài trị liệu kẹp ngực tra tấn quy đầu kết thúc!
CommonEvents,504,Hシーン3,治療3,18+_治療,セラ,\C[4]セラ,"おちんちんさん、ここが天国ですよー。
そんな風にいらいらしちゃだめですよー。",Hà... hà...
CommonEvents,504,Hシーン3,治療3,18+_治療,セラ,\C[4]セラ,くす……もう息も絶え絶え、と言ったところでしょうか。,Anh vất vả rồi.
CommonEvents,504,Hシーン3,治療3,18+_治療,セラ,\C[4]セラ,"よくここまで頑張りましたね。
今日のところはこれで十分でしょう。",Sera ơi... Kẹp ngực tuyệt vời quá...
CommonEvents,504,Hシーン3,治療3,18+_治療,セラ,\C[4]セラ,"なので……最後におちんちん全体を甘やかされながらの
射精をして終わりとさせていただきます。",Hì hì... Cảm ơn anh đã khen.
CommonEvents,504,Hシーン3,治療3,18+_治療,セラ,\C[4]セラ,"ずっと「待て」されてた竿の方もパイズリして欲しいですよね？
いいですよ、真面目に治療を受けたご褒美です。",Hôm nay anh chịu đựng giỏi lắm đấy.
CommonEvents,504,Hシーン3,治療3,18+_治療,セラ,\C[4]セラ,"このまま腰を突き出してくれれば、私が先っぽから根本まで包み込んで
ぜーんぶよしよししてあげます。",Cứ giữ vững phong độ này nhé.
CommonEvents,504,Hシーン3,治療3,18+_治療,セラ,\C[4]セラ,"ドキドキしちゃいますね。
それでは入れてしまいましょうか。せーの……、",Vâng!
CommonEvents,504,Hシーン3,治療3,18+_治療,セラ,\C[4]セラ,にゅぷぷぷ～……。,Lần sau em lại kẹp ngực cho anh nhé...♡
CommonEvents,504,Hシーン3,治療3,18+_治療,セラ,\C[4]セラ,"このまま揉みくちゃにしてあげましょうね。
にゅるにゅるにゅる～……。",Chụtttt... mút mút...♡
CommonEvents,504,Hシーン3,治療3,18+_治療,セラ,\C[4]セラ,"カリ首さんのところも、隙間なくみっちり
密着させて可愛がります。","Ưm... ah♡
Bắn hết tinh dịch vào giữa khe ngực em đi nào...♡"
CommonEvents,504,Hシーン3,治療3,18+_治療,セラ,\C[4]セラ,"あぁ、もうだめそうですね。
よっぽど限界が近かったのでしょうか。",Ngoan lắm... em đã nhận hết tinh dịch của anh rồi.
CommonEvents,504,Hシーン3,治療3,18+_治療,セラ,\C[4]セラ,"我慢なんてしなくて大丈夫ですよ。
このまま好きに出してください。",Bài trị liệu kẹp ngực kết thúc!
CommonEvents,504,Hシーン3,治療3,18+_治療,セラ,\C[4]セラ,"精液はあなたの大好きな谷間に閉じ込めてあげます。
あなたの情けないところは全て、私が包み込みますので……♡",Anh lại bắn tinh mất rồi sao.
CommonEvents,504,Hシーン3,治療3,18+_治療,セラ,\C[4]セラ,"ん……♡
おっぱいの中、熱いです……♡",Quả nhiên là chịu không nổi nhỉ.
CommonEvents,504,Hシーン3,治療3,18+_治療,セラ,\C[4]セラ,"おっと。あなたの精液、少しだけにじみ出てしまいました。
せっかくいただいた子種ですから、一滴もこぼしません。",Nhưng không sao đâu.
CommonEvents,504,Hシーン3,治療3,18+_治療,セラ,\C[4]セラ,"くす……満足気なお顔。
今回もお疲れ様でした。",Em sẽ phạt anh để anh ghi nhớ bài học.
CommonEvents,505,Hシーン4,治療4,18+_治療,セラ,\C[4]セラ,"あーあ、セックスを餌にぶら下げられて
負けてしまいましたね。","Nào, mau lại đây với em nào...♡"
CommonEvents,505,Hシーン4,治療4,18+_治療,セラ,\C[4]セラ,"そんなに私とセックスしたいんですか？
治療だというのに困ります。",Chụtttt... chẹp chẹp...♡
CommonEvents,505,Hシーン4,治療4,18+_治療,セラ,\C[4]セラ,"ともかく、射精してしまったものは仕方ありませんので、
これより追加治療を行います。","Ưm... ah♡
Bắn hết tinh dịch trừng phạt ra đi nào...♡"
CommonEvents,505,Hシーン4,治療4,18+_治療,セラ,\C[4]セラ,"……。こうしてあなたを受け入れる体勢を取るのは、
少しばかり気恥ずかしいですね。",Ngoan lắm... em đã nuốt hết rồi.
CommonEvents,505,Hシーン4,治療4,18+_治療,セラ,\C[4]セラ,"ですが、私のこの姿を見ておちんちんを跳ねさせ、
生唾を飲み込んでいるようですのでいいでしょう。",Trị liệu kết thúc!
CommonEvents,505,Hシーン4,治療4,18+_治療,セラ,\C[4]セラ,"ちなみに、あなたを誘惑している間もずっと濡れていましたので、
中はぬるぬるほかほかで、きっとすごー……く、気持ち良いですよ。",Hôm nay em có chuẩn bị một bài trị liệu đặc biệt hơn một chút.
CommonEvents,505,Hシーン4,治療4,18+_治療,セラ,\C[4]セラ,"でもすぐにイっちゃだめですからね？
できるだけ長く、私とつながっていてください……。",Đặc biệt sao...?
CommonEvents,505,Hシーン4,治療4,18+_治療,セラ,\C[4]セラ,"ん……♡
あなたのが、入ってきた……。",Vâng. Hôm nay em sẽ trói chặt hai tay anh lại.
CommonEvents,505,Hシーン4,治療4,18+_治療,セラ,\C[4]セラ,"硬く勃起できていますね。ちゃんと女の子とえっちする用の
格好良いおちんちんにできて素敵です。",Éc!? Trói tay lại sao!?
CommonEvents,505,Hシーン4,治療4,18+_治療,セラ,\C[4]セラ,"では、私はこうしてあなたのことを見ていますので、
腰を振ってください。","Vâng, để anh không thể cản trở hay trốn chạy được."
CommonEvents,505,Hシーン4,治療4,18+_治療,セラ,\C[4]セラ,"ん……ふ……っ♡
そう、その調子です……。",Trong tư thế này em sẽ đưa cô bé của em vào ép sát con cu của anh.
CommonEvents,505,Hシーン4,治療4,18+_治療,セラ,\C[4]セラ,"一定のペースで腰を前後に動かすんですよ。
上手な腰振りはモンスター娘への対抗策の一つになります。",Anh sẽ không thể làm gì ngoài việc tiếp nhận toàn bộ sự sung sướng ngọt ngào này.
CommonEvents,505,Hシーン4,治療4,18+_治療,セラ,\C[4]セラ,"もし逆レイプされても、上手く相手の弱点を突ければ
隙を作って逃げることができますから。",Liệu anh có thể chịu đựng được không?
CommonEvents,505,Hシーン4,治療4,18+_治療,セラ,\C[4]セラ,"ですから、女の子の弱いところを狙って
先っぽでとんとんってするんですよ。","Nào, hãy chuẩn bị tinh thần đi nhé...♡"
CommonEvents,505,Hシーン4,治療4,18+_治療,セラ,\C[4]セラ,"……くす。腰が引けていますね。
相手を気持ちよくする余裕なんてありませんか？",Chụtttt... chẹp chẹp...♡
CommonEvents,505,Hシーン4,治療4,18+_治療,セラ,\C[4]セラ,"おちんちんは相手の子宮口を攻撃できる武器でありながら、
同時に弱点でもありますからね。仕方ありません。","Ưm... ah♡
Bắn tinh dịch ra đi nào... ngoan lắm."
CommonEvents,505,Hシーン4,治療4,18+_治療,セラ,\C[4]セラ,"マゾの方ならなおさらです。
これはたくさん治療する必要がありそうです。",Ngoan lắm... em đã nhận hết tinh dịch của anh rồi.
CommonEvents,505,Hシーン4,治療4,18+_治療,セラ,\C[4]セラ,"幸い、私はあなたの弱っちい腰振りも大好きで、これでも
気持ちよくなれてしまうので、練習相手としては最適ですよ。",Anh thấy bài trị liệu trói tay này thế nào?
CommonEvents,505,Hシーン4,治療4,18+_治療,セラ,\C[4]セラ,"私にいっぱいえっちの練習させてもらって、
もっと強い男の子になりましょうね。",Lần sau lại cố gắng chịu đựng hơn nhé...♡
CommonEvents,505,Hシーン4,治療4,18+_治療,セラ,\C[4]セラ,"ほら、へっぴり腰でも大丈夫ですから、ちゃんと奥まで
おちんちんを挿入しきってください。",Trị liệu trói tay kết thúc!
CommonEvents,505,Hシーン4,治療4,18+_治療,セラ,\C[4]セラ,"そうしたら次は、カリ首がぎりぎり中から出ない程度まで
引き抜いてください。",Hôm nay em sẽ thử thách khả năng chịu đựng của anh bằng việc trói chặt cả hai tay anh.
CommonEvents,505,Hシーン4,治療4,18+_治療,セラ,\C[4]セラ,"長ーいストローク、気持ち良いですね。
でも我慢ですよ。我慢我慢。",Anh không thể đẩy em ra hay bỏ chạy được đâu.
CommonEvents,505,Hシーン4,治療4,18+_治療,セラ,\C[4]セラ,"ほらもう一度。一番奥目掛けて腰を、へこ……♡
ふふ……情けない擬音を付けられるのは恥ずかしかったですか？","Trong trạng thái tuyệt đối phục tùng này, em sẽ đưa cô bé trơn mịn nguyên bản của em nuốt trọn lấy con cu của anh."
CommonEvents,505,Hシーン4,治療4,18+_治療,セラ,\C[4]セラ,"失礼しました。ぷるぷる震えながらピストンする姿が
あまりに可愛かったもので、つい。",Anh phải dập hông liên tục cho đến khi em lên đỉnh mới thôi.
CommonEvents,505,Hシーン4,治療4,18+_治療,セラ,\C[4]セラ,"しっかりと良いところに当たっていますよ。
セックスお上手です。",Liệu anh có thể chịu đựng được sự sung sướng này không?
CommonEvents,505,Hシーン4,治療4,18+_治療,セラ,\C[4]セラ,"ですが、もう少ししっかりと腰を密着させないと
相手の快感の波を逃してしまうでしょうね。","Nào, hãy bắt đầu thôi...♡"
CommonEvents,505,Hシーン4,治療4,18+_治療,セラ,\C[4]セラ,"もう既に金玉さんが上にきゅっと持ち上がって辛そうですが、
我慢して強い腰振り、できそうですか？",Chụtttt... chẹp chẹp...♡
CommonEvents,505,Hシーン4,治療4,18+_治療,セラ,\C[4]セラ,"あっ、ん……っ♡
そうそう、良い調子です……♡","Ưm... ah♡
Bắn hết tinh dịch vào sâu trong cổ tử cung em đi nào...♡"
CommonEvents,505,Hシーン4,治療4,18+_治療,セラ,\C[4]セラ,"おちんちんが限界まで硬くなっている時は、
相手を気持ちよくするチャンスでもあります。",Ngoan lắm... em đã nuốt hết rồi.
CommonEvents,505,Hシーン4,治療4,18+_治療,セラ,\C[4]セラ,"だから、んっ♡　ここでどれだけ長く腰を振れるかが、
とても、あっ……♡　大事ですよ……♡",Buổi trị liệu đặc biệt trói tay kết thúc!
CommonEvents,505,Hシーン4,治療4,18+_治療,セラ,\C[4]セラ,"すみません、私は治療する側なので
あまり乱れるのはよろしくないのですが……、","Xin lỗi anh, em là người thực hiện trị liệu đáng ra không nên lơ đễnh thế này..."
CommonEvents,505,Hシーン4,治療4,18+_治療,セラ,\C[4]セラ,"自分が想定していた以上に、興奮してしまっているようで……。
少々、反応を抑えるのが難しいです……♡",Nhưng có vẻ chính em lại hưng phấn vượt quá dự tính... Hơi khó kìm hãm phản ứng lại rồi...♡
CommonEvents,505,Hシーン4,治療4,18+_治療,セラ,\C[4]セラ,"ですが、勘違いはしないでくださいね。
私は真面目に治療をしています。",Nhưng anh đừng hiểu lầm nhé. Em đang nghiêm túc trị liệu đấy.
CommonEvents,505,Hシーン4,治療4,18+_治療,セラ,\C[4]セラ,"自分が気持ちよくなるためにしているわけではありません。
……気持ちいいのは事実ですが……。",Không phải em làm vì ham muốn bản thân đâu... Dù sướng là có thật...
CommonEvents,505,Hシーン4,治療4,18+_治療,セラ,\C[4]セラ,"……あの、これはあくまで、そういった誘惑をしてくるタイプの
モンスター娘を想定して治療がしたいだけなのですが……、",Ờm... Cái này là để mô phỏng lại bài tập đối phó với kiểu Monster Girl dùng tình cảm quyến rũ thôi...
CommonEvents,505,Hシーン4,治療4,18+_治療,セラ,\C[4]セラ,"手、つないでください……。
両方とも、です……。",Anh nắm lấy tay em đi... Cả hai tay luôn...
CommonEvents,505,Hシーン4,治療4,18+_治療,セラ,\C[4]セラ,"ありがとうございます……。その、つなぎ方に関しては、
恋人のような振る舞いをしてくる魔物がいるためで……。",Cảm ơn anh... Việc nắm tay thế này là vì có loài quái vật hay giả vờ làm người yêu...
CommonEvents,505,Hシーン4,治療4,18+_治療,セラ,\C[4]セラ,"ともかく、このまま逃がしませんので。
これであなたは絶体絶命のピンチの状態になりました。",Tóm lại em sẽ không thả anh ra đâu. Bây giờ anh đang rơi vào thế ngàn cân treo sợi tóc đấy.
CommonEvents,505,Hシーン4,治療4,18+_治療,セラ,\C[4]セラ,"このままだと一番奥に種付けさせられてしまいます。
逃げるには相手をイかせて手の力を緩めさせるしかありません。",Cứ thế này anh sẽ bị em bắt xuất tinh vào tận ngực sâu nhất. Cách duy nhất để trốn thoát là làm cho đối phương lên đỉnh để lỏng tay ra.
CommonEvents,505,Hシーン4,治療4,18+_治療,セラ,\C[4]セラ,"ですから、今から捨て身の覚悟でピストンを速めて
本気えっちしてください。",Thế nên từ bây giờ anh hãy chuẩn bị tinh thần liều mạng tăng tốc dập hông làm tình thật sự đi.
CommonEvents,505,Hシーン4,治療4,18+_治療,セラ,\C[4]セラ,"無論、私の愛情でたっぷり濡れたおまんこの快感を
まともに受けることになりますが、ピンチなので仕方ありません。","Đương nhiên anh sẽ phải tiếp nhận trọn vẹn sự sung sướng của cô bé ngập tràn tình yêu của em, nhưng vì đang lâm nguy nên đành chịu thôi."
CommonEvents,505,Hシーン4,治療4,18+_治療,セラ,\C[4]セラ,"それでは……イっちゃう時の速さで、
ピストンどーぞ。","Vậy thì... Với tốc độ lúc anh sắp bắn tinh, dập hông bắt đầu nào."
CommonEvents,505,Hシーン4,治療4,18+_治療,セラ,\C[4]セラ,"んっ♡　あっ♡
いいですね、お上手です……♡","Ưm... ah♡ Tuyệt lắm, anh làm giỏi lắm...♡"
CommonEvents,505,Hシーン4,治療4,18+_治療,セラ,\C[4]セラ,"あーあ、もう歯を食いしばって
情けないお顔になっていますね。","Á chà, anh cắn chặt răng lộ nét mặt thảm hại rồi kìa."
CommonEvents,505,Hシーン4,治療4,18+_治療,セラ,\C[4]セラ,"これでは相手をイかせるどころではありませんよ。
くすくす……♡",Thế này thì làm sao làm đối phương lên đỉnh nổi chứ. Hì hì...♡
CommonEvents,505,Hシーン4,治療4,18+_治療,セラ,\C[4]セラ,"ですが、早漏のあなたにしては随分がんばりましたからね。
この程度は叱らないでおいてあげます。",Dù sao đối với một người xuất tinh sớm như anh thì thế này là cố gắng lắm rồi. Em sẽ không mắng anh đâu.
CommonEvents,505,Hシーン4,治療4,18+_治療,セラ,\C[4]セラ,"これが本番だったら大変でしたが、あくまで練習ですので、
安心して負けていいですよ……♡",Nếu là thật thì nguy hiểm đấy nhưng đây chỉ là diễn tập thôi nên anh cứ an tâm mà thất bại nhé...♡
CommonEvents,505,Hシーン4,治療4,18+_治療,セラ,\C[4]セラ,"もう我慢はいいですから、一番奥にぴゅっぴゅ～……って
敗北の証、出してしまってください……♡","Không cần nhẫn nại nữa đâu, hãy bắn hết tinh dịch phọt phọt vào sâu bên trong... Làm bằng chứng thất bại đi nào...♡"
CommonEvents,505,Hシーン4,治療4,18+_治療,セラ,\C[4]セラ,"もうイっちゃいますね。はいはい、いいですよ。
気持ち良い射精、しちゃいましょうね。","Sắp bắn rồi đúng không. Được rồi được rồi, bắn đi nào. Cùng bắn tinh thật sướng nhé."
CommonEvents,505,Hシーン4,治療4,18+_治療,セラ,\C[4]セラ,"ほら、イくイくイく……♡
んっ……♡　あぁ……っ♡","Nào, lên đỉnh lên đỉnh...♡ Ưm... ah♡ Á... ah...♡"
CommonEvents,505,Hシーン4,治療4,18+_治療,セラ,\C[4]セラ,イ……っ、く……っ♡,Lên... đỉnh...♡
CommonEvents,505,Hシーン4,治療4,18+_治療,セラ,\C[4]セラ,はぁ……はぁ……♡,Hà... hà...♡
CommonEvents,505,Hシーン4,治療4,18+_治療,セラ,\C[4]セラ,"いっぱい、出ましたね……♡
ふふ……♡",Bắn ra nhiều quá...♡ Hì hì...♡
CommonEvents,506,Hシーン5,治療5,18+_治療,セラ,\C[4]セラ,"あなたはいつもこのようにサキュバスに
搾り取られているんですね。",Anh lúc nào cũng bị Succubus vắt kiệt thế này đúng không.
CommonEvents,506,Hシーン5,治療5,18+_治療,セラ,\C[4]セラ,"やはりフェロモンへの耐性を付けなければ
今後も――。",Quả nhiên nếu không nâng cao khả năng kháng Pheromone thì sau này--
CommonEvents,506,Hシーン5,治療5,18+_治療,,\N[1],はぁっ、はぁっ、セラさん……っ！,"Hà... hà, Sera ơi...!"
CommonEvents,506,Hシーン5,治療5,18+_治療,セラ,\C[4]セラ,あっ……。,Á...
CommonEvents,506,Hシーン5,治療5,18+_治療,セラ,\C[4]セラ,"……押し倒されてしまいました。
そんなに我慢できませんでしたか？",...Anh đè em xuống rồi. Anh không chịu nổi đến thế sao?
CommonEvents,506,Hシーン5,治療5,18+_治療,,\N[1],"ごめんなさっ……もう、
抑えられなくて……！",Xin lỗi em... Anh không kìm hãm nổi nữa rồi...!
CommonEvents,506,Hシーン5,治療5,18+_治療,セラ,\C[4]セラ,"少しお香の効果が出すぎましたか。
すみません、調整を間違えたようです。","Có vẻ tác dụng của hương trầm hơi mạnh quá rồi. Xin lỗi anh, em chỉnh sai liều lượng rồi."
CommonEvents,506,Hシーン5,治療5,18+_治療,セラ,\C[4]セラ,では、今から解毒してしまいましょう。,Vậy bây giờ để em giải độc cho anh nhé.
CommonEvents,506,Hシーン5,治療5,18+_治療,セラ,\C[4]セラ,"好きにしていいですよ。
発散すれば精液と共に解毒されますから。",Anh cứ tự nhiên làm tới đi. Giải tỏa hết ra thì ma thuật sẽ tự động được giải độc cùng tinh dịch.
CommonEvents,506,Hシーン5,治療5,18+_治療,,\N[1],"セラさんのお尻……！
おまんこ……っ！",Mông của Sera...! Cô bé của em...!
CommonEvents,506,Hシーン5,治療5,18+_治療,セラ,\C[4]セラ,"んっ……迷わず挿入しましたね。
構いませんが。",Ưm... Anh không ngần ngại đút thẳng vào luôn nhỉ. Dù sao thì cũng không vấn đề gì.
CommonEvents,506,Hシーン5,治療5,18+_治療,セラ,\C[4]セラ,"かちかちに勃起してお辛そうです。
私のせいですよね、申し訳ありません。","Cứng ngắc thế này chắc anh khổ sở lắm. Là tại em, em xin lỗi anh nhé."
CommonEvents,506,Hシーン5,治療5,18+_治療,セラ,\C[4]セラ,"私への気遣いは結構ですので、生セックスで
全て出し切ってくださいね。","Anh không cần bận tâm đến em đâu, cứ việc làm tình trần đưa hết ra ngoài nhé."
CommonEvents,506,Hシーン5,治療5,18+_治療,セラ,\C[4]セラ,"あっ……ん……っ。
通常時より力強いピストンですね。",Á... ưm... Đợt dập hông này mạnh mẽ hơn bình thường nhỉ.
CommonEvents,506,Hシーン5,治療5,18+_治療,セラ,\C[4]セラ,"それでも少しへっぴり腰になっているのが
見なくても分かります。","Dù vậy anh vẫn đang hơi khom lưng xuống kìa, không nhìn em cũng biết đấy."
CommonEvents,506,Hシーン5,治療5,18+_治療,セラ,\C[4]セラ,"刺激が強くて腰が引けそうなのに
性欲が上回ってピストンが止まらない、といったところですか。",Có phải vì kích thích mạnh quá khiến hông muốn lùi lại nhưng ham muốn lại chiến thắng làm hông không thể dừng lại đúng không.
CommonEvents,506,Hシーン5,治療5,18+_治療,セラ,\C[4]セラ,"お尻に向かってぱちゅんぱちゅんと腰を打ち付け
必死に甘えています。",Anh liên tục dập mông bọt bọt nũng nịu đòi hỏi kìa.
CommonEvents,506,Hシーン5,治療5,18+_治療,セラ,\C[4]セラ,"……おっと、失礼しました。
「甘えている」などと形容されては恥ずかしいですよね。","...Ôi xin lỗi anh. Dùng từ ""nũng nịu"" chắc làm anh xấu hổ nhỉ."
CommonEvents,506,Hシーン5,治療5,18+_治療,セラ,\C[4]セラ,"ですが、夢中になっているのが余りにも可愛らしく、
ついついそのような言葉選びになってしまいました。",Nhưng vì dáng vẻ say mê của anh đáng yêu quá nên em lỡ lời dùng từ đó thôi.
CommonEvents,506,Hシーン5,治療5,18+_治療,セラ,\C[4]セラ,"どうか自信をなくさないでください。
こう見えて私も感じていますから。",Anh đừng mất tự tin nhé. Nhìn thế này thôi chứ em cũng đang cảm nhận sướng lắm đấy.
CommonEvents,506,Hシーン5,治療5,18+_治療,セラ,\C[4]セラ,"あなたの格好いいおちんちんの先っぽが
子宮の入り口と何度もキスしてきゅんきゅんしています。",Phần đầu con cu ngầu lòi của anh đang liên tục hôn lên cửa tử cung em làm tim em đập thình thịch nè.
CommonEvents,506,Hシーン5,治療5,18+_治療,セラ,\C[4]セラ,"ただ、以前セックスした際は少し乱れてしまったので、
今回はナースとして冷静に施術しているだけです。",Chỉ là lần trước làm tình em lỡ mất kiểm soát nên lần này với tư cách y tá em phải giữ bình tĩnh thôi.
CommonEvents,506,Hシーン5,治療5,18+_治療,セラ,\C[4]セラ,\}……あなたにそういうところを見られるのはちょっと恥ずかしいですし……。,...Để anh thấy dáng vẻ đó thì hơi xấu hổ mà...
CommonEvents,506,Hシーン5,治療5,18+_治療,セラ,\C[4]セラ,"しかし、あなたのようなマゾの男性であれば
このような状況も嫌いではないのでは？",Nhưng đối với một người M như anh thì bối cảnh thế này chắc anh cũng không ghét đâu nhỉ?
CommonEvents,506,Hシーン5,治療5,18+_治療,セラ,\C[4]セラ,頑張って腰を振っているのに相手を喘がせられない劣等感……。,Dù đã cố gắng nhấp hông nhưng lại không thể làm đối phương rên rỉ nên cảm thấy tự ti thảm hại...
CommonEvents,506,Hシーン5,治療5,18+_治療,セラ,\C[4]セラ,"そういった感情でよりおちんちんが硬くなると
私は予想していますが、違いますか？","Em đoán chính cảm xúc đó lại làm con cu của anh càng cứng ngắc hơn đúng không, em nói sai sao?"
CommonEvents,506,Hシーン5,治療5,18+_治療,セラ,\C[4]セラ,"……無言は肯定とみなしますよ。
見透かされて恥ずかしい、といったところでしょうか。",...Im lặng tức là thừa nhận đấy nhé. Bị đọc vị nên xấu hổ sao?
CommonEvents,506,Hシーン5,治療5,18+_治療,セラ,\C[4]セラ,"興奮すればするほど解毒の効率は上がりますので、
今回は平然とあなたの本気ピストンをあしらってあげます。",Càng hưng phấn thì hiệu quả giải độc càng cao nên lần này em sẽ thản nhiên tiếp nhận toàn bộ các cú dập hông của anh nhé.
CommonEvents,506,Hシーン5,治療5,18+_治療,セラ,\C[4]セラ,"あなたは引き続き、手ごたえのないオナニーみたいなセックスで
勝手に追い詰められていてください。",Anh cứ tiếp tục bị dồn vào thế bí như đang thủ dâm một mình đi nhé.
CommonEvents,506,Hシーン5,治療5,18+_治療,セラ,\C[4]セラ,"まぁ、身体の反応までは制御できないので
愛液が溢れてしまっていますが……。","Mà, phản ứng cơ thể thì em không điều khiển được nên dâm dịch trào ra lênh láng rồi kìa..."
CommonEvents,506,Hシーン5,治療5,18+_治療,セラ,\C[4]セラ,"これはこれであなたの射精を促す効果があるでしょうから
よしとしましょう。",Cái này thì lại có tác dụng thúc đẩy anh bắn tinh nên thôi kệ vậy.
CommonEvents,506,Hシーン5,治療5,18+_治療,セラ,\C[4]セラ,"……しかし、こうしているとあなたにご奉仕されているようで
落ち着きませんね。",...Mà thế này trông như em đang phục vụ anh nên thấy không quen chút nào.
CommonEvents,506,Hシーン5,治療5,18+_治療,セラ,\C[4]セラ,"ナースとして私があなたのお世話をしていたいのですが、
少々手持ち無沙汰です。","Với tư cách y tá em muốn chăm sóc anh cơ, thế này rảnh rỗi quá."
CommonEvents,506,Hシーン5,治療5,18+_治療,セラ,\C[4]セラ,そうですね……では、このような趣向はいかがでしょう。,À hay là em thử phong cách này xem sao nhé.
CommonEvents,506,Hシーン5,治療5,18+_治療,セラ,\C[4]セラ,"あんっ……あんっ……。
気持ち良いです……。",Ưm... ah... Sướng quá...
CommonEvents,506,Hシーン5,治療5,18+_治療,セラ,\C[4]セラ,"あなたのおちんちんでおまんこ耕されて
頭変になっちゃいそうです……。",Con cu của anh cày xới cô bé của em làm đầu óc em sắp điên lên rồi...
CommonEvents,506,Hシーン5,治療5,18+_治療,セラ,\C[4]セラ,"……こんな風にわざとらしく煽られるのは
お好きですか？",...Anh có thích bị trêu chọc một cách giả tạo thế này không?
CommonEvents,506,Hシーン5,治療5,18+_治療,セラ,\C[4]セラ,"なんて……ピストンし続けながら
腰をくねらせているのですから、聞くまでもありませんね。",Hì hì... Vừa nhấp hông vừa uốn tréo lưng thế kia thì em không cần hỏi cũng biết câu trả lời rồi.
CommonEvents,506,Hシーン5,治療5,18+_治療,セラ,\C[4]セラ,"お情けの喘ぎ声を恵んでもらって、
より情けなさが際立ってしまいましたね。",Được ban cho tiếng rên rỉ thương hại làm sự thảm hại của anh càng nổi bật lên nhỉ.
CommonEvents,506,Hシーン5,治療5,18+_治療,セラ,\C[4]セラ,"ん……っ、長いおちんちんで突かれたら
声が勝手に出ちゃいます……。",Ưm... Con cu dài đâm tới làm em tự động thốt ra tiếng rên rồi...
CommonEvents,506,Hシーン5,治療5,18+_治療,セラ,\C[4]セラ,"これだめぇ、メスの顔になっちゃう……。
セックス強すぎ、もう降参ですー……。","Không được rồi, em biến thành khuôn mặt dâm mát rồi... Làm tình mạnh quá em hàng rồi..."
CommonEvents,506,Hシーン5,治療5,18+_治療,セラ,\C[4]セラ,……私の演技、股間に効きますか？,...Màn diễn xuất của em có hiệu quả với vùng kín anh không?
CommonEvents,506,Hシーン5,治療5,18+_治療,セラ,\C[4]セラ,"おちんちんがいらいらするようなら、
もっと腰を振って本当に喘がせていただいても構いませんよ？",Nếu con cu thấy bực bội thì anh cứ việc dập hông mạnh hơn nữa để làm em rên rỉ thật sự đi nhé?
CommonEvents,506,Hシーン5,治療5,18+_治療,セラ,\C[4]セラ,"あっ……ふふ……。
本当に動きが速くなってしまいました。",Á... hì hì... Chuyển động nhanh hơn thật rồi kìa.
CommonEvents,506,Hシーン5,治療5,18+_治療,セラ,\C[4]セラ,"あんっ、あんっ、挑発してごめんなさい……。
そんな強いピストンされたら……。","Ưm... ah, xin lỗi vì đã khiêu khích anh... Dập hông mạnh thế..."
CommonEvents,506,Hシーン5,治療5,18+_治療,セラ,\C[4]セラ,あん……っ♡,Ưm... ah...♡
CommonEvents,506,Hシーン5,治療5,18+_治療,セラ,\C[4]セラ,"……っ。
コホン。",...Khụ.
CommonEvents,506,Hシーン5,治療5,18+_治療,セラ,\C[4]セラ,"……今のはつい演技に熱が入っただけです。
忘れてください。",...Vừa rồi chỉ là em lỡ nhập tâm quá thôi. Anh quên đi nhé.
CommonEvents,506,Hシーン5,治療5,18+_治療,セラ,\C[4]セラ,"あっ、ん……っ♡
ちょっと、嬉しくなってピストン強めないでください……！","Á, ưm... nhủ lòng đừng vì thế mà mừng rỡ dập hông mạnh hơn chứ...!"
CommonEvents,506,Hシーン5,治療5,18+_治療,セラ,\C[4]セラ,"もう、仕方ありませんね……。
私にご奉仕できて嬉しいんですか？",Thiệt tình đành chịu thôi... Được phục vụ em anh vui đến thế sao?
CommonEvents,506,Hシーン5,治療5,18+_治療,セラ,\C[4]セラ,"あ……っ♡　出す時のスピードになってる……。
別に構いませんけど……。",A... ah... Chuyển sang tốc độ lúc sắp bắn tinh rồi kìa... Mà kệ đi...
CommonEvents,506,Hシーン5,治療5,18+_治療,セラ,\C[4]セラ,"そんなに強く打ち付けて、ん……っ♡
そこまでしなくても気持ち伝わっていますから……♡","Dập mạnh thế, ưm... không cần làm thế em cũng hiểu tình cảm của anh rồi mà...♡"
CommonEvents,506,Hシーン5,治療5,18+_治療,セラ,\C[4]セラ,"この様子だともう耐えられませんよね？
どうぞ、中に全部注いでください。んっ……♡",Tình hình này chắc anh không chịu nổi nữa rồi đúng không? Mời anh cứ việc bắn hết vào trong em đi. Ưm...♡
CommonEvents,506,Hシーン5,治療5,18+_治療,セラ,\C[4]セラ,"……あくまで演技ですが、最後に射精を誘発するためのセリフ、
言ってあげますね。",Dù là đóng diễn thôi nhưng câu thoại cuối cùng kích thích bắn tinh em sẽ tặng cho anh nhé.
CommonEvents,506,Hシーン5,治療5,18+_治療,セラ,\C[4]セラ,あなたのお精子、全部私にちょうだい……♡,"Tinh dịch của anh, hãy cho em hết đi nào...♡"
CommonEvents,506,Hシーン5,治療5,18+_治療,セラ,\C[4]セラ,"あっ……♡　ピストン、深い……っ♡
イく……♡",Á...♡ Dập hông sâu quá...♡ Lên đỉnh...♡
CommonEvents,506,Hシーン5,治療5,18+_治療,セラ,\C[4]セラ,はぁ……はぁ……♡,Hà... hà...♡
CommonEvents,506,Hシーン5,治療5,18+_治療,セラ,\C[4]セラ,たくさん出して、すっきりできましたか……？♡,Bắn ra nhiều quá... Đã thấy sướng chưa... Connection♡
CommonEvents,507,Hシーン6,治療6,18+_治療,セラ,\C[4]セラ,"あなたが場所を問わずモンスター娘に
搾り取られているということがよーく分かりました。",Em hiểu quá rõ việc anh bị Monster Girl vắt kiệt ở bất cứ đâu rồi.
CommonEvents,507,Hシーン6,治療6,18+_治療,セラ,\C[4]セラ,"むしろ、外でシている背徳感が
丁度いいスパイスになっていた可能性すらありますね。",Trái lại việc làm tình ở ngoài trời có khi lại là gia vị kích thích hợp lý đấy chứ.
CommonEvents,507,Hシーン6,治療6,18+_治療,セラ,\C[4]セラ,ではこのまま、ここで追加治療も行っていきます。,Thế thì nhân tiện ở đây em sẽ tiến hành bài trị liệu bổ sung luôn.
CommonEvents,507,Hシーン6,治療6,18+_治療,,\N[1],"セラさんの下着、そんなに糸を引いて……っ。
ごくっ……。",Đồ lót của Sera chảy dâm dịch kéo sợi dính thế kia... Ực...
CommonEvents,507,Hシーン6,治療6,18+_治療,セラ,\C[4]セラ,"私だって興奮くらいします。
あなたが隣にいるならなおさらです。",Em cũng biết hưng phấn chứ. Nhất là khi có anh ở bên cạnh thế này.
CommonEvents,507,Hシーン6,治療6,18+_治療,セラ,\C[4]セラ,"普段の治療でもそうですよ？
あなたの可愛い反応を見る度、下着が濡れてしまって大変なんです。",Trị liệu bình thường cũng thế mà. Mỗi lần thấy phản ứng đáng yêu của anh là đồ lót em lại ướt đẫm khổ sở lắm.
CommonEvents,507,Hシーン6,治療6,18+_治療,セラ,\C[4]セラ,"今、私の中はとろっとろで準備万端の状態です。
きっと入れたら気持ちいいでしょうね。",Bây giờ bên trong em đang ướt nhẹp sẵn sàng rồi. Cho vào chắc chắn sẽ sướng lắm đấy.
CommonEvents,507,Hシーン6,治療6,18+_治療,セラ,\C[4]セラ,"ですが、今セックスをすれば音で周囲に
気づかれてしまうでしょうから、残念ながらそれはできません。",Nhưng nếu làm tình bây giờ phát ra tiếng động người xung quanh sẽ phát hiện ra mất nên tiếc là không được rồi.
CommonEvents,507,Hシーン6,治療6,18+_治療,セラ,\C[4]セラ,"……切ないですか？
あなたのことが大好きなナースさんと今すぐセックスできなくて。",Tiếc nuối lắm đúng không? Vì không thể làm tình ngay với cô y tá yêu anh tha thiết.
CommonEvents,507,Hシーン6,治療6,18+_治療,セラ,\C[4]セラ,"あなたのための衣服に身を包み、お股を濡らしている女性が
目の前にいるのにつらいですよね。","Mặc bộ đồ vì anh, cô bé thì ướt đẫm ngay trước mắt thế này khổ sở cho anh quá nhỉ."
CommonEvents,507,Hシーン6,治療6,18+_治療,セラ,\C[4]セラ,"……オナニーなら許可してあげても良いですが。
いかがしますか？",...Nếu là thủ dâm thì em cho phép đấy. Anh thấy thế nào?
CommonEvents,507,Hシーン6,治療6,18+_治療,セラ,\C[4]セラ,"くす……迷いなくおちんちんを握りましたね。
そんなに我慢なりませんでしたか？",Hì hì... Không ngần ngại nắm lấy con cu ngay kìa. Không chịu nổi đến thế sao?
CommonEvents,507,Hシーン6,治療6,18+_治療,セラ,\C[4]セラ,"どうぞしごいてください。
私があなたの自慰をする姿を見ていてあげます。",Anh cứ việc sóc đi. Em sẽ đứng nhìn anh tự sướng.
CommonEvents,507,Hシーン6,治療6,18+_治療,セラ,\C[4]セラ,"ほら、しこしこ、しこしこ。
私の声に合わせて手を上下に……そうです、お上手です。","Nào, sụt sịt, sụt sịt. Theo nhịp điệu của em di chuyển tay lên xuống... Đúng rồi, giỏi lắm."
CommonEvents,507,Hシーン6,治療6,18+_治療,セラ,\C[4]セラ,"おちんちんが張っておつらいでしょうから、
オナニーのサポートくらいはしてさしあげます。",Con cu sưng căng khổ sở quá nên em sẽ hỗ trợ anh thủ dâm một chút nhé.
CommonEvents,507,Hシーン6,治療6,18+_治療,セラ,\C[4]セラ,"そうですね……いつも少々厳しく施術を行っていますので、
今日はこの服装に合わせて甘く治療していきましょうか。",Được rồi... Thường ngày em trị liệu nghiêm khắc quá nên hôm nay em sẽ chiều chuộng anh ngọt ngào theo bộ trang phục này nhé.
CommonEvents,507,Hシーン6,治療6,18+_治療,セラ,\C[4]セラ,"おちんちん、格好いいですね。
硬く勃起して、とってもいい子です。",Con cu ngầu lắm đấy. Cương cứng ngắc thế này ngoan lắm.
CommonEvents,507,Hシーン6,治療6,18+_治療,セラ,\C[4]セラ,"私を見て勃起してくれたんですよね。
嬉しい。",Anh vì nhìn thấy em mà cương lên đúng không. Em vui lắm.
CommonEvents,507,Hシーン6,治療6,18+_治療,セラ,\C[4]セラ,"私をオカズにして
もっとしこしこして欲しいです。",Em muốn anh lấy em làm đối tượng tưởng tượng rồi sóc nhiệt tình hơn nữa.
CommonEvents,507,Hシーン6,治療6,18+_治療,セラ,\C[4]セラ,"……左手、寂しくありませんか？
触りたいところ、あるでしょう？",...Tay trái rảnh rỗi đúng không? Có chỗ muốn chạm vào đúng không?
CommonEvents,507,Hシーン6,治療6,18+_治療,セラ,\C[4]セラ,"私のおっぱい……デート中も見ていましたよね。
揉みながらオナニーしてもいいんですよ。",Ngực của em... Lúc đi hẹn hò anh cũng nhìn suốt đúng không. Vừa bóp vừa thủ dâm cũng được đấy.
CommonEvents,507,Hシーン6,治療6,18+_治療,セラ,\C[4]セラ,"ん……そう、もみもみ上手です。
そのままオナニー頑張ってください。","Ưm... đúng rồi, nắn nắn giỏi lắm. Cứ thế tiếp tục thủ dâm nhé."
CommonEvents,507,Hシーン6,治療6,18+_治療,セラ,\C[4]セラ,"私のとろとろのおまんことセックスするの
夢見ながら格好いい射精して欲しいです。",Thói quen dâm mát thế này rồi cũng giúp anh dễ bắn tinh hơn nên thôi coi như được đi.
CommonEvents,507,Hシーン6,治療6,18+_治療,セラ,\C[4]セラ,"……くす。
こういったわざとらしい誘惑もお好きですか？",...Nhưng mà làm thế này trông như em đang phục vụ anh nên em thấy không quen chút nào.
CommonEvents,507,Hシーン6,治療6,18+_治療,セラ,\C[4]セラ,"私以外にこういうことを言われても
嬉しくなっちゃだめですからね。","Với tư cách y tá em muốn chăm sóc anh cơ, thế này rảnh rỗi quá."
CommonEvents,507,Hシーン6,治療6,18+_治療,セラ,\C[4]セラ,私の場合は本心からの言葉なので問題ありませんが。,À hay là em thử phong cách này xem sao nhé.
CommonEvents,507,Hシーン6,治療6,18+_治療,セラ,\C[4]セラ,私の「好き」だけはぜーんぶ本当ですので。,Ưm... ah... Sướng quá...
CommonEvents,507,Hシーン6,治療6,18+_治療,セラ,\C[4]セラ,"あなたのことを格好良いと思ってるのも
可愛いと思っているのも全部、です。",Con cu của anh cày xới cô bé của em làm đầu óc em sắp điên lên rồi...
CommonEvents,507,Hシーン6,治療6,18+_治療,セラ,\C[4]セラ,"デートするだけでお股がこんなにも濡れているのが
その証拠ですよ。",...Anh có thích bị trêu chọc một cách giả tạo thế này không?
CommonEvents,507,Hシーン6,治療6,18+_治療,セラ,\C[4]セラ,"本当はあなたを押し倒して
このほかほかのおまんこで犯してあげたいです。",Hì hì... Vừa nhấp hông vừa uốn tréo lưng thế kia thì em không cần hỏi cũng biết câu trả lời rồi.
CommonEvents,507,Hシーン6,治療6,18+_治療,セラ,\C[4]セラ,"あなたの腕を押さえつけて上に乗り、
逆レイプじみたいちゃらぶセックスをしたいです。",Được ban cho tiếng rên rỉ thương hại làm sự thảm hại của anh càng nổi bật lên nhỉ.
CommonEvents,507,Hシーン6,治療6,18+_治療,セラ,\C[4]セラ,"想像してみてください。あなた好みの
甘くてちょっと意地悪な言葉をお耳に注ぎ込みながら、",Ưm... Con cu dài đâm tới làm em tự động thốt ra tiếng rên rồi...
CommonEvents,507,Hシーン6,治療6,18+_治療,セラ,\C[4]セラ,"お尻を何度も何度もあなたの腰に押し付け、
ぱん、ぱんとえっちな音を響かせて……、","Không được rồi, em biến thành khuôn mặt dâm mát rồi... Làm tình mạnh quá em hàng rồi..."
CommonEvents,507,Hシーン6,治療6,18+_治療,セラ,\C[4]セラ,"最後はぐりぐりと腰を押し付けながら、
ぴゅるる～……♡　っと中でお漏らしさせるんです。",...Màn diễn xuất của em có hiệu quả với vùng kín anh không?
CommonEvents,507,Hシーン6,治療6,18+_治療,セラ,\C[4]セラ,"中出しができたご褒美に頭をよしよししてあげて、
おちんちんが落ち着くまで交尾は終わらない……。",Nếu con cu thấy bực bội thì anh cứ việc dập hông mạnh hơn nữa để làm em rên rỉ thật sự đi nhé?
CommonEvents,507,Hシーン6,治療6,18+_治療,セラ,\C[4]セラ,"……おちんちん、もっと大きくなってしまいましたか？
股間に悪い妄想煽り、効いたみたいですね。",Á... hì hì... Chuyển động nhanh hơn thật rồi kìa.
CommonEvents,507,Hシーン6,治療6,18+_治療,セラ,\C[4]セラ,"今はセックスしたい気持ちをお手てに込めて
オナニーするんですよ。","Ưm... ah, xin lỗi vì đã khiêu khích anh... Dập hông mạnh thế..."
CommonEvents,507,Hシーン6,治療6,18+_治療,セラ,\C[4]セラ,"いっちに、いっちに。
ちこちこ、ちこちこ。",Ưm... ah...♡
CommonEvents,507,Hシーン6,治療6,18+_治療,セラ,\C[4]セラ,おっと、少々情けない擬音を付けてしまいましたね。,...Khụ.
CommonEvents,507,Hシーン6,治療6,18+_治療,セラ,\C[4]セラ,"すみません。
あなたの自分を慰める姿が可愛くて、つい。",...Vừa rồi chỉ là em lỡ nhập tâm quá thôi. Anh quên đi nhé.
CommonEvents,507,Hシーン6,治療6,18+_治療,セラ,\C[4]セラ,"我慢汁で濡れて水音が激しくなっていますから、
にちにち、ちゅこちゅこ、といった風に形容するのがより正確でしょうか。","Á, ưm... nhủ lòng đừng vì thế mà mừng rỡ dập hông mạnh hơn chứ...!"
CommonEvents,507,Hシーン6,治療6,18+_治療,セラ,\C[4]セラ,"ちゅこちゅこちゅこちゅこ～……って、オナニー頑張れてますね。
偉いですよ。",Thiệt tình đành chịu thôi... Được phục vụ em anh vui đến thế sao?
CommonEvents,507,Hシーン6,治療6,18+_治療,セラ,\C[4]セラ,"おっぱい揉むのもお上手です。
おかげでおちんちんがずっとかちかちです。",A... ah... Chuyển sang tốc độ lúc sắp bắn tinh rồi kìa... Mà kệ đi...
CommonEvents,507,Hシーン6,治療6,18+_治療,セラ,\C[4]セラ,"セックスできなくて悔しい分、
おっぱいにたくさん甘えてください。","Dập mạnh thế, ưm... không cần làm thế em cũng hiểu tình cảm của anh rồi mà...♡"
CommonEvents,507,Hシーン6,治療6,18+_治療,セラ,\C[4]セラ,"……なんだかしごき方がよりいやらしくなってきましたね。
そろそろイきそうなのでしょうか。",Tình hình này chắc anh không chịu nổi nữa rồi đúng không? Mời anh cứ việc bắn hết vào trong em đi. Ưm...♡
CommonEvents,507,Hシーン6,治療6,18+_治療,セラ,\C[4]セラ,……出す時、私のパンツにお精子コキ捨てていいですよ……♡,Dù là đóng diễn thôi nhưng câu thoại cuối cùng kích thích bắn tinh em sẽ tặng cho anh nhé.
CommonEvents,507,Hシーン6,治療6,18+_治療,セラ,\C[4]セラ,"私のおまんこが当たっていた場所目掛けて
びゅー、びゅーってするの、きっと気持ちいいですよ？","Tinh dịch của anh, hãy cho em hết đi nào...♡"
CommonEvents,507,Hシーン6,治療6,18+_治療,セラ,\C[4]セラ,"「僕の精子で孕んで♡　お願い♡」っておねだりしながら
女の子のぱんつを贅沢に使っちゃいましょう？",Á...♡ Dập hông sâu quá...♡ Lên đỉnh...♡
CommonEvents,507,Hシーン6,治療6,18+_治療,セラ,\C[4]セラ,"ほら、イくところ見ててあげますから、
上手にしーしーしてください。",Hà... hà...♡
CommonEvents,507,Hシーン6,治療6,18+_治療,セラ,\C[4]セラ,"ちゅこちゅこちゅこちゅこ～……♡
あー、もう無理、イくイくイく～……♡",Bắn ra nhiều quá... Đã thấy sướng chưa...♡
CommonEvents,507,Hシーン6,治療6,18+_治療,セラ,\C[4]セラ,"はーい、お射精上手……♡
いい子ですね……♡",Lần này em sẽ dùng đùi kẹp chặt lấy anh để thực hiện bài trị liệu cọ xát nhé.
CommonEvents,507,Hシーン6,治療6,18+_治療,セラ,\C[4]セラ,あなたのお精子がこんなにたっぷり……。,Anh chỉ việc nằm yên tiếp nhận sự cọ xát từ đùi em là được.
CommonEvents,507,Hシーン6,治療6,18+_治療,セラ,\C[4]セラ,"そんなに孕ませたかったんですか？
ふふ。","Nào, mau lại đây với em nào...♡"
CommonEvents,508,Hシーン7,治療7,18+_治療,セラ,\C[4]セラ,"おちんちんが「もう降参です～、
気持ちよくしてください～♡」って言ってますね。","Con cu của anh đang bảo ""Hàng rồi ạ~, xin hãy làm cho em sướng đi mà~♡"" kìa."
CommonEvents,508,Hシーン7,治療7,18+_治療,セラ,\C[4]セラ,"では、もっともっとあなたの内なる声を
暴いていきましょう。",Vậy thì hãy để em tiếp tục bóc trần tiếng lòng bên trong anh hơn nữa nhé.
CommonEvents,508,Hシーン7,治療7,18+_治療,セラ,\C[4]セラ,"今回はこのようにあなたに抱き着きながら
追加治療を行っていきます。","Nào, chúng ta bắt đầu thôi...♡"
CommonEvents,508,Hシーン7,治療7,18+_治療,セラ,\C[4]セラ,"自分のおちんちんがどうなっているか
把握できていますか？",Chụtttt... chẹp chẹp...♡
CommonEvents,508,Hシーン7,治療7,18+_治療,セラ,\C[4]セラ,"今、私の太ももに挟まれて
苦しそうにしていますよ。","Ưm... ah♡
Sướng lắm đúng không? đồ M này...♡"
CommonEvents,508,Hシーン7,治療7,18+_治療,セラ,\C[4]セラ,"ぴくぴくと脈打って、「むちむちの太ももで圧迫されて
嬉しいよ～♡」って伝えてくれています。",Để em đọc suy nghĩ trong đầu anh nhé...♡
CommonEvents,508,Hシーン7,治療7,18+_治療,セラ,\C[4]セラ,このまま腰を前後に動かして……にゅこ、にゅこ……。,"""Thích được em ôm chặt rồi dùng đùi cọ xát thế này quá...♡"""
CommonEvents,508,Hシーン7,治療7,18+_治療,セラ,\C[4]セラ,"いかがでしょうか？
太ももの力加減、丁度いいですか？","""Muốn được Sera hành hạ hơn nữa...♡"""
CommonEvents,508,Hシーン7,治療7,18+_治療,セラ,\C[4]セラ,"……なんて、聞く必要はありませんでしたね。
私が勝手にあなたの顔から読み取ればいいだけでした。",Hì hì... Tiếng lòng dâm mát bị bóc trần làm con cu sưng to lên rồi kìa...♡
CommonEvents,508,Hシーン7,治療7,18+_治療,セラ,\C[4]セラ,"「これ気持ちいいよ～♡　セックスごっこで
おちんちん大きくなっちゃう～……♡」","""Được ôm chặt và được con gái dập hông thích quá đi...♡"""
CommonEvents,508,Hシーン7,治療7,18+_治療,セラ,\C[4]セラ,"……ふむ。やはりあなたはわざと恥ずかしい言い方を
されるのがお好きなようですね。","""Bị dập hông giỏi hơn mình làm mình chỉ muốn đầu hàng ngay thôi...♡"""
CommonEvents,508,Hシーン7,治療7,18+_治療,セラ,\C[4]セラ,"心を見透かされるだけでなく、小馬鹿にされることで
より快感を得てしまう、と。","""Muốn mau chóng xin hàng...♡ Nhưng ngại quá không dám nói ra...♡"""
CommonEvents,508,Hシーン7,治療7,18+_治療,セラ,\C[4]セラ,……「やめてぇ、僕のマゾ性癖を説明しないでぇ……♡」,Làm ơn hãy hành hạ tôi dữ dội hơn nữa để làm tôi điên lên đi...♡
CommonEvents,508,Hシーン7,治療7,18+_治療,セラ,\C[4]セラ,"くす……。
今のも図星ですね？",Em có nói quá chút nào đâu đúng không? Đại loại là chuẩn phóc đúng không nào?
CommonEvents,508,Hシーン7,治療7,18+_治療,セラ,\C[4]セラ,"分かりやすい人。
治療がしやすくて助かります。",Hông anh nhúc nhích khe khẽ chính là bằng chứng đấy.
CommonEvents,508,Hシーン7,治療7,18+_治療,セラ,\C[4]セラ,ですが、この有様ですと完治まではまだまだ遠そうです。,Một người không muốn thua em làm sao lại nhúc nhích hông yếu ớt như muốn bị đè bẹp thế kia chứ.
CommonEvents,508,Hシーン7,治療7,18+_治療,セラ,\C[4]セラ,これは私がたっぷりとあなたの心情を代弁する必要がありますね？,Không phải nhấp hông để thể hiện bản lĩnh mà chỉ đơn thuần là nhấp hông để tự làm mình sướng...
CommonEvents,508,Hシーン7,治療7,18+_治療,セラ,\C[4]セラ,"「抱き着かれて拘束されながら
女の子に腰振ってもらうの好きぃ……♡」",Anh tưởng em không nhận ra sao? Trước mặt người đọc sạch tâm trí anh làm sao giấu nổi chứ.
CommonEvents,508,Hシーン7,治療7,18+_治療,セラ,\C[4]セラ,"「自分よりも上手な腰振りで追い込まれると
すぐ負けたくなっちゃうよぉ……♡」","""Đừng nhìn hông yếu ớt của tôi...♡ Nhìn thế làm tinh dịch trào dâng lên mất...♡"""
CommonEvents,508,Hシーン7,治療7,18+_治療,セラ,\C[4]セラ,"「早く降参したい……♡
でもすぐ負けるのが恥ずかしくて言えない……♡」",Hì hì... Lần này vì không chịu nổi sự sung sướng nên hông uốn tréo sang hai bên kìa...
CommonEvents,508,Hシーン7,治療7,18+_治療,セラ,\C[4]セラ,"「お願いだからもっと激しくいじめて
僕のことめちゃくちゃにしてぇ……♡」",Chuyển động thế làm sao thoát khỏi em được. Ngoan ngoan làm mồi cho màn ôm chặt cọ xát đùi dâm mát đi nhé.
CommonEvents,508,Hシーン7,治療7,18+_治療,セラ,\C[4]セラ,"少々誇張しすぎましたか？
ですが大方合っているでしょう？","""Đừng cọ xát đùi như kiểu cưỡng bức thế này nữa mà...♡ Làm tôi thành kẻ nghe lời mất...♡"""
CommonEvents,508,Hシーン7,治療7,18+_治療,セラ,\C[4]セラ,腰がへこ、へこと少しだけ動いているのがその証拠です。,"""Mọi cử động hông của tôi đều bị đè bẹp dí rồi... Bị khuất phục hoàn toàn rồi...♡"""
CommonEvents,508,Hシーン7,治療7,18+_治療,セラ,\C[4]セラ,"私に負けたくない人が、私のピストンにかき消される程の弱さで
腰を振るわけがありません。","Cắn chặt môi nét mặt khổ sở... Sự ""Thất bại"" đập vào mắt quả nhiên rất có hiệu quả nhỉ."
CommonEvents,508,Hシーン7,治療7,18+_治療,セラ,\C[4]セラ,"力強い動きで分からせるためではなく、
ただ気持ちよくなるためだけの腰振り……。",Dâm dịch từ con cu tiết ra tràn trề làm trơn mượt hẳn lên kìa. Vì tức giận mà khóc ra nước dâm dịch rồi sao.
CommonEvents,508,Hシーン7,治療7,18+_治療,セラ,\C[4]セラ,"バレていないと思いましたか？
心の中まで把握されている人にバレないわけありませんよね。","""Cứ bị hành hạ là dâm dịch lại trào ra...♡ Tự động chuẩn bị bắn tinh luôn rồi...♡"""
CommonEvents,508,Hシーン7,治療7,18+_治療,セラ,\C[4]セラ,"「僕の弱～いへこへこ見ないでぇ……♡
そんなに見られたら、精液上がってきちゃうよぉ……♡」","""Đừng hành hạ con cu tôi nữa mà...♡ Làm tôi yêu em mất thôi...♡"""
CommonEvents,508,Hシーン7,治療7,18+_治療,セラ,\C[4]セラ,"くすくす……。
今度は快感に耐えかねて腰が横にくねくねと……。",Ưm... Phía em dâm dịch cũng trào ra lênh láng vì cọ xát rồi.
CommonEvents,508,Hシーン7,治療7,18+_治療,セラ,\C[4]セラ,"そんな動きでは私から逃げられませんよ。
大人しくらぶらぶハグ素股の餌食になってください。",Giờ thì trơn trượt mượt mà chẳng khác nào đang làm tình thật sự rồi.
CommonEvents,508,Hシーン7,治療7,18+_治療,セラ,\C[4]セラ,"「逆レイプみたいな素股やめてぇ……♡
従順になっちゃうぅ……♡」",Trạng thái này tăng tốc độ dập hông chắc không sao đâu nhỉ.
CommonEvents,508,Hシーン7,治療7,18+_治療,セラ,\C[4]セラ,"「僕の腰の動きが全部叩き潰されて
屈服させられちゃうよぉ……♡」",Hì hì... Đừng làm nét mặt trông chờ thế chứ.
CommonEvents,508,Hシーン7,治療7,18+_治療,セラ,\C[4]セラ,"唇を噛んでつらそうなお顔……。
「敗北」を意識させられるのはやはり効きますか。","Anh đang nghĩ ""Dập hông thật sự đáng sợ quá~♡"" đúng không?"
CommonEvents,508,Hシーン7,治療7,18+_治療,セラ,\C[4]セラ,"おちんちんからも我慢汁が出て滑りがよくなっていますよ。
悔しくて涙が出てしまったようです。",Không sao đâu. Anh chỉ việc để con cu cương cứng ngắc ra đó là được rồi.
CommonEvents,508,Hシーン7,治療7,18+_治療,セラ,\C[4]セラ,"「意地悪されるとすぐカウパーが溢れちゃう……♡
勝手に射精の準備始めちゃうぅ……♡」",Không cần xin tha mạng đâu. Cũng chẳng cần gượng ép gân cổ lên làm gì.
CommonEvents,508,Hシーン7,治療7,18+_治療,セラ,\C[4]セラ,"「これ以上おちんちんいじめないでぇ……♡
好きになっちゃうからぁ……♡」",Dù anh không làm thế thì mọi tiếng lòng xấu hổ em cũng sẽ phát ngôn hộ anh hết mà...♡
CommonEvents,508,Hシーン7,治療7,18+_治療,セラ,\C[4]セラ,"ん……っ。私の方も、おまんこがこすれて愛液が
溢れてきてしまいました。","Nào nào, bạch bạch bạch bạch... Màn cọ xát đùi thật sự đến đây...♡"
CommonEvents,508,Hシーン7,治療7,18+_治療,セラ,\C[4]セラ,"もはやセックスしている時と同じくらい
おちんちんがぬるぬるになっています。","""Thế này chịu sao nổi, không chịu nổi đâu♡ Con cu biến dạng mất...♡"""
CommonEvents,508,Hシーン7,治療7,18+_治療,セラ,\C[4]セラ,この状態なら腰振りも速めてよさそうですね。,"""Đừng dùng đùi với cô bé kẹp chặt tôi nữa mà♡ Không trốn là nguy mất...♡"""
CommonEvents,508,Hシーン7,治療7,18+_治療,セラ,\C[4]セラ,"……ふふ。
そんな期待した表情をしないでください。","""Không được con gái dùng đùi dập bóp cho thì không bắn tinh nổi, thành đồ M thảm hại mất rồi...♡"""
CommonEvents,508,Hシーン7,治療7,18+_治療,セラ,\C[4]セラ,「本気ピストン怖いよ～♡」って思っていらっしゃるんですか？,Làm sao mà trốn nổi cơ chứ...♡ Chấp nhận số phận đi nhé.
CommonEvents,508,Hシーン7,治療7,18+_治療,セラ,\C[4]セラ,"大丈夫ですよ。
あなたはおちんちんを勃起させているだけでいいんです。",Anh cứ thế không thể chống cự mà bị vắt kiệt tinh dịch phọt phọt ra thôi.
CommonEvents,508,Hシーン7,治療7,18+_治療,セラ,\C[4]セラ,"命乞いをする必要はありません。
見栄を張って強がりを言う必要もありません。",Tiếng lòng lúc lên đỉnh em cũng sẽ nói hộ anh luôn nhé?
CommonEvents,508,Hシーン7,治療7,18+_治療,セラ,\C[4]セラ,"そんなことをしなくても、私が恥ずかしい心の声を
ぜーんぶ代弁してあげますから……♡","""Màn cọ xát đùi của Sera mạnh quá♡ Tuyệt đối không thắng nổi đâu♡ Lại bị khắc sâu thói quen thua trận rồi♡"""
CommonEvents,508,Hシーン7,治療7,18+_治療,セラ,\C[4]セラ,"ほーら、ぱんぱんぱんぱん……。
本気の素股が来ちゃいましたよー……♡","""Không được không được...♡ Tinh dịch trào dâng lên rồi...♡ Lên đỉnh lên đỉnh...♡"""
CommonEvents,508,Hシーン7,治療7,18+_治療,セラ,\C[4]セラ,"「こんなの無理無理っ、耐えるの無理ぃ♡
おちんちん変になるぅ……♡」","""Lên đỉnh...♡"""
CommonEvents,508,Hシーン7,治療7,18+_治療,セラ,\C[4]セラ,"「太ももとおまんこで捕まえるのやめてぇ♡
これ逃げないとやばいぃ……♡」","""Tinh dịch bị vắt kiệt sạch sành sanh rồi... Ức...♡"""
CommonEvents,508,Hシーン7,治療7,18+_治療,セラ,\C[4]セラ,"「女の子に太ももでぱんぱんしてもらわないと
射精できない、情けないマゾになっちゃうぅ……♡」",Hì hì... Biểu cảm lên đỉnh lúc bắn tinh lẫn sự run rẩy của cơ thể anh đều bị em thưởng thức trọn vẹn rồi nhé.
CommonEvents,508,Hシーン7,治療7,18+_治療,セラ,\C[4]セラ,"……逃げられるわけ、ありませんよ……♡
観念してくださいね。",……
CommonEvents,508,Hシーン7,治療7,18+_治療,セラ,\C[4]セラ,"あなたはこのまま抵抗できずに
お精子を無駄うちぴゅっぴゅさせられるんです。",……
CommonEvents,508,Hシーン7,治療7,18+_治療,セラ,\C[4]セラ,イく時の心の声も、しっかり私が喋ってあげますね？,……
CommonEvents,508,Hシーン7,治療7,18+_治療,セラ,\C[4]セラ,"「セラさんの素股強すぎるぅ♡　もう絶対勝てないよぉ♡
また負け癖付けられちゃうぅ♡」",……
CommonEvents,508,Hシーン7,治療7,18+_治療,セラ,\C[4]セラ,"「だめだめだめっ♡　精子上ってくるっ♡
イっちゃうイっちゃう……っ♡」",……
CommonEvents,508,Hシーン7,治療7,18+_治療,セラ,\C[4]セラ,「イく……っ♡」,……
CommonEvents,508,Hシーン7,治療7,18+_治療,セラ,\C[4]セラ,「精子全部搾り取られる……うぅ……♡」,……
CommonEvents,508,Hシーン7,治療7,18+_治療,セラ,\C[4]セラ,"……ふふ。射精する時のイき顔も、身体の震えも
全部私に堪能されてしまいましたね。",……
CommonEvents,509,Hシーン8,治療8,18+_治療,セラ,\C[4]セラ,"今回あなたには、屈辱的で強烈な記憶を植え付けるために
このような四つん這いの姿勢をとっていただきます。","Lần này để khắc sâu ký ức nhục nhã mãnh liệt cho anh, anh hãy bò bốn chân trong tư thế này nhé."
CommonEvents,509,Hシーン8,治療8,18+_治療,セラ,\C[4]セラ,"こうして後ろから私があなたのおちんちんをもてあそび、
そうそう受けることのない恥辱で性癖を歪めることで、","Em sẽ từ phía sau trêu chọc con cu của anh, bằng sự nhục nhã hiếm khi nhận được này để làm lệch lạc gu tình dục của anh,"
CommonEvents,509,Hシーン8,治療8,18+_治療,セラ,\C[4]セラ,"多少マゾ心をくすぐられた程度ではなびかないように
治療していきます。",giúp anh không bị lung lay chỉ vì chút trêu chọc Mazo nhẹ nhàng.
CommonEvents,509,Hシーン8,治療8,18+_治療,セラ,\C[4]セラ,"少々荒療治となりますが、あなたのような変態には
このくらいしないと効かないようですので仕方がありません。",Dù hơi trị liệu thô bạo nhưng đối với tên biến thái như anh nếu không làm thế thì không hiệu quả nên đành chịu thôi.
CommonEvents,509,Hシーン8,治療8,18+_治療,セラ,\C[4]セラ,"……変態、と言われて硬くなりましたね。
どうやら全く反省していないご様子……。",...Vừa bị gọi là biến thái con cu đã cứng ngắc lên rồi kìa. Xem ra hoàn toàn không biết ăn ăn kiểm điểm gì cả...
CommonEvents,509,Hシーン8,治療8,18+_治療,セラ,\C[4]セラ,これはしっかりと𠮟りつける必要がありますね。,Thế này thì cần phải mắng cho một trận đàng hoàng mới được.
CommonEvents,509,Hシーン8,治療8,18+_治療,セラ,\C[4]セラ,"こら。こんなので勃起したらだめでしょう。
悪い子ですね。",Này. Mới thế này mà đã cương lên là không được đâu nhé. Đồ hư hỏng này.
CommonEvents,509,Hシーン8,治療8,18+_治療,セラ,\C[4]セラ,"このだめちんちん。色んな女に誘惑されて、
弱ーい負け癖つけてきたんですか？",Con cu tồi tệ này. Bị bao nhiêu cô gái quyến rũ rồi khắc sâu thói quen thua trận yếu ớt về đây hả?
CommonEvents,509,Hシーン8,治療8,18+_治療,セラ,\C[4]セラ,"私を裏切ってするお射精、さぞ気持ちよかったでしょうね。
最低です。",Phản bội em để bắn tinh chắc sướng lắm đúng không. Tồi tệ thật đấy.
CommonEvents,509,Hシーン8,治療8,18+_治療,セラ,\C[4]セラ,そんなものは私が全部上書きしてしまいますから。,Mấy cái đó em sẽ ghi đè lên sạch sành sanh.
CommonEvents,509,Hシーン8,治療8,18+_治療,セラ,\C[4]セラ,"ほら、さっさとカリを張らせて弱点を
私に晒してください。","Nào, mau làm sưng to rãnh quy đầu rồi phơi bày điểm yếu ra cho em."
CommonEvents,509,Hシーン8,治療8,18+_治療,セラ,\C[4]セラ,"どうせ私以外にもすぐにほだされて
「さわってさわって～」って差し出していたんでしょう？","Đằng nào ngoài em ra bị ai dỗ dành anh cũng dâng ra ""Sờ đi sờ đi~"" đúng không?"
CommonEvents,509,Hシーン8,治療8,18+_治療,セラ,\C[4]セラ,"なら、私に対してもったいぶるなんてことは
しませんよね？",Thế thì đối với em anh việc gì phải làm giá chứ?
CommonEvents,509,Hシーン8,治療8,18+_治療,セラ,\C[4]セラ,"フル勃起したおちんちん早く見せなさい。
しこしこしこしこ……。",Mau lôi con cu cương cứng ngắc ra cho em xem nhanh lên. Sụt sịt sụt sịt...
CommonEvents,509,Hシーン8,治療8,18+_治療,セラ,\C[4]セラ,"……弱々しいお声が漏れていますね。
無慈悲な手コキが気持ちいいんですか？","Thấy chưa, trêu chọc từ phía sau thế này nhục nhã lắm đúng không. Dáng vẻ bò bốn chân thảm hại bị em nhìn sạch rồi kìa."
CommonEvents,509,Hシーン8,治療8,18+_治療,セラ,\C[4]セラ,"それに関してはいい傾向です……。
おちんちんが私の手に懐いているということですから。","Nào nào, mút mát quy đầu nè... Sụt sịt sụt sịt..."
CommonEvents,509,Hシーン8,治療8,18+_治療,セラ,\C[4]セラ,"ですがこの程度では褒めてあげません。
今日の私はお叱りモードなので。",Con cu giật giật nồng nặc ham muốn kìa. Thèm thuồng được em mút cu lắm đúng không.
CommonEvents,509,Hシーン8,治療8,18+_治療,セラ,\C[4]セラ,"いいこいいこして欲しかったら、もっと私に服従して、
今までの行いを悔い改めてもらわないと。",Được rồi em sẽ thưởng cho anh nhé... Mút mút chẹp chẹp...♡
CommonEvents,509,Hシーン8,治療8,18+_治療,セラ,\C[4]セラ,"それまであまあま手コキはお預けです。
今は事務的で冷たい手コキに興奮していてください。","Ưm... ah♡
Bắn hết tinh dịch thô nát ra đi nào...♡"
CommonEvents,509,Hシーン8,治療8,18+_治療,セラ,\C[4]セラ,"可愛く鳴いても簡単には許してあげませんよ。
しつこ～……い手コキで追い詰めてあげます。",Ngoan lắm... em đã nuốt hết rồi.
CommonEvents,509,Hシーン8,治療8,18+_治療,セラ,\C[4]セラ,"竿も余さず、しこしこ……。
こうしているとまるで乳搾りのようですね。",Bài trị liệu bò bốn chân mắng rủa kết thúc!
CommonEvents,509,Hシーン8,治療8,18+_治療,セラ,\C[4]セラ,"牛さんごっこをさせられるみたいな恥ずかしい手淫。
マゾのあなたによくお似合いです。",Hôm nay em sẽ tiến hành liệu pháp thôi miên cấm bắn tinh đối với anh.
CommonEvents,509,Hシーン8,治療8,18+_治療,セラ,\C[4]セラ,"牛さんと違うところと言えば、おちんちんがぐいぐいと
前に手を引っ張ってきてわがままなところでしょうか。",Cấm bắn tinh sao...?
CommonEvents,509,Hシーン8,治療8,18+_治療,セラ,\C[4]セラ,"だめですよ、おちんちんはこちらに向けてください。
格好良くおちんちんを上に向けるなんて禁止です。","Vâng, em sẽ yểm thuật thôi miên làm anh tuyệt đối không thể bắn tinh được."
CommonEvents,509,Hシーン8,治療8,18+_治療,セラ,\C[4]セラ,"見栄を張るのなんかやめて、
情けなく下を向けて格好悪いおちんちんにしてください。",Dù có sướng đến mức nào anh cũng phải nhẫn nại trong trạng thái cận kề lên đỉnh.
CommonEvents,509,Hシーン8,治療8,18+_治療,セラ,\C[4]セラ,"……おや、下を向いたおちんちんが
とろりと我慢汁を床に垂らしましたね。",Đây là bài trị liệu rèn luyện sức chịu đựng tinh thần đỉnh cao đấy.
CommonEvents,509,Hシーン8,治療8,18+_治療,セラ,\C[4]セラ,"まるで叱られて泣いているみたいです。
くすくす……。","Nào, hãy bắt đầu thôi...♡"
CommonEvents,509,Hシーン8,治療8,18+_治療,セラ,\C[4]セラ,"では、もっと泣かせて差し上げましょう。
少し速めに……しこしこしこしこ。",Chụtttt... chẹp chẹp...♡
CommonEvents,509,Hシーン8,治療8,18+_治療,セラ,\C[4]セラ,"我慢汁を搾り取るように、上から下へ……。
ちゅこちゅこちゅこちゅこ……。","Ưm... ah♡
Sướng lắm đúng không? nhưng không được bắn đâu nhé...♡"
CommonEvents,509,Hシーン8,治療8,18+_治療,セラ,\C[4]セラ,"面白いようにとぷとぷと溢れてきますね。
ちょうど良いのでこちらを潤滑剤にさせていただきます。",Cứ tiếp tục chịu đựng sự sung sướng này đi nào...♡
CommonEvents,509,Hシーン8,治療8,18+_治療,セラ,\C[4]セラ,"全体に塗り広げ、滑りをよくします。
自分を追い詰めるための液体を自ら差し出すなんて面白いですね。",Bài trị liệu cấm bắn tinh kết thúc!
CommonEvents,509,Hシーン8,治療8,18+_治療,セラ,\C[4]セラ,"これでよりいじめやすくなりましたよ。
音もより煽情的になってしまいました。",Anh chịu đựng giỏi lắm.
CommonEvents,509,Hシーン8,治療8,18+_治療,セラ,\C[4]セラ,"ぬちぬち、くちゅくちゅと、私のまとわりつくような手の動きを
耳でも感じ取ることができますね。",Bây giờ em sẽ giải thuật thôi miên và cho anh bắn tinh nhé.
CommonEvents,509,Hシーン8,治療8,18+_治療,セラ,\C[4]セラ,"この音と共に、私のお手てだけで屈服させられていることを
ちゃんと自覚してください。","Nào, bắn hết ra đi nào...♡"
CommonEvents,509,Hシーン8,治療8,18+_治療,セラ,\C[4]セラ,"あなたのおちんちんを気持ちよくしてくれるのは
自分専属のナースさんだけってしっかり言い聞かせてください。",Chụtttt... chẹp chẹp...♡
CommonEvents,509,Hシーン8,治療8,18+_治療,セラ,\C[4]セラ,"あなたのおちんちんは躾がなっていないようでしたから、
再教育が必要なんです。","Ưm... ah♡
Bắn hết tinh dịch tích tụ ra đi nào...♡"
CommonEvents,509,Hシーン8,治療8,18+_治療,セラ,\C[4]セラ,"もちろんおちんちんだけでなくあなた自身もですが。
ちゅこちゅこ攻撃でたっぷり反省してくださいね。",Ngoan lắm... em đã nuốt hết rồi.
CommonEvents,509,Hシーン8,治療8,18+_治療,セラ,\C[4]セラ,"こら。身体が快感で崩れ落ちそうになっていますよ。
ちゃんと手コキしやすいように腰を上げていてください。",Trị liệu cấm bắn tinh hoàn tất!
CommonEvents,509,Hシーン8,治療8,18+_治療,セラ,\C[4]セラ,"……ぴくぴく震えて全然腰が上げられていないですね。
仕方ありません、言うことを聞けない子はお仕置きします。",Hôm nay em sẽ thử nghiệm liệu pháp thôi miên ép buộc anh nghe lời em.
CommonEvents,509,Hシーン8,治療8,18+_治療,セラ,\C[4]セラ,指を輪っかにして、カリのところにひっかけて……。,Ép buộc nghe lời sao...?
CommonEvents,509,Hシーン8,治療8,18+_治療,セラ,\C[4]セラ,小刻みに、ちゅこちゅこちゅこちゅこ～……。,Vâng. Em sẽ hạ lệnh cho anh và anh phải làm theo tuyệt đối.
CommonEvents,509,Hシーン8,治療8,18+_治療,セラ,\C[4]セラ,"あーあ、弱点を集中的になぶられて
もっと身体がくねくねしてしまいました。",Liệu anh có thể kháng cự lại mệnh lệnh của em không?
CommonEvents,509,Hシーン8,治療8,18+_治療,セラ,\C[4]セラ,"でもやめてあげませんよ。
このまま格好悪くお精子を搾り取られましょうか。","Nào, hãy bắt đầu thôi...♡"
CommonEvents,509,Hシーン8,治療8,18+_治療,セラ,\C[4]セラ,"いいですか？　あなたは今私に指二本で
負かされているとっても弱いマゾです。","""Hãy cương lên""."
CommonEvents,509,Hシーン8,治療8,18+_治療,セラ,\C[4]セラ,"そんなマゾさんを好きになってくれて、
優しく叱ってくれるのは私だけですよね？",...
CommonEvents,509,Hシーン8,治療8,18+_治療,セラ,\C[4]セラ,"今気持ちよく屈服させてくれているのは私だって
脳みそに刻み込んでください。","""Hãy dâng con cu ra đây""."
CommonEvents,509,Hシーン8,治療8,18+_治療,セラ,\C[4]セラ,"他の女が入り込む隙間がなくなるくらい、
頭の中を私でいっぱいにしてください。",Chụtttt... chẹp chẹp...♡
CommonEvents,509,Hシーン8,治療8,18+_治療,セラ,\C[4]セラ,"……もう息も絶え絶えですね。
そろそろ仕上げといきましょうか。","Ưm... ah♡
Bắn tinh dịch ra đi nào... ngoan lắm."
CommonEvents,509,Hシーン8,治療8,18+_治療,セラ,\C[4]セラ,"最後は強めに𠮟りつけてあげますので、
情けなくお射精してください。",Ngoan lắm... em đã nuốt hết rồi.
CommonEvents,509,Hシーン8,治療8,18+_治療,セラ,\C[4]セラ,"……出せ。
この変態マゾ。",Bài trị liệu thôi miên mệnh lệnh kết thúc!
CommonEvents,509,Hシーン8,治療8,18+_治療,セラ,\C[4]セラ,"ん……熱いお精子がこんなに……。
手から溢れてしまいます。",Hôm nay em sẽ tiến hành bài trị liệu nhập vai đặc biệt.
CommonEvents,509,Hシーン8,治療8,18+_治療,セラ,\C[4]セラ,"これで反省できましたか？
……くす。ひどいお顔。すっかり改心できたみたいです。",Nhập vai sao...?
CommonEvents,509,Hシーン8,治療8,18+_治療,セラ,\C[4]セラ,"よしよし……。
頑張りましたね。",Vâng. Em sẽ dùng ma thuật cản trở nhận thức để đóng vai một người xa lạ.
CommonEvents,510,Hシーン9,治療9,18+_治療,セラ,\C[4]セラ,"こういった絡め手への耐性も冒険者には必須です。
無防備なままではいけません。",Anh phải coi em như một cô gái lạ mặt quyến rũ anh và cố gắng chống lại sự cám dỗ.
CommonEvents,510,Hシーン9,治療9,18+_治療,セラ,\C[4]セラ,"追加治療では私の催眠魔法で、
たー……っぷり、もてあそんであげますね。",Liệu anh có thể trung thành với em ngay cả khi bị người xa lạ quyến rũ không?
CommonEvents,510,Hシーン9,治療9,18+_治療,セラ,\C[4]セラ,さて、では始めましょうか。,"Nào, hãy bắt đầu thôi...♡"
CommonEvents,510,Hシーン9,治療9,18+_治療,セラ,\C[4]セラ,ちなみに、催眠といっても色々と種類があります。,Chụtttt... chẹp chẹp...♡
CommonEvents,510,Hシーン9,治療9,18+_治療,セラ,\C[4]セラ,"完全に意識を乗っ取るような上級魔法を使われることは
そうそうないと思いますが、","Ưm... ah♡
Bắn hết tinh dịch ngoại tình ra đi nào...♡"
CommonEvents,510,Hシーン9,治療9,18+_治療,セラ,\C[4]セラ,"相手の欲求を刺激する程度の魔法なら
高頻度で遭遇すると思います。",Những phép thuật kích thích ham muốn của đối phương dạng này em nghĩ anh sẽ hay gặp phải trong phiêu lưu.
CommonEvents,510,Hシーン9,治療9,18+_治療,セラ,\C[4]セラ,……このように。,...Giống như thế này.
CommonEvents,510,Hシーン9,治療9,18+_治療,,\N[1],"……っ！？
セラさんっ、何ですかこれ……っ！？","...Ah!? Sera ơi, cái gì thế này... ah!?"
CommonEvents,510,Hシーン9,治療9,18+_治療,,\N[1],"（入れたい入れたい入れたい……っ！
セラさんのおまんこに入れたい……っ！）",(Muốn cho vào muốn cho vào...! Muốn đút vào cô bé của Sera...!)
CommonEvents,510,Hシーン9,治療9,18+_治療,セラ,\C[4]セラ,ん……っ。,Ưm...
CommonEvents,510,Hシーン9,治療9,18+_治療,セラ,\C[4]セラ,"今、あなたの「私とえっちしたい」という気持ちを
少々くすぐってあげました。","Vừa rồi em chỉ trêu chọc chút xíu cảm xúc ""Muốn làm tình với em"" của anh thôi đấy."
CommonEvents,510,Hシーン9,治療9,18+_治療,セラ,\C[4]セラ,"ほんのちょっぴりしか催眠をかけてないのに
すぐ襲うだなんてたるんでいますね、全く。","Mới thôi miên có chút xíu mà đã đòi xông vào vồ lấy em rồi, đúng là hư hỏng thật."
CommonEvents,510,Hシーン9,治療9,18+_治療,セラ,\C[4]セラ,"そんなに私とえっちが……あ……っ。
こら、勝手に動いて悪い子ですね。","Muốn làm tình với em đến thế... A... ah. Này, tự tiện cử động là hư lắm đấy nhé."
CommonEvents,510,Hシーン9,治療9,18+_治療,,\N[1],"す、すいません……っ！
我慢できなくて……っ！",X-Xin lỗi em...! Anh không nhẫn nại nổi nữa rồi...!
CommonEvents,510,Hシーン9,治療9,18+_治療,セラ,\C[4]セラ,"まぁ構いませんが……。
まだまだ治療はこれからですし。",Mà thôi cũng được... Đằng nào bài trị liệu cũng mới bắt đầu mà.
CommonEvents,510,Hシーン9,治療9,18+_治療,セラ,\C[4]セラ,"一旦今は思うままにセックスしていてもいいですよ。
あなたの好きなように動いてください。",Tạm thời bây giờ anh cứ làm tình theo ý thích đi. Cứ nhấp hông theo tùy thích nhé.
CommonEvents,510,Hシーン9,治療9,18+_治療,セラ,\C[4]セラ,"んっ……激しいですね。
よっぽど催眠が効いたようです。",Ưm... Mãnh liệt ghê. Coi bộ thôi miên có hiệu quả dữ dội nhỉ.
CommonEvents,510,Hシーン9,治療9,18+_治療,セラ,\C[4]セラ,"そうやって強く求められると
私まで気持ちよくなってしまいます……。",Anh đòi hỏi mãnh liệt thế này làm em cũng thấy sướng lây rồi...
CommonEvents,510,Hシーン9,治療9,18+_治療,セラ,\C[4]セラ,"これはあくまで治療ですので、少し困ってしまいますね。
ん……あっ……。",Đây chỉ là trị liệu thôi nên thế này làm em hơi bối rối đấy. Ưm... ah...
CommonEvents,510,Hシーン9,治療9,18+_治療,セラ,\C[4]セラ,"でも、あなたの方もこんなに急いだら
あっという間に限界が来てしまうのは？",Nhưng mà anh vội vã thế này chẳng mấy mà tới giới hạn đâu đúng không?
CommonEvents,510,Hシーン9,治療9,18+_治療,セラ,\C[4]セラ,"案の定、余裕のない表情をしていますし。
やっぱり早漏さんですね……可愛い。",Đúng như dự đoán nét mặt anh chẳng còn chút thong dong nào nữa rồi. Quả nhiên là xuất tinh sớm mà... Đáng yêu quá.
CommonEvents,510,Hシーン9,治療9,18+_治療,セラ,\C[4]セラ,"中で亀頭が膨らんでいますね。
おちんちんが「精子出したいよ～」って訴えているみたいです。","Bên trong quy đầu sưng to lên rồi kìa. Con cu như đang kêu gào ""Muốn bắn tinh quá~"" vậy."
CommonEvents,510,Hシーン9,治療9,18+_治療,,\N[1],セ、セラさん、もう……っ！,"S-Sera ơi, anh sắp...!"
CommonEvents,510,Hシーン9,治療9,18+_治療,セラ,\C[4]セラ,"イきそうですか？
分かりました。それでは……、",Sắp lên đỉnh rồi sao? Em hiểu rồi. Thế thì...
CommonEvents,510,Hシーン9,治療9,18+_治療,セラ,\C[4]セラ,「イくな」。,"""Cấm bắn tinh""."
CommonEvents,510,Hシーン9,治療9,18+_治療,,\N[1],"っ！？
あ、あれっ……！？",Ah!? A-Ủa...!?
CommonEvents,510,Hシーン9,治療9,18+_治療,,\N[1],イきそうなのにっ、イけないぃ……っ！,Sắp bắn tinh đến nơi rồi mà không bắn ra được...!
CommonEvents,510,Hシーン9,治療9,18+_治療,セラ,\C[4]セラ,"くす……。
思った通りの反応というのは気持ちがいいものですね。",Hì hì... Phản ứng đúng như em dự đoán làm em thấy sướng thật đấy.
CommonEvents,510,Hシーン9,治療9,18+_治療,セラ,\C[4]セラ,"説明するまでもないかもしれませんが、
今、絶対に射精ができない催眠をかけました。","Không cần giải thích chắc anh cũng biết rồi, em vừa yểm thuật thôi miên tuyệt đối cấm bắn tinh lên anh đấy."
CommonEvents,510,Hシーン9,治療9,18+_治療,セラ,\C[4]セラ,"射精直前の最も興奮した状態がずっと続きますよ。
良かったですね。",Trạng thái hưng phấn nhất ngay trước khi bắn tinh sẽ kéo dài mãi mãi đấy nhé. Tốt quá rồi còn gì.
CommonEvents,510,Hシーン9,治療9,18+_治療,セラ,\C[4]セラ,"……そんなに首を横に振ってどうしましたか？
まるで駄々をこねる赤ん坊のようですよ。",Lắc đầu nguầy nguậy thế làm gì chứ? Trông chẳng khác nào đứa trẻ sơ sinh đang ăn vạ cả.
CommonEvents,510,Hシーン9,治療9,18+_治療,セラ,\C[4]セラ,"少し涙目になってとっても苦しそう……。
……可愛いお顔です……。",Mắt ứa nước mắt trông khổ sở chưa kìa... Trông đáng yêu quá...
CommonEvents,510,Hシーン9,治療9,18+_治療,セラ,\C[4]セラ,"しばらく見ていたいのでこのままにしておきますね。
その間、好きに腰を振っていいですよ。",Em muốn ngắm thêm chút nữa nên cứ giữ nguyên thế này nhé. Trong lúc đó anh cứ việc dập hông tùy thích.
CommonEvents,510,Hシーン9,治療9,18+_治療,セラ,\C[4]セラ,"これであなたも早漏が治って良かったですね。
くすくす……。",Thế này thì bệnh xuất tinh sớm của anh cũng được chữa khỏi rồi nhé. Hì hì...
CommonEvents,510,Hシーン9,治療9,18+_治療,セラ,\C[4]セラ,さてと……ここからが治療の大詰めです。,Được rồi... Bây giờ mới là phần quan trọng nhất của bài trị liệu.
CommonEvents,510,Hシーン9,治療9,18+_治療,セラ,\C[4]セラ,"先ほども言った通り、腰を振るのは好きにしてください。
それは咎めません。","Như em vừa nói, anh muốn dập hông thế nào tùy anh. Em không trách đâu."
CommonEvents,510,Hシーン9,治療9,18+_治療,セラ,\C[4]セラ,"もし射精禁止の呪いを冒険中にかけられ、へこへこが止まらなくても、
射精によるレベルドレインもされないので大して危険ではないからです。",Bởi vì nếu trong lúc phiêu lưu bị trúng lời nguyền cấm bắn tinh mà dập hông liên tục thì cũng không bị rút cạn cấp độ nên không nguy hiểm lắm.
CommonEvents,510,Hシーン9,治療9,18+_治療,セラ,\C[4]セラ,"問題なのは射精を人質にとられた状態で
相手の言いなりになることです。",Vấn đề là bị bắt làm con nợ tinh dịch rồi phải nghe lời đối phương tuyệt đối.
CommonEvents,510,Hシーン9,治療9,18+_治療,セラ,\C[4]セラ,……今からあなたに二つの選択肢をあげます。,...Bây giờ em đưa ra hai lựa chọn cho anh.
CommonEvents,510,Hシーン9,治療9,18+_治療,セラ,\C[4]セラ,"一つは、射精を諦め、切ない気持ちを抑えながら
勃起したおちんちんをパンツにしまう選択。","Một là chấp nhận bỏ cuộc không bắn tinh, kìm nén sự tiếc nuối rồi cất con cu cương cứng vào quần."
CommonEvents,510,Hシーン9,治療9,18+_治療,セラ,\C[4]セラ,"もう一つは、射精をするかわりに
その後私からの厳しい射精管理を受ける選択。","Hai là đổi lấy việc được bắn tinh, anh phải chịu sự quản lý bắn tinh nghiêm khắc từ em sau đó."
CommonEvents,510,Hシーン9,治療9,18+_治療,セラ,\C[4]セラ,"後者についてですが、管理期間は未定です。
次いつ射精できるかは私の気分次第です。","Về lựa chọn thứ hai, thời gian quản lý là vô thời hạn. Lần tới khi nào được bắn tinh là tùy thuộc vào tâm trạng của em."
CommonEvents,510,Hシーン9,治療9,18+_治療,セラ,\C[4]セラ,"一週間か、二週間か、はたまた一ヶ月か……。
とても苦しい思いをするでしょうね。","Một tuần, hai tuần, hay một tháng... Anh sẽ phải chịu đựng sự khổ sở cực kỳ đấy."
CommonEvents,510,Hシーン9,治療9,18+_治療,セラ,\C[4]セラ,"でも安心してください。例え射精ができなくとも、
私がずー……っとあなたの性欲を刺激して、狂わせてあげますので。",Nhưng anh yên tâm. Dù không được bắn tinh em vẫn sẽ liê~n tục trêu chọc ham muốn làm anh phát điên lên mà.
CommonEvents,510,Hシーン9,治療9,18+_治療,セラ,\C[4]セラ,"さぁどうしますか？
射精を諦めるか、射精管理を代償に射精するか。",Nào anh chọn thế nào? Chấp nhận bỏ cuộc hay đổi lấy sự quản lý bắn tinh để được bắn?
CommonEvents,510,Hシーン9,治療9,18+_治療,セラ,\C[4]セラ,"しっかり考えてください。
ピストンを続けて射精欲を育てながらしっかりと、ね。",Hãy suy nghĩ cho kỹ vào. Vừa dập hông nuôi dưỡng ham muốn bắn tinh vừa suy nghĩ nhé.
CommonEvents,510,Hシーン9,治療9,18+_治療,,\N[1],"（射精したい……っ。
けど、射精したら終わりの分からない射精管理なんて……っ）",(Muốn bắn tinh quá... Nhưng nếu bắn tinh thì phải chịu sự quản lý không biết bao giờ mới xong...)
CommonEvents,510,Hシーン9,治療9,18+_治療,,\N[1],"（うぅ……このまま種付けしたい……っ、
セラさんの一番奥に出したい、のに……っ！）","(Ưu... Muốn làm tình xuất tinh vào trong quá..., Muốn bắn vào tận sâu nhất trong người Sera... mà...!)"
CommonEvents,510,Hシーン9,治療9,18+_治療,セラ,\C[4]セラ,随分悩まれているみたいですね。,Có vẻ anh đắn đo suy nghĩ nhiều quá nhỉ.
CommonEvents,510,Hシーン9,治療9,18+_治療,セラ,\C[4]セラ,では少しお手伝いをしてあげましょうか。,Thế để em giúp anh một tay nhé.
CommonEvents,510,Hシーン9,治療9,18+_治療,セラ,\C[4]セラ,「あなたはもーっと射精がしたくなる」……。,"""Anh sẽ cà~ng muốn bắn tinh hơn nữa""..."
CommonEvents,510,Hシーン9,治療9,18+_治療,,\N[1],うあぁぁっ！？,U a a a a!?
CommonEvents,510,Hシーン9,治療9,18+_治療,,\N[1],"（イきたいっ、イきたいっ、
もう他はどうでもいいっ！　射精したいっ！）","(Muốn bắn quá, muốn bắn quá, kệ hết mọi chuyện! Tôi muốn bắn tinh!)"
CommonEvents,510,Hシーン9,治療9,18+_治療,セラ,\C[4]セラ,"ふふ……いいお顔になりましたね。
意志が固まったのでしょうか。",Hì hì... Nét mặt đẹp lên rồi kìa. Quyết tâm rồi đúng không.
CommonEvents,510,Hシーン9,治療9,18+_治療,,\N[1],"射精させてください……っ！
セラさん……っ！",Cho em bắn tinh đi mà...! Sera ơi...!
CommonEvents,510,Hシーン9,治療9,18+_治療,セラ,\C[4]セラ,"あーあ……誘惑に負けるなんて
全く仕方ありませんね……くす。",Ôi dội... Thua trước sự quyến rũ thì thật là đành chịu thôi... hì hì.
CommonEvents,510,Hシーン9,治療9,18+_治療,セラ,\C[4]セラ,"しばらく気持ち良いのはないないされちゃいますから、
長く余韻に浸れるようにお射精がんばりましょうか……♡",Sau này sự sung sướng sẽ bị cấm đoán một thời gian nên để kéo dài dư vị em sẽ giúp anh bắn tinh thật sướng nhé...♡
CommonEvents,510,Hシーン9,治療9,18+_治療,セラ,\C[4]セラ,"では、手加減なしで本気で腰を振ってください。
最高のタイミングで催眠を解除してあげます。","Nào, không cần nương tay đâu hãy dập hông hết sức đi. Em sẽ giải thuật thôi miên ở thời điểm tuyệt vời nhất."
CommonEvents,510,Hシーン9,治療9,18+_治療,セラ,\C[4]セラ,"ん……っ。そうそう、私を孕ませるつもりで、
本能のままにピストンしてください。","Ưm... Đúng rồi đúng rồi, hãy dập hông theo bản năng như muốn làm em có thai vậy."
CommonEvents,510,Hシーン9,治療9,18+_治療,セラ,\C[4]セラ,"興奮しまくってたくさん背伸びしたおちんちん、
優しいナースさんが解放してあげましょうね。",Con cu vươn dài vì hưng phấn tột độ sẽ được cô y tá dịu dàng giải phóng cho nhé.
CommonEvents,510,Hシーン9,治療9,18+_治療,セラ,\C[4]セラ,"いきますよ。
せーの……、",Bắt đầu nhé. 1 2 3...
CommonEvents,510,Hシーン9,治療9,18+_治療,セラ,\C[4]セラ,"ぴゅっぴゅ～……♡
あっ、んぅっ……♡","Phọt phọt...♡ Á, ưm...♡"
CommonEvents,510,Hシーン9,治療9,18+_治療,セラ,\C[4]セラ,"力任せに腰をうちつけるから、
私までイってしまったじゃないですか……♡",Dập hông lực lưỡng thế làm em cũng lên đỉnh theo luôn rồi đấy...♡
CommonEvents,510,Hシーン9,治療9,18+_治療,セラ,\C[4]セラ,"それにしても幸せそうなお顔……。
後先考えない背徳感で満たされた絶頂は気持ち良かったですか？",Mà nhìn nét mặt hạnh phúc chưa kìa... Bắn tinh trong sự sướng rơn không thèm nghĩ đến hậu quả sướng lắm đúng không?
CommonEvents,510,Hシーン9,治療9,18+_治療,セラ,\C[4]セラ,"それでは今日から、とっても厳しい
射精管理の始まりです……♪","Thế thì từ hôm nay, bắt đầu thời kỳ quản lý bắn tinh cực kỳ nghiêm khắc nhé...♪"
CommonEvents,510,Hシーン9,治療9,18+_治療,,,"後日、射精を禁止されながらもてあそばれる
つらい日々が始まったが……、",Những ngày tiếp theo Main phải chịu sự quản lý hành hạ tinh dịch khổ sở...
CommonEvents,510,Hシーン9,治療9,18+_治療,,,"苦しむ姿を見て満足したのか、セラさんは五日目で
よしよしと慰めながら射精させてくれた。",Nhưng có vẻ thấy dáng vẻ khổ sở của anh đã thỏa mãn nên đến ngày thứ 5 Sera đã dịu dàng vỗ về cho anh bắn tinh.
CommonEvents,511,Hシーン10,治療10,18+_治療,セラ,\C[4]セラ,"浮気ぴゅっぴゅしちゃうなんて悪い人……。
あなたのことを大好きなナースさんが悲しんでいますよ。",Bắn tinh ngoại tình thế là hư lắm nhé... Cô y tá yêu anh tha thiết đang buồn lắm đấy.
CommonEvents,511,Hシーン10,治療10,18+_治療,セラ,\C[4]セラ,"人を裏切りながらする背徳的なえっち、
そんなに楽しかったですか？",Làm tình lén lút phản bội người khác sướng đến thế cơ à?
CommonEvents,511,Hシーン10,治療10,18+_治療,セラ,\C[4]セラ,では、もっと本格的に「悪いこと」してみましょうか。,"Thế thì chúng ta thử làm chuyện ""Hư hỏng"" thực sự xem sao nhé."
CommonEvents,511,Hシーン10,治療10,18+_治療,,,"妖しく光るセラの瞳と目が合うと、
\N[1]の意識が急速に遠のいた。","Khi ánh mắt gặp đôi mắt sáng lòa kỳ ảo của Sera, ý thức của Main nhanh chóng mờ dần."
CommonEvents,511,Hシーン10,治療10,18+_治療,,\N[1],"……うーん……。
あれ、ここは……？","...Ưm... Ủa, đây là đâu...?"
CommonEvents,511,Hシーン10,治療10,18+_治療,セラ,\C[4]セラ,"こんにちは。
気分はどうですか、お兄さん。","Xin chào anh. Anh thấy trong người thế nào, anh trai."
CommonEvents,511,Hシーン10,治療10,18+_治療,,\N[1],"あ、あなたは……？
確かさっきまでセラさんと一緒にいたはずじゃ……。","A, cô là...? Rõ ràng vừa rồi tôi còn ở cùng Sera mà..."
CommonEvents,511,Hシーン10,治療10,18+_治療,セラ,\C[4]セラ,……認識阻害魔法は上手くかかったみたいですね……。,...Ma thuật cản trở nhận thức xem ra hoạt động tốt đấy...
CommonEvents,511,Hシーン10,治療10,18+_治療,セラ,\C[4]セラ,"しっかりしてください。
あなたはうちのお店で裏メニューを注文したところですよ。",Tỉnh táo lại đi anh. Anh vừa gọi dịch vụ đặc biệt ở cửa hàng chúng tôi đấy.
CommonEvents,511,Hシーン10,治療10,18+_治療,セラ,\C[4]セラ,"ですので早速、裏メニューの「踊り子さんのスペシャルご奉仕」、
始めていきますね。","Nên bây giờ chúng ta sẽ bắt đầu dịch vụ đặc biệt ""Vũ công phục vụ riêng"" nhé."
CommonEvents,511,Hシーン10,治療10,18+_治療,セラ,\C[4]セラ,ちゅっ……。,Chụt...
CommonEvents,511,Hシーン10,治療10,18+_治療,,\N[1],"うあ……っ！？
お、踊り子さんっ、何を……！？",U a...!? V-Vũ công ơi cô làm cái gì thế...!?
CommonEvents,511,Hシーン10,治療10,18+_治療,セラ,\C[4]セラ,"何って……あなたが注文した裏メニューですよ。
内容をご存じなかったんですか？",Thì là... Dịch vụ đặc biệt mà anh vừa đặt đấy. Anh không biết nội dung sao?
CommonEvents,511,Hシーン10,治療10,18+_治療,セラ,\C[4]セラ,"ですがキャンセルは不可ですので、れろ……っ。
お兄さんのおちんちん、お世話していきますね……ずろろ……。","Nhưng không được hủy đâu nhé, liếm mút... Em sẽ chăm sóc con cu của anh trai nhé... chụt chụt..."
CommonEvents,511,Hシーン10,治療10,18+_治療,,\N[1],"そんなの知らな……っ、
うぁ、舐めながら喋らないで……っ！",Tôi đâu có biết... U oa đừng vừa liếm vừa nói chuyện thế chứ...!
CommonEvents,511,Hシーン10,治療10,18+_治療,セラ,\C[4]セラ,"少し舐めただけでこんなに反応するなんて
可愛いお兄さん。",Mới liếm chút xíu mà đã phản ứng thế này anh trai đáng yêu quá.
CommonEvents,511,Hシーン10,治療10,18+_治療,セラ,\C[4]セラ,"もっとサービスしたくなっちゃいます。
裏筋を舌で、れろれろれろ……。",Làm em muốn phục vụ nhiều hơn nữa nè. Dùng lưỡi liếm rãnh quy đầu... liếm liếm...
CommonEvents,511,Hシーン10,治療10,18+_治療,セラ,\C[4]セラ,"あっ、先っぽから我慢汁が漏れちゃいましたね。
私のフェラ、気に入ってもらえて何よりです。","Á, dâm dịch từ phần đầu trào ra rồi kìa. Màn mút cu của em làm anh thích thú là tốt rồi."
CommonEvents,511,Hシーン10,治療10,18+_治療,セラ,\C[4]セラ,"普段、こういうことはお店でしてもらってるんですか？
それとも、してくれる誰かがいらっしゃるとか？",Bình thường ở tiệm người ta có làm cho anh thế này không? Hay là có ai đó làm cho anh rồi?
CommonEvents,511,Hシーン10,治療10,18+_治療,,\N[1],そ、それは、えっと……。,"Chuyện đó, ờm..."
CommonEvents,511,Hシーン10,治療10,18+_治療,セラ,\C[4]セラ,……さっきおっしゃっていた、「セラさん」ですか？,"...Là ""Sera"" mà lúc nãy anh vừa nhắc tới đúng không?"
CommonEvents,511,Hシーン10,治療10,18+_治療,,\N[1],！,!
CommonEvents,511,Hシーン10,治療10,18+_治療,セラ,\C[4]セラ,"図星ですか。
その方がお兄さんのお気に入りのようですね。",Trúng phóc rồi đúng không. Người đó là người anh thích nhất đúng không.
CommonEvents,511,Hシーン10,治療10,18+_治療,セラ,\C[4]セラ,なのに浮気しちゃうなんて悪い人。,Thế mà lại đi ngoại tình thế này hư quá đi.
CommonEvents,511,Hシーン10,治療10,18+_治療,セラ,\C[4]セラ,"でも仕方ないですよね、その方があなたを
満足させられていないのがだめなんですし。","Nhưng mà đành chịu thôi, là do cô ta không làm cho anh thỏa mãn được mà."
CommonEvents,511,Hシーン10,治療10,18+_治療,,\N[1],そ、そんなことないですから……！,Kh-Không phải thế đâu mà...!
CommonEvents,511,Hシーン10,治療10,18+_治療,セラ,\C[4]セラ,"そうですか？　でも、こんなにおちんちんを
ギンギンにさせながら言っても説得力がないですよ。",Thế sao? Nhưng con cu cương cứng ngắc thế này nói chẳng có sức thuyết phục gì cả.
CommonEvents,511,Hシーン10,治療10,18+_治療,セラ,\C[4]セラ,その人のお口より、私のお口の方が好きなんじゃないですか？,So với miệng của cô ta thì anh thích miệng của em hơn đúng không?
CommonEvents,511,Hシーン10,治療10,18+_治療,,\N[1],"ち、違……っ！　ただセラさんの舌使いに似てるから
反応しちゃってるだけで……！",Kh-Khác...! Chỉ là do kỹ thuật dùng lưỡi giống Sera nên tôi mới phản ứng thôi...!
CommonEvents,511,Hシーン10,治療10,18+_治療,セラ,\C[4]セラ,……ずるい……どうして分かるんですか……。,...Gian dối... Sao anh lại nhận ra được chứ...
CommonEvents,511,Hシーン10,治療10,18+_治療,セラ,\C[4]セラ,"じゃあこれはどうですか。
唇でカリ首をいじめるように……じゅぷっ、じゅぽっ……。",Thế còn thế này thì sao. Dùng môi trêu chọc rãnh quy đầu... chụt chụt...
CommonEvents,511,Hシーン10,治療10,18+_治療,セラ,\C[4]セラ,"ふふ。効いているみたいですね。
やっぱり私の方があなたと相性がいいみたいです。",Hì hì. Có hiệu quả rồi kìa. Quả nhiên miệng của em hợp với anh hơn mà.
CommonEvents,511,Hシーン10,治療10,18+_治療,,\N[1],そ、そんなことな……うぅ……！,K-Không có chuyện đó... Ưu...!
CommonEvents,511,Hシーン10,治療10,18+_治療,セラ,\C[4]セラ,"強情ですね。
……なんだか、自分自身に嫉妬してしまいます……。",Ngoan cố ghê. ...Tự nhiên lại đi ghen tị với chính bản thân mình thế này...
CommonEvents,511,Hシーン10,治療10,18+_治療,セラ,\C[4]セラ,"こうなったら、私のお口でおちんちんとろかして
あなたを私のとりこにしてあげます。",Đã thế này em sẽ dùng miệng làm tan chảy con cu của anh để anh mê mệt em luôn.
CommonEvents,511,Hシーン10,治療10,18+_治療,セラ,\C[4]セラ,"じゅるるる……ちゅっ、ずろろ……。
れろれろれろ……じゅぷっ、じゅぷっ、じゅぷっ。",Chẹp chẹp... chụt... liếm liếm... chụt chụt chụt...
CommonEvents,511,Hシーン10,治療10,18+_治療,セラ,\C[4]セラ,"どうですか、んっ……ちゅっ、
こんなの味わったことないでしょう？","Anh thấy thế nào, ưm... chụt, chưa từng thử cảm giác này đúng không?"
CommonEvents,511,Hシーン10,治療10,18+_治療,セラ,\C[4]セラ,"おちんちんにディープキスされてるみたいで
温かくて気持ちいいですよね。","Giống như con cu đang được hôn sâu vậy, ấm áp sướng lắm đúng không."
CommonEvents,511,Hシーン10,治療10,18+_治療,セラ,\C[4]セラ,"脚が情けなくぴーんと伸びていますよ。
身体は降参したがってるみたいですね。",Chân anh duỗi thẳng ra vì sướng kìa. Cơ thể như muốn đầu hàng rồi kìa.
CommonEvents,511,Hシーン10,治療10,18+_治療,セラ,\C[4]セラ,"あとはあなたが直接私に射精を懇願してくれれば
最後までしてあげるんですけど……どうしますか？",Bây giờ chỉ cần anh trực tiếp xin em cho bắn tinh vào miệng em thì em sẽ làm tới cùng cho anh... Anh thấy sao?
CommonEvents,511,Hシーン10,治療10,18+_治療,セラ,\C[4]セラ,"む、そんなに必死に顔を横に振らないでください。
傷つきますよ。","Hừm, đừng có xua mặt cuống cuồng thế chứ. Em tổn thương đấy."
CommonEvents,511,Hシーン10,治療10,18+_治療,セラ,\C[4]セラ,"あんまり私が煽るから、イってしまうことに
罪悪感が湧いているみたいですね。",Vì em trêu chọc nhiều quá nên anh thấy tội lỗi khi bắn tinh đúng không.
CommonEvents,511,Hシーン10,治療10,18+_治療,セラ,\C[4]セラ,"でもですよ、お兄さん。
そういう気持ちでするお射精が一番気持ち良いんですよ？",Nhưng mà anh trai ơi. Bắn tinh trong cảm giác tội lỗi thế này lại là bắn tinh sướng nhất đấy nhé?
CommonEvents,511,Hシーン10,治療10,18+_治療,セラ,\C[4]セラ,"やっちゃいけないお射精をすると脳みそに甘ーい痺れが走って、
全身がぴくぴく震えながら精液が漏れ出るんです。","Bắn tinh không được phép làm sẽ khiến bộ não tê dại ngọt ngào, toàn thân run bần bật tinh dịch trào dâng ra ngoài đấy."
CommonEvents,511,Hシーン10,治療10,18+_治療,セラ,\C[4]セラ,"そんなの……絶対体験してみたいですよね？
マゾのお兄さん……♡",Phần thưởng trút giận bắn tinh này em sẽ chuẩn bị thật đã cho anh.
CommonEvents,511,Hシーン10,治療10,18+_治療,セラ,\C[4]セラ,"それではそろそろ本気であなたを堕としにかかりますね。
じゅるるるっ、じゅぷっ、じゅぽっ、ずるるっ♡",Hãy kiềm chế và dập hông theo nhịp đếm của em nhé.
CommonEvents,511,Hシーン10,治療10,18+_治療,セラ,\C[4]セラ,"ちゅっ、じゅぷっ……強めに吸い付いて
あなたの子種においでって言ってあげます。","Nào, chúng ta bắt đầu thôi...♡"
CommonEvents,511,Hシーン10,治療10,18+_治療,セラ,\C[4]セラ,"じゅるるっ、浮気するのは怖くないですよー……。
ただ気持ち良いだけですからねー……ちゅっ、ずるる……っ♡",Chụtttt... chẹp chẹp...♡
CommonEvents,511,Hシーン10,治療10,18+_治療,セラ,\C[4]セラ,"先っぽが膨らんでる……じゅるる……っ。
これ、もう射精の準備しちゃってますね。","Ưm... ah♡
Sướng lắm đúng không?♡"
CommonEvents,511,Hシーン10,治療10,18+_治療,セラ,\C[4]セラ,"尿道の出口ギリギリまで精液が来てるんでしょう？
出るの確定しちゃってるんですから、もう諦めましょうね。",Theo nhịp đếm của em mà tăng dần cảm giác bắn tinh đi nào...♡
CommonEvents,511,Hシーン10,治療10,18+_治療,セラ,\C[4]セラ,"ほーら、出してください。
心の中でごめんなさいしながらぴゅっぴゅ～、ですよ。",10……♡
CommonEvents,511,Hシーン10,治療10,18+_治療,セラ,\C[4]セラ,"……イっちゃえ♡
この浮気マゾ♡",9……♡
CommonEvents,511,Hシーン10,治療10,18+_治療,セラ,\C[4]セラ,"ん……っ♡
じゅるるる……っ♡",8……♡
CommonEvents,511,Hシーン10,治療10,18+_治療,セラ,\C[4]セラ,"ぷはっ……はぁ……はぁ……♡
こんなに濃厚なのが出ましたよ。",7……♡
CommonEvents,511,Hシーン10,治療10,18+_治療,セラ,\C[4]セラ,ん……ごくっ……♡,6……♡
CommonEvents,511,Hシーン10,治療10,18+_治療,セラ,\C[4]セラ,はい、あなたのお精子、私のものになっちゃいました……♡,5……♡
CommonEvents,511,Hシーン10,治療10,18+_治療,,,"その後、魔法を解除され
セラさんからネタバラシされた。",4……♡
CommonEvents,511,Hシーン10,治療10,18+_治療,,,"またもや誘惑に負けたことを少しだけ叱られたが、
意外と彼女の機嫌は悪くないように見えた。",3……♡
CommonEvents,512,Hシーン11,治療11,18+_治療,セラ,\C[4]セラ,"数字で射精まで導かれてしまうとは。
不思議なものですね。",2……♡
CommonEvents,512,Hシーン11,治療11,18+_治療,セラ,\C[4]セラ,"あなたは私が思っている以上に
弱いマゾさんなのかもしれません。",1……♡
CommonEvents,512,Hシーン11,治療11,18+_治療,セラ,\C[4]セラ,"それでは引き続き、数字であなたのお射精を
もてあそんであげます。","0……♡
Bắn hết ra đi nào...♡"
CommonEvents,512,Hシーン11,治療11,18+_治療,セラ,\C[4]セラ,"あなたの射精感をコントロールするために、
本日は私が上で腰を振らせていただきます。",Ngoan lắm... em đã nuốt hết rồi.
CommonEvents,512,Hシーン11,治療11,18+_治療,セラ,\C[4]セラ,"ぜひ私のお尻をオカズにして
金玉の中でお精子をぐつぐつと煮詰めてください。",Bài trị liệu đếm ngược kết thúc!
CommonEvents,512,Hシーン11,治療11,18+_治療,セラ,\C[4]セラ,"それでは動きます。
ん……っ。",Hôm nay em sẽ tiến hành bài trị liệu đếm ngược nâng cao.
CommonEvents,512,Hシーン11,治療11,18+_治療,セラ,\C[4]セラ,"いかがでしょうか。あなたと一緒にいたおかげで
おまんこは愛液で満たされているはずですが。","Em sẽ đếm ngược từ 10 xuống 0, anh phải kiềm chế dập hông sao cho chạm vạch 0 mới được phép bắn tinh."
CommonEvents,512,Hシーン11,治療11,18+_治療,セラ,\C[4]セラ,"また、あなた好みの体重をわざとかけるピストンで
敗北感を煽っています。","Nhưng giữa chừng em có thể dừng đếm hoặc tăng con số lên, anh phải tập trung nhẫn nại đấy."
CommonEvents,512,Hシーン11,治療11,18+_治療,セラ,\C[4]セラ,"こうしてあなたを追い詰めることで、
より数字で操りやすいように下ごしらえをしているんです。","Nào, hãy chuẩn bị tinh thần nhé...♡"
CommonEvents,512,Hシーン11,治療11,18+_治療,セラ,\C[4]セラ,"では、さっそく始めていきましょうか。
マゾさんの大好きなカウントダウンを。",Chụtttt... chẹp chẹp...♡
CommonEvents,512,Hシーン11,治療11,18+_治療,セラ,\C[4]セラ,10……♡,"Ưm... ah♡
Sướng lắm đúng không? đồ M này...♡"
CommonEvents,512,Hシーン11,治療11,18+_治療,セラ,\C[4]セラ,"いいですか、数字が小さくなるほど私の腰振りも
早くなっていきますので、精液も同時にせり上がらせてください。",10……♡
CommonEvents,512,Hシーン11,治療11,18+_治療,セラ,\C[4]セラ,"ですからまだ本気の腰振りはおあずけです。
ゆーっくりとあなたの勃起おちんちんを育てていきます。",9……♡
CommonEvents,512,Hシーン11,治療11,18+_治療,セラ,\C[4]セラ,9……♡,8……♡
CommonEvents,512,Hシーン11,治療11,18+_治療,セラ,\C[4]セラ,下半身に集中して、おまんこのひだを感じてください。,7……♡
CommonEvents,512,Hシーン11,治療11,18+_治療,セラ,\C[4]セラ,"カリ首をにちゅにちゅとなぶられ、
犯されていることを自覚するんです。",6……♡
CommonEvents,512,Hシーン11,治療11,18+_治療,セラ,\C[4]セラ,8……♡,5……♡
CommonEvents,512,Hシーン11,治療11,18+_治療,セラ,\C[4]セラ,"ん……おちんちんが良いところに当たっています。
大きくなってきた証拠ですね。",4……♡
CommonEvents,512,Hシーン11,治療11,18+_治療,セラ,\C[4]セラ,"良い調子です。
そのまま期待を膨らませてください。",3……♡
CommonEvents,512,Hシーン11,治療11,18+_治療,セラ,\C[4]セラ,7……♡,2……♡
CommonEvents,512,Hシーン11,治療11,18+_治療,セラ,\C[4]セラ,"徐々にスピードを速めていきますよ。
ん……ふっ……。",1……♡
CommonEvents,512,Hシーン11,治療11,18+_治療,セラ,\C[4]セラ,"あなたも少しずつお精子を尿道の方へ
持ち上げてください。","0……♡
Bắn hết ra đi nào...♡"
CommonEvents,512,Hシーン11,治療11,18+_治療,セラ,\C[4]セラ,6……♡,Ngoan lắm... em đã nuốt hết rồi.
CommonEvents,512,Hシーン11,治療11,18+_治療,セラ,\C[4]セラ,"お尻と鼠径部がぶつかってぱちゅんぱちゅんと
卑猥な音が出ていますね。",Bài trị liệu đếm ngược biến đổi kết thúc!
CommonEvents,512,Hシーン11,治療11,18+_治療,セラ,\C[4]セラ,"ぜひそちらにも耳を傾けて
ご自身の性欲を高ぶらせてください。",Anh chịu đựng giỏi lắm.
CommonEvents,512,Hシーン11,治療11,18+_治療,セラ,\C[4]セラ,5……♡,Bây giờ em sẽ thưởng cho anh bắn tinh thoải mái nhé.
CommonEvents,512,Hシーン11,治療11,18+_治療,セラ,\C[4]セラ,"ようやく半分ですね。
まだまだお射精は我慢ですよ。","Nào, bắn hết ra đi nào...♡"
CommonEvents,512,Hシーン11,治療11,18+_治療,セラ,\C[4]セラ,"今でもこんなに気持ちいいのに、「1」まで数え下ろしたら
どれだけ気持ちいいんでしょうね。",Chụtttt... chẹp chẹp...♡
CommonEvents,512,Hシーン11,治療11,18+_治療,セラ,\C[4]セラ,4……♡,"Ưm... ah♡
Bắn hết tinh dịch tích tụ ra đi nào...♡"
CommonEvents,512,Hシーン11,治療11,18+_治療,セラ,\C[4]セラ,"腰の奥の熱が大きくなってきたのではないでしょうか。
むずむずと切ない気持ちが湧いてきましたね？",Ngoan lắm... em đã nuốt hết rồi.
CommonEvents,512,Hシーン11,治療11,18+_治療,セラ,\C[4]セラ,"最後には射精というご褒美が待っていますから、
一緒に頑張りましょうね。",Cuối cùng sẽ có phần thưởng bắn tinh chờ đón anh nên chúng ta hãy cùng cố gắng nhé.
CommonEvents,512,Hシーン11,治療11,18+_治療,セラ,\C[4]セラ,3……♡,3……♡
CommonEvents,512,Hシーン11,治療11,18+_治療,セラ,\C[4]セラ,"段々お顔がつらそうになってきましたね。
言いつけ通り数字と共に射精感を高めているようで何よりです。",Nét mặt anh càng lúc càng khổ sở rồi kìa. Đúng như lời dặn anh tăng hưng phấn bắn tinh theo con số là tốt lắm.
CommonEvents,512,Hシーン11,治療11,18+_治療,セラ,\C[4]セラ,"ですが、そういう表情をされると
私まで気持ちよくなってしまいます……ん……っ。",Nhưng anh biểu cảm như thế làm em cũng thấy sướng lây rồi... Ưm...
CommonEvents,512,Hシーン11,治療11,18+_治療,セラ,\C[4]セラ,2……♡,2……♡
CommonEvents,512,Hシーン11,治療11,18+_治療,セラ,\C[4]セラ,"ラストスパートですよ。
腰に力を入れて耐えて下さい。",Nỗ lực chặng cuối nào. Dồn lực vào hông nhẫn nại đi anh.
CommonEvents,512,Hシーン11,治療11,18+_治療,セラ,\C[4]セラ,"射精はまだだめ……我慢我慢。
お漏らしは絶対だーめ……。",Bắn tinh bây giờ là không được đâu... Ráng nhịn ráng nhịn. Tè dầm là tuyệt đối không được đâu...
CommonEvents,512,Hシーン11,治療11,18+_治療,セラ,\C[4]セラ,1……♡,1……♡
CommonEvents,512,Hシーン11,治療11,18+_治療,セラ,\C[4]セラ,"ほーら、これがあなたの精子をコキ出すための
本気のピストンですよ。","Nào nào, đây chính là màn dập hông thật sự để vắt kiệt tinh dịch của anh đấy."
CommonEvents,512,Hシーン11,治療11,18+_治療,セラ,\C[4]セラ,"でもあの数字を言ってもらえるまで我慢です。
1、1、いーち……。","Nhưng chưa nghe em đọc con số đó thì phải chịu đựng nhé. 1, 1, 1..."
CommonEvents,512,Hシーン11,治療11,18+_治療,セラ,\C[4]セラ,"中々言ってもらえませんね。
苦しいですね。",Mãi mà không nghe thấy em đọc nhỉ. Khổ sở quá nhỉ.
CommonEvents,512,Hシーン11,治療11,18+_治療,セラ,\C[4]セラ,それでは解放して差し上げます。,Thế thì em sẽ giải thoát cho anh nhé.
CommonEvents,512,Hシーン11,治療11,18+_治療,セラ,\C[4]セラ,"……ストップ。
カウントダウンは中断です。",...Dừng lại. Đếm ngược tạm hoãn nhé.
CommonEvents,512,Hシーン11,治療11,18+_治療,セラ,\C[4]セラ,"中でぴくぴくと震えてしまって……。
可哀そうに。",Bên trong giật giật bần bật... Đáng thương chưa kìa.
CommonEvents,512,Hシーン11,治療11,18+_治療,セラ,\C[4]セラ,"ですが、数字が必ず最後まで数え下ろされるとは
お約束していませんよね？",Nhưng em đâu có hứa là con số chắc chắn sẽ đếm ngược trôi chảy từ trên xuống dưới đâu đúng không?
CommonEvents,512,Hシーン11,治療11,18+_治療,セラ,\C[4]セラ,"時にはカウントダウンが止まったり、
数字が大きくなることも想定していただかないと。","Thỉnh thoảng đếm ngược dừng lại, hoặc con số tăng to lên anh cũng phải chuẩn bị tâm lý chứ."
CommonEvents,512,Hシーン11,治療11,18+_治療,セラ,\C[4]セラ,そうですね、では次の数字は……、11♡,"Được rồi, con số tiếp theo sẽ là... 11♡"
CommonEvents,512,Hシーン11,治療11,18+_治療,セラ,\C[4]セラ,"くす……その泣きそうなお顔、とっても可愛いです。
せっかく1まで耐えたのに残念ですね。",Hì hì... Nét mặt mếu máo như sắp khóc đó đáng yêu cực kỳ luôn. Đã ráng nhẫn nại tới 1 rồi mà tiếc quá nhỉ.
CommonEvents,512,Hシーン11,治療11,18+_治療,セラ,\C[4]セラ,"12、13、14……♡
あーあ、大好きなお射精がどんどん遠ざかっていきます。","12, 13, 14...♡ Ôi dội, việc bắn tinh yêu thích lại ngày càng xa tầm tay rồi."
CommonEvents,512,Hシーン11,治療11,18+_治療,セラ,\C[4]セラ,"それなのにゆっくりピストンのせいでお精子作るのは止められない……。
自分の首を絞めるだけなのに金玉さんが頑張っていますね。",Thế mà dập hông chậm rãi lại làm việc tạo tinh dịch không thể dừng lại được... Dù tự bóp cổ mình nhưng hai hòn ngọc của anh vẫn cố gắng hết sức nhỉ.
CommonEvents,512,Hシーン11,治療11,18+_治療,セラ,\C[4]セラ,"速いの欲しいですか？
お尻をぱんぱんってして犯して欲しいですか？",Anh muốn nhịp độ nhanh sao? Muốn em vắt bóp mông làm tình rên rỉ sao?
CommonEvents,512,Hシーン11,治療11,18+_治療,セラ,\C[4]セラ,"仕方ありませんね。
あなたの愛らしさに免じて……3♡",Đành chịu thôi. Nảy sinh từ sự đáng yêu của anh... 3♡
CommonEvents,512,Hシーン11,治療11,18+_治療,セラ,\C[4]セラ,"ふふ……これが欲しかったんですよね。
良かったですね、いきなり小さい数字に進めてもらえて。","Hì hì... Anh muốn cái này đúng không. Tốt quá rồi nhé, tự nhiên được tiến nhảy vọt tới con số nhỏ thế kia mà."
CommonEvents,512,Hシーン11,治療11,18+_治療,セラ,\C[4]セラ,"2……♡　ほらほら、急いで子種の準備してください。
待ちに待ったお射精の時間ですよ。","2...♡ Nào nào, mau mau chuẩn bị con giống đi thôi. Giờ phút bắn tinh trông ngóng bấy lâu đến rồi đây."
CommonEvents,512,Hシーン11,治療11,18+_治療,セラ,\C[4]セラ,"1……♡　もう目の前ですね。
ぎりっぎりのところでお精子待機させてください。",1...♡ Ngay trước mắt rồi nhé. Hãy để tinh dịch chờ sẵn ở sát vạch ranh giới đi nhé.
CommonEvents,512,Hシーン11,治療11,18+_治療,セラ,\C[4]セラ,"あとほんの少し……あとはあの数字を言ってもらうだけ。
おあずけ無しでちゃんと言ってもらえるでしょうか？",Chỉ còn một chút xíu nữa thôi... Chỉ cần em đọc con số đó ra nữa thôi. Không biết em có đọc chuẩn không hay lại nhốt lại nhỉ?
CommonEvents,512,Hシーン11,治療11,18+_治療,セラ,\C[4]セラ,"くすくす……そんなに首を横に振らなくても、
もう意地悪しませんから安心してください。","Hì hì... Không cần lắc đầu cuống cuồng thế đâu, em không trêu anh nữa đâu nên an tâm đi nhé."
CommonEvents,512,Hシーン11,治療11,18+_治療,セラ,\C[4]セラ,"ここまで頑張ったご褒美です。
ほら、ちゃんと耳を澄まして聞いてください。","Phần thưởng cho sự nỗ lực tới đây đấy. Nào, hãy vểnh tai lên nghe cho rõ nhé."
CommonEvents,512,Hシーン11,治療11,18+_治療,セラ,\C[4]セラ,"……ゼロ♡
イ・け♡",...Không♡ Bắn đi nào♡
CommonEvents,512,Hシーン11,治療11,18+_治療,セラ,\C[4]セラ,"ゼロ、ゼロ、ゼロ……♡
ぴゅっぴゅ～……♡","Không, Không, Không...♡ Phọt phọt...♡"
CommonEvents,512,Hシーン11,治療11,18+_治療,セラ,\C[4]セラ,"焦らされて濃くなった精子、お尻を押し付けて
一滴残らず出させてあげます……んっ……。","Tinh dịch quánh đặc vì bị trêu chọc nhẫn nại, em sẽ ép mông vào trút sạch không còn một giọt... Ưm..."
CommonEvents,512,Hシーン11,治療11,18+_治療,セラ,\C[4]セラ,"ふぅ……上手に「ゼロ」で出せましたね。
偉いですよ。","Phù... Xuất sắc bắn ra ở chữ ""Không"" rồi nhé. Giỏi lắm đấy."
CommonEvents,513,Hシーン12,治療12,18+_治療,セラ,\C[4]セラ,"元々弱いあなたがさらに弱くなったのですから、
やはり耐えるのは難易度が高いようですね。",Vốn dĩ anh đã yếu sẵn lại bị làm cho yếu hơn nên việc nhẫn nại quả là độ khó quá cao nhỉ.
CommonEvents,513,Hシーン12,治療12,18+_治療,セラ,\C[4]セラ,だからと言って、追加治療を免除することはありませんが。,Nhưng nói thế không có nghĩa là anh được miễn bài trị liệu bổ sung đâu nhé.
CommonEvents,513,Hシーン12,治療12,18+_治療,セラ,\C[4]セラ,"それじゃあ今から、お姉さんがおちんちんに
とってもえっちなこと、教えてあげるね？","Nào, bây giờ chị sẽ dạy cho bé cưng một chuyện cực kỳ dâm mát trên con cu nhé?"
CommonEvents,513,Hシーン12,治療12,18+_治療,セラ,\C[4]セラ,"こうして膝の上に僕くんの腰を置いても
全然重くないね。",Đặt hông của bé cưng lên đùi chị thế này chẳng thấy nặng chút nào cả.
CommonEvents,513,Hシーン12,治療12,18+_治療,セラ,\C[4]セラ,"この体勢、恥ずかしいところが完全に無防備だから
お姉さんに何されちゃうか分からなくて怖い？",Tư thế này bộ phận xấu hổ hoàn toàn không có phòng bị nên bé sợ không biết chị sẽ làm gì mình đúng không?
CommonEvents,513,Hシーン12,治療12,18+_治療,セラ,\C[4]セラ,"今からお姉さんはね、このおっぱいで
僕くんのおちんちんを挟んじゃうんだよ。",Bây giờ chị sẽ dùng cặp ngực này kẹp chặt con cu của bé cưng lại đấy.
CommonEvents,513,Hシーン12,治療12,18+_治療,セラ,\C[4]セラ,"そこから見たら分かるよね？　こんな大きなおっぱいに
僕の皮かむりで小さいおちんちんじゃ勝てっこないって。",Nhìn từ góc đó bé cũng biết rồi đúng không? Cặp ngực to bự thế này thì con cu nhỏ xíu còn bao bọc quy đầu của bé làm sao thắng nổi chứ.
CommonEvents,513,Hシーン12,治療12,18+_治療,セラ,\C[4]セラ,"きっと根本から先っぽまでぜーんぶ
埋もれちゃうんだろうね。",Chắc chắn từ gốc đến tận phần đầu quy đầu sẽ bị vùi lấp sạch sành sanh luôn.
CommonEvents,513,Hシーン12,治療12,18+_治療,セラ,\C[4]セラ,"そのまま男の子の大好きな巨乳の中で
亀頭も竿もこね回されて、","Cứ thế ở bên trong cặp ngực khủng mà con trai mê mệt, quy đầu lẫn thân cu sẽ bị nhào nặn quay mòng mòng,"
CommonEvents,513,Hシーン12,治療12,18+_治療,セラ,\C[4]セラ,"中でお漏らしした精液すら
谷間に閉じ込められちゃうことを、","rồi cả tinh dịch dầm dề bên trong cũng bị nhốt chặt trong khe ngực ngọt ngào,"
CommonEvents,513,Hシーン12,治療12,18+_治療,セラ,\C[4]セラ,パイズリ……って、言うんだよ？,Cái đó gọi là... kẹp ngực tra tấn đấy nhé?
CommonEvents,513,Hシーン12,治療12,18+_治療,セラ,\C[4]セラ,"ねぇ僕くん。
パイズリ、して欲しい？",Này bé cưng. Bé có muốn chị kẹp ngực cho không?
CommonEvents,513,Hシーン12,治療12,18+_治療,セラ,\C[4]セラ,"……素直にこくって頷けて偉いね。
じゃあしてあげる。",...Ngoan ngoãn gật đầu ngoan lắm. Thế chị kẹp cho nhé.
CommonEvents,513,Hシーン12,治療12,18+_治療,セラ,\C[4]セラ,"左右に開いた谷間で
おちんちんを捕まえて……、",Dùng khe ngực mở rộng hai bên bắt trọn lấy con cu...
CommonEvents,513,Hシーン12,治療12,18+_治療,セラ,\C[4]セラ,むぎゅ～……。,Ép chặt vào nè~...
CommonEvents,513,Hシーン12,治療12,18+_治療,セラ,\C[4]セラ,"おっぱいの圧と柔らかさで腰がくねくねしてるよ。
がんばれ、耐えて耐えて。","Áp lực và sự mềm mại của ngực làm hông nhúc nhích tréo qua lại kìa. Cố lên, nhẫn nại nhẫn nại đi."
CommonEvents,513,Hシーン12,治療12,18+_治療,セラ,\C[4]セラ,"……落ち着いたかな？　危なかったね。
挟んだだけで出しちゃったら恥ずかしかったよ？",...Bình tĩnh lại chưa? Nguy hiểm thật đấy. Mới kẹp vào thôi mà đã bắn ra thì xấu hổ lắm đấy nhé?
CommonEvents,513,Hシーン12,治療12,18+_治療,セラ,\C[4]セラ,じゃあ次は、おっぱいピストンでお漏らししないようにね。,"Thế tiếp theo, lúc ngực dập nhấp hông đừng để dầm dề ra đấy nhé."
CommonEvents,513,Hシーン12,治療12,18+_治療,セラ,\C[4]セラ,"あーあ、中で皮が剥けて弱いところが
全部むき出しになっちゃった。","Ôi dội, bên trong phần da tuột ra làm điểm yếu trần trụi lộ hết ra ngoài rồi."
CommonEvents,513,Hシーン12,治療12,18+_治療,セラ,\C[4]セラ,"ふふ。
不意打ちで動かされてびっくりしちゃったかな。",Hì hì. Đột ngột bị di chuyển làm bé giật mình đúng không.
CommonEvents,513,Hシーン12,治療12,18+_治療,セラ,\C[4]セラ,"お姉さんは意地悪だから、
君が翻弄されて悶えているお顔が好きなの。",Chị đây tính tình xấu xa nên chị rất thích ngắm khuôn mặt bối rối bị trêu chọc của bé đấy.
CommonEvents,513,Hシーン12,治療12,18+_治療,セラ,\C[4]セラ,"だからたくさん初心な反応していいよ。
お姉さんはそれを格好悪いって思わないから。",Nên bé cứ tự nhiên bộc lộ phản ứng ngây thơ đi. Chị không chê bé kém cỏi đâu.
CommonEvents,513,Hシーン12,治療12,18+_治療,セラ,\C[4]セラ,むしろ、そんな君のことが可愛くてしょうがないの。,"Trái lại, dáng vẻ đó của bé làm chị thương yêu không chịu nổi cơ."
CommonEvents,513,Hシーン12,治療12,18+_治療,セラ,\C[4]セラ,"……「可愛い」って言われて中でおちんちんが跳ねたね。
お姉さんに可愛がられるの、僕くんは好き？","...Bị khen ""Đáng yêu"" một cái là con cu bên trong nảy lên liền kìa. Bé có thích được chị cưng nựng không?"
CommonEvents,513,Hシーン12,治療12,18+_治療,セラ,\C[4]セラ,"顔隠しちゃだめ。性癖バレて恥ずかしい？
でも、おちんちんが正直すぎて隠せてないよ。",Bài trị liệu kẹp ngực dịu dàng kết thúc!
CommonEvents,513,Hシーン12,治療12,18+_治療,セラ,\C[4]セラ,そういう照れ屋さんなところも可愛い。,Bé cưng vất vả rồi nhé.
CommonEvents,513,Hシーン12,治療12,18+_治療,セラ,\C[4]セラ,"くす……。褒め殺しにされて顔が赤くなっても、
おちんちんが捕まえられてるから逃げられないね。",Màn kẹp ngực của chị tuyệt vời lắm đúng không?
CommonEvents,513,Hシーン12,治療12,18+_治療,セラ,\C[4]セラ,"腰をもじもじってしても、
先っぽが中でくるくるしちゃって力抜けちゃうね。",Vâng... Sướng lắm ạ...
CommonEvents,513,Hシーン12,治療12,18+_治療,セラ,\C[4]セラ,"お姉さんに逆らっても意味ないって分かったら、
お利巧さんにして大人しくパイズリしててもらおっか。",Ngoan lắm. Vậy thì thưởng cho bé bắn tinh nhé.
CommonEvents,513,Hシーン12,治療12,18+_治療,セラ,\C[4]セラ,"じーっとおっぱい見て、こんなにおっきいおっぱいに
挟んでもらってるんだって興奮高めてようね。","Nào, bắn hết tinh dịch ra giữa khe ngực chị đi nào...♡"
CommonEvents,513,Hシーン12,治療12,18+_治療,セラ,\C[4]セラ,"綺麗な乳首もおかずにして、もっとおちんちん硬くして。
そうしたらもっと気持ちよくなれるから。",Chụtttt... chẹp chẹp...♡
CommonEvents,513,Hシーン12,治療12,18+_治療,セラ,\C[4]セラ,"……脚で私の身体にぎゅ～って抱き着いちゃってる。
つらいつらいだから甘えん坊したいのかな？","Ưm... ah♡
Bắn hết tinh dịch bé cưng ra đi nào...♡"
CommonEvents,513,Hシーン12,治療12,18+_治療,セラ,\C[4]セラ,"いいよ。
お姉さんに力いっぱい抱き着いて。",Ngoan lắm... chị đã nhận hết tinh dịch của bé rồi.
CommonEvents,513,Hシーン12,治療12,18+_治療,セラ,\C[4]セラ,"まぁ、僕くんが脚に力を入れれば入れるほど
パイズリで悶えてるのがバレちゃうけどね。",Hôm nay em sẽ tiến hành bài trị liệu cưng nựng tình ái dịu dàng dành cho anh.
CommonEvents,513,Hシーン12,治療12,18+_治療,セラ,\C[4]セラ,"それでもいいなら好きなだけ脚でハグして。
僕くんは非力だから全然痛くないし、遠慮はいらないよ。",Cưng nựng tình ái sao...?
CommonEvents,513,Hシーン12,治療12,18+_治療,セラ,\C[4]セラ,"「パイズリ気持ちいいよ～、お姉さんのおっぱいで
挟まれるの好き～」って脚で教えて？","Vâng. Em sẽ ôm chặt anh, vừa dịu dàng vỗ về vừa thực hiện trị liệu."
CommonEvents,513,Hシーン12,治療12,18+_治療,セラ,\C[4]セラ,"……うんうん、そんなに力入れちゃって、
気持ちよくてたまらないんだね。",Anh có thể cảm nhận được tình yêu thương và sự dịu dàng của em.
CommonEvents,513,Hシーン12,治療12,18+_治療,セラ,\C[4]セラ,"おちんちんも中でもみくちゃにされてるのに
頑張って上を向こうと頑張ってるのが分かるよ。","Nào, mau lại đây với em nào...♡"
CommonEvents,513,Hシーン12,治療12,18+_治療,セラ,\C[4]セラ,"カリ首もぱんぱんに張ってる。
おちんちんそんな風にしたらおっぱいに引っかかって
もっと気持ちよくなっちゃうよ？",Chụtttt... chẹp chẹp...♡
CommonEvents,513,Hシーン12,治療12,18+_治療,セラ,\C[4]セラ,"それとも、ちっちゃいなりに主張して
おねだりしてるのかな。可愛いね。","Ưm... ah♡
Sướng lắm đúng không? anh yêu...♡"
CommonEvents,513,Hシーン12,治療12,18+_治療,セラ,\C[4]セラ,"じゃあ、パイズリ速くしてあげようかな。
ぱちゅんぱちゅんって激しくピストンするよ。",Hãy tận hưởng sự dịu dàng của em nhé...♡
CommonEvents,513,Hシーン12,治療12,18+_治療,セラ,\C[4]セラ,"腰に重たくて柔らかいのが乗っかってきて嬉しいね。
下半身が幸せだね。",Bắn tinh dịch ra đi nào... ngoan lắm.
CommonEvents,513,Hシーン12,治療12,18+_治療,セラ,\C[4]セラ,"本来その身体で受け止めきれる快楽の限界を
もう超えちゃってるかもしれないけど、射精まで我慢だよ。","Ưm... nuốt ực...♡
Cảm ơn anh vì buổi trị liệu tuyệt vời nhé...♡"
CommonEvents,513,Hシーン12,治療12,18+_治療,セラ,\C[4]セラ,"お姉さんと頑張って治療するんだもんね。
偉い子は弱音吐いちゃ、めっ、だよ。",Bài trị liệu cưng nựng dịu dàng kết thúc!
CommonEvents,513,Hシーン12,治療12,18+_治療,セラ,\C[4]セラ,"強めの圧で、にゅこにゅこ、ちこちこ。
僕くん頑張れ、おちんちんさん頑張れ。",Hôm nay em sẽ dùng tình yêu ngọt ngào để vỗ về và cổ vũ anh làm tình.
CommonEvents,513,Hシーン12,治療12,18+_治療,セラ,\C[4]セラ,"お姉さんの意地悪パイズリに負けるな。
逃げずに最後まで治療頑張って。","Em sẽ ôm chặt anh vào lòng, dùng cặp ngực ấm áp ngọt ngào bao bọc lấy anh."
CommonEvents,513,Hシーン12,治療12,18+_治療,セラ,\C[4]セラ,"……そろそろイきそう？
うん、いいんだよ。僕くんはおっぱいに弱いもんね。",Anh hãy dập hông mặn nồng trong sự vỗ về của em nhé.
CommonEvents,513,Hシーン12,治療12,18+_治療,セラ,\C[4]セラ,"でも、最後の最後まで耐えてみて。
女の子に負けないもんって腰に力入れられる？",Liệu anh có thể nhẫn nại trước sự ngọt ngào này không?
CommonEvents,513,Hシーン12,治療12,18+_治療,セラ,\C[4]セラ,"そうやって限界まで抵抗した方が、
射精した時の敗北感が強くなるから。","Nào, chúng ta bắt đầu thôi...♡"
CommonEvents,513,Hシーン12,治療12,18+_治療,セラ,\C[4]セラ,"そうするとね、どれだけ頑張ってもお姉さんのおっぱいには
勝てないって記憶に刻み込まれちゃうの。",Chụtttt... chẹp chẹp...♡
CommonEvents,513,Hシーン12,治療12,18+_治療,セラ,\C[4]セラ,"君の無垢な脳みそに、
一生治らない負け癖を植え付けてあげる……♡","Ưm... ah♡
Bắn hết tinh dịch vào sâu trong em đi nào...♡"
CommonEvents,513,Hシーン12,治療12,18+_治療,セラ,\C[4]セラ,"ほら、負けちゃえ負けちゃえ。
年上のお姉さんのパイズリに敗北しちゃえ。",Ngoan lắm... em đã nuốt hết rồi.
CommonEvents,513,Hシーン12,治療12,18+_治療,セラ,\C[4]セラ,"おっぱいおむつに白いのしーしーして、
男の子のプライドずたずたにされちゃえ……♡",Bài trị liệu cổ vũ tình ái mặn nồng kết thúc!
CommonEvents,513,Hシーン12,治療12,18+_治療,セラ,\C[4]セラ,"ぴゅっぴゅ～……♡
はい、僕くんの負け……♡",Hôm nay có vẻ anh mệt mỏi tinh thần đúng không.
CommonEvents,513,Hシーン12,治療12,18+_治療,セラ,\C[4]セラ,"……精液、全部出た？
じゃあ、負けちゃった可哀そうなおちんちんのこと、見てみよっか。",Đúng là công việc phiêu lưu vất vả mà.
CommonEvents,513,Hシーン12,治療12,18+_治療,セラ,\C[4]セラ,"はい、これがお姉さんのおっぱいに負けた弱い子だよ。
皮も巻き戻っちゃって、情けない恰好だね。",Nhưng anh yên tâm. Hôm nay em sẽ vừa cổ vũ vừa tiếp thêm sức mạnh cho anh.
CommonEvents,513,Hシーン12,治療12,18+_治療,セラ,\C[4]セラ,"これで僕くんのおちんちんには恥ずかしいマゾ性癖が
付いちゃいました……♡　くす……♡",Cổ vũ sao...?
CommonEvents,514,Hシーン13,治療13,18+_治療,,,"※このイベントでは一部、\C[2]マウスホイールで
　視点移動が可能\C[0]なシーンがあります。",Vâng. Em sẽ vừa làm tình vừa liên tục cổ vũ cho con cu của anh.
CommonEvents,514,Hシーン13,治療13,18+_治療,,\N[1],セラさんごめんなさい、こんな情けない姿を見せて……。,"Nào, lại đây ôm lấy em nào."
CommonEvents,514,Hシーン13,治療13,18+_治療,セラ,\C[4]セラ,"こら。
今日は「ごめんなさい」は禁止です。",Vâng...
CommonEvents,514,Hシーン13,治療13,18+_治療,セラ,\C[4]セラ,"そもそも、私は弱い姿を見せてくれることを
迷惑だとは思っていません。",Ngoan lắm. Thế chúng ta bắt đầu thôi nhé.
CommonEvents,514,Hシーン13,治療13,18+_治療,セラ,\C[4]セラ,"この間あなたを小さくして治療を行ったからでしょうか。
むしろ、母性本能が内から湧いてきます。",Ưm...
CommonEvents,514,Hシーン13,治療13,18+_治療,セラ,\C[4]セラ,"よし、よし……。
もう怖くありませんよ。",Cô bé của em nuốt trọn lấy con cu anh rồi.
CommonEvents,514,Hシーン13,治療13,18+_治療,セラ,\C[4]セラ,"私の胸の中で深呼吸してリラックスしてください。
吸って～……吐いて～……。",Bây giờ anh hãy cứ từ từ nhấp hông nhé.
CommonEvents,514,Hシーン13,治療13,18+_治療,セラ,\C[4]セラ,"はい、お上手ですよ。
お利巧さんですね。",Vâng...
CommonEvents,514,Hシーン13,治療13,18+_治療,セラ,\C[4]セラ,"あなたは私の匂いで安心していてください。
後は全部私が導いてあげますので。",Ngoan lắm. Vậy em bắt đầu cổ vũ cho anh đây.
CommonEvents,514,Hシーン13,治療13,18+_治療,セラ,\C[4]セラ,"ん……っ、こうやって動くのも、
今日は私の役目です。","Cố lên, cố lên...♡"
CommonEvents,514,Hシーン13,治療13,18+_治療,セラ,\C[4]セラ,"あなたは私の甘やかしで
ひたすら元気いっぱいにされてください。",Con cu của anh cố lên...♡
CommonEvents,514,Hシーン13,治療13,18+_治療,セラ,\C[4]セラ,"しかし、こういう時はどういう言葉をかけてあげるのが
一番効果があるのでしょう？",Nhưng mà những lúc thế này thì dùng lời lẽ thế nào mới có hiệu quả nhất nhỉ?
CommonEvents,514,Hシーン13,治療13,18+_治療,セラ,\C[4]セラ,やはり、たくさん応援してあげるのがいいでしょうか。,Quả nhiên là liên tục cổ vũ động viên là tốt nhất đúng không.
CommonEvents,514,Hシーン13,治療13,18+_治療,セラ,\C[4]セラ,"がんばれ、がんばれ……♡
負けるなあなた～……♡","Cố lên, cố lên...♡ Đừng thua nhé anh yêu~...♡"
CommonEvents,514,Hシーン13,治療13,18+_治療,セラ,\C[4]セラ,"……ふむ。おちんちんが中で硬くなりました。
これがお好きなんですね。",...Hừm. Con cu bên trong cứng ngắc hơn rồi. Anh thích cái này đúng không.
CommonEvents,514,Hシーン13,治療13,18+_治療,セラ,\C[4]セラ,"あなたはして欲しいことを言う必要すらありません。
それすらも私が探り当てて差し上げます。",Anh chẳng cần phải mở lời đòi hỏi làm gì. Mấy cái đó em sẽ tự tìm ra và phục vụ anh hết.
CommonEvents,514,Hシーン13,治療13,18+_治療,セラ,\C[4]セラ,"ふれー、ふれー、おちんちん……♡
がんばれがんばれおちんちん……♡","Cố lên, cố lên con cu...♡ Cố lên cố lên con cu ơi...♡"
CommonEvents,514,Hシーン13,治療13,18+_治療,セラ,\C[4]セラ,ふふ……ここを応援されるの、好きだと思いました。,Hì hì... Em biết ngay là cổ vũ chỗ này anh sẽ thích mà.
CommonEvents,514,Hシーン13,治療13,18+_治療,セラ,\C[4]セラ,"女性に男性の象徴を励ましてもらうなんて
ちょっとだけ恥ずかしいですもんね。",Được con gái cổ vũ cho biểu tượng nam tính của mình chắc hơi xấu hổ một chút nhỉ.
CommonEvents,514,Hシーン13,治療13,18+_治療,セラ,\C[4]セラ,"あなたはそういう言い方で元気が出ると私には分かります。
専属のナースですので。",Nhưng em biết dùng từ ngữ thế này sẽ làm anh phấn chấn lên mà. Vì em là y tá riêng của anh mà.
CommonEvents,514,Hシーン13,治療13,18+_治療,セラ,\C[4]セラ,"おや、抱き着く力が強くなりました。
恥ずかしさと嬉しさで、もっと顔を胸に埋めたくなったんですね。","Ồ, lực ôm của anh mạnh hơn rồi kìa. Vì xấu hổ lẫn vui sướng nên muốn vùi mặt sâu hơn vào ngực em đúng không."
CommonEvents,514,Hシーン13,治療13,18+_治療,セラ,\C[4]セラ,"甘えんぼするの上手です。
素直な子は大好きですよ。",Nũng nịu giỏi lắm. Đứa trẻ ngoan ngoãn là em thích nhất đấy.
CommonEvents,514,Hシーン13,治療13,18+_治療,セラ,\C[4]セラ,"私もおっぱいに埋もれるのをお手伝いしてあげましょう。
ほら、むぎゅ～……。","Em cũng sẽ giúp anh vùi mặt vào ngực nhé. Nào, ôm chặt... ép vào..."
CommonEvents,514,Hシーン13,治療13,18+_治療,セラ,\C[4]セラ,"ぱふぱふ……ぱふぱふ……。
柔らかくて気持ちいいですね。",Úp mặt vào ngực... úp mặt vào ngực... Mềm mại sướng lắm đúng không.
CommonEvents,514,Hシーン13,治療13,18+_治療,セラ,\C[4]セラ,"この調子で元気を出していきましょう。
がんばれ、がんばれ……♡","Cứ đà này mà phấn chấn lên nhé. Cố lên, cố lên...♡"
CommonEvents,514,Hシーン13,治療13,18+_治療,セラ,\C[4]セラ,"おちんちん大きくできて格好いいですよ。
私も気持ちいいです。",Làm con cu sưng to ngầu lắm đấy. Em cũng thấy sướng lây rồi.
CommonEvents,514,Hシーン13,治療13,18+_治療,セラ,\C[4]セラ,お礼におまんこでたくさんなでなでしてあげます。,Để đáp lại em sẽ dùng cô bé xoa xoa vuốt ve anh thật nhiều nhé.
CommonEvents,514,Hシーン13,治療13,18+_治療,セラ,\C[4]セラ,"身体の隅々まで私が包み込んで、
全部を癒してあげますよ。",Mọi ngóc ngách trên cơ thể anh em sẽ ôm trọn và chữa lành tất cả cho anh.
CommonEvents,514,Hシーン13,治療13,18+_治療,セラ,\C[4]セラ,"……息が荒くなってきましたね。
少し元気が出てきたようで何よりです。","...Hơi thở anh dồn dập lên rồi kìa. Có vẻ anh khỏe khoắn lên chút rồi, tốt quá."
CommonEvents,514,Hシーン13,治療13,18+_治療,セラ,\C[4]セラ,"では、私の応援ももっと熱をいれないと
いけませんね。",Thế thì màn cổ vũ của em cũng phải thêm nhiệt huyết hơn nữa mới được.
CommonEvents,514,Hシーン13,治療13,18+_治療,セラ,\C[4]セラ,"腰振りを早めますので、
らぶらぶえっち、頑張りましょうね。",Em sẽ tăng tốc độ dập hông nên chúng ta hãy cùng cố gắng làm tình mặn nồng nhé.
CommonEvents,514,Hシーン13,治療13,18+_治療,セラ,\C[4]セラ,"んっ……んっ……。
あなたのが奥をとんとんって突いてきます。",Ưm... ah... Phần đầu con cu anh đang thúc vào sâu bên trong em kìa.
CommonEvents,514,Hシーン13,治療13,18+_治療,セラ,\C[4]セラ,"頑張って背伸びしている証拠ですね。
えらいえらい。",Bằng chứng cho thấy anh đang cố gắng dập sâu đấy. Giỏi lắm giỏi lắm.
CommonEvents,514,Hシーン13,治療13,18+_治療,セラ,\C[4]セラ,"カリ首もぷっくり膨らんでいるので、、
私のおまんこがたっぷり絡みついてしまいますね。",Rãnh quy đầu cũng sưng phồng lên nên cô bé của em quấn chặt lấy anh lênh láng dâm dịch nè.
CommonEvents,514,Hシーン13,治療13,18+_治療,セラ,\C[4]セラ,"この調子ならお射精もがんばれますか？
それとも、もうちょっと応援欲しいですか？",Tình hình này anh có thể cố gắng bắn tinh luôn không? Hay là muốn em cổ vũ thêm chút nữa?
CommonEvents,514,Hシーン13,治療13,18+_治療,セラ,\C[4]セラ,"……はい、また強めのハグでお返事できましたね。
あなたはとっても賢い子です。","...Vâng, lại trả lời em bằng cái ôm chặt hơn rồi kìa. Anh là một đứa trẻ rất thông minh đấy."
CommonEvents,514,Hシーン13,治療13,18+_治療,セラ,\C[4]セラ,"では、もっともっと私があなたに
甘々で愛情たっぷりなエールを送ってあげましょう。",Thế thì em sẽ gửi tới anh những lời cổ vũ tràn ngập tình yêu thương ngọt ngào hơn nữa nhé.
CommonEvents,514,Hシーン13,治療13,18+_治療,セラ,\C[4]セラ,"がんばれがんばれ……♡
おちんちんがんばれ……♡",Cố lên cố lên...♡ Con cu cố lên...♡
CommonEvents,514,Hシーン13,治療13,18+_治療,セラ,\C[4]セラ,"金玉さんの中でお精子作るのがんばれ……♡
濃ゆーい精液、たくさん煮詰めろー……♡",Hai hòn ngọc bên trong chế tạo tinh dịch cố lên...♡ Tinh dịch đậm đặc hãy nấu nhừ ra thật nhiều nào...♡
CommonEvents,514,Hシーン13,治療13,18+_治療,セラ,\C[4]セラ,"ふふ……おちんちんだけでなく
金玉さんも応援してあげないと不平等ですからね。",Hì hì... Không chỉ con cu mà hai hòn ngọc em cũng cổ vũ luôn cho công bằng chứ.
CommonEvents,514,Hシーン13,治療13,18+_治療,セラ,\C[4]セラ,"この体勢だと、私に慰められてきゅっと縮こまり
精液を吐き出す準備をしているところが見えないのが残念です。",Tư thế này tiếc là em không nhìn thấy cảnh hai hòn ngọc sướng săn lại chuẩn bị phun tinh dịch ra ngoài.
CommonEvents,514,Hシーン13,治療13,18+_治療,セラ,\C[4]セラ,"無論、あなたの甘える姿をこうやって上から眺めるのも
私にとっては至上の喜びですが。",Đương nhiên việc nhìn ngắm dáng vẻ nũng nịu của anh từ trên xuống thế này đối với em cũng là niềm hạnh phúc tối cao rồi.
CommonEvents,514,Hシーン13,治療13,18+_治療,セラ,\C[4]セラ,"ふれー、ふれー、あなた……♡
甘えんぼ上手、勃起するの上手……♡","Cố lên, cố lên anh yêu...♡ Nũng nịu giỏi lắm, cương cứng giỏi lắm...♡"
CommonEvents,514,Hシーン13,治療13,18+_治療,セラ,\C[4]セラ,"あなたが落ち込んだらいつでも私が
こうやって元気を出させてあげます。",Mỗi khi anh mệt mỏi mệt mỏi em sẽ luôn giúp anh lấy lại tinh thần thế này.
CommonEvents,514,Hシーン13,治療13,18+_治療,セラ,\C[4]セラ,"だからあなたはこれからも、心が疲れたら
私の胸に甘えてください。約束ですよ。",Nên sau này nếu mệt mỏi tinh thần anh cứ việc sà vào ngực em nũng nịu nhé. Hứa với em đấy.
CommonEvents,514,Hシーン13,治療13,18+_治療,セラ,\C[4]セラ,"さて、そろそろ限界でしょうか。
では私はあなたが果ててしまうまで応援していてあげましょう。","Nào, có vẻ tới giới hạn rồi nhỉ. Thế em sẽ cổ vũ cho anh tới khi anh xuất tinh xong nhé."
CommonEvents,514,Hシーン13,治療13,18+_治療,セラ,\C[4]セラ,"がんばれがんばれおちんちん……♡
白いおしっこぴゅってしろー……♡",Cố lên cố lên con cu ơi...♡ Bắn nước tiểu màu trắng phọt phọt ra nào...♡
CommonEvents,514,Hシーン13,治療13,18+_治療,セラ,\C[4]セラ,"お精子出せ出せ……♡
射精がんばれー……♡",Tinh dịch bắn ra bắn ra nào...♡ Bắn tinh cố lên...♡
CommonEvents,514,Hシーン13,治療13,18+_治療,セラ,\C[4]セラ,"格好いいお漏らしどうぞ……♡
ぴゅっぴゅがんばれー……♡",Màn tè dầm ngầu lòi mời anh xuất ra...♡ Phọt phọt cố lên...♡
CommonEvents,514,Hシーン13,治療13,18+_治療,セラ,\C[4]セラ,"腰に力を入れて最後まで出せますか？
おまんこを締めて応援してあげますね。",Dồn lực vào hông bắn tới giọt cuối cùng được không anh? Em sẽ siết chặt cô bé cổ vũ cho anh nhé.
CommonEvents,514,Hシーン13,治療13,18+_治療,セラ,\C[4]セラ,"ん……ほーら、尿道に残ったお精子も
ぜーんぶ出せ出せー……♡","Ưm... Nào nào, tinh dịch còn sót lại trong niệu đạo cũng bắn ra sạch sành sanh đi nào...♡"
CommonEvents,514,Hシーン13,治療13,18+_治療,セラ,\C[4]セラ,"はい、たくさん頑張れましたね。
えらい子です。","Vâng, anh đã cố gắng rất nhiều rồi nhé. Đứa trẻ giỏi lắm."
CommonEvents,514,Hシーン13,治療13,18+_治療,セラ,\C[4]セラ,……少しは元気になれましたでしょうか？,...Anh đã thấy khỏe khoắn lại chút nào chưa?
CommonEvents,514,Hシーン13,治療13,18+_治療,セラ,\C[4]セラ,ようやくお顔を上げてくれましたね。,Cuối cùng anh cũng ngẩng mặt lên nhìn em rồi nhỉ.
CommonEvents,515,Hシーン14,治療14,18+_治療,セラ,\C[4]セラ,"はい、搾精完了です。
あっけないですね。","Vâng, vắt kiệt tinh dịch hoàn tất. Nhanh chóng thật đấy."
CommonEvents,515,Hシーン14,治療14,18+_治療,セラ,\C[4]セラ,"でもまだ逆レイプは終わりません。
このまま追加治療を始めていきます。",Nhưng màn cưỡng bức vẫn chưa kết thúc đâu nhé. Em sẽ tiến hành bài trị liệu bổ sung ngay tại đây.
CommonEvents,515,Hシーン14,治療14,18+_治療,セラ,\C[4]セラ,"そう簡単には離してあげませんので、
覚悟してください。",Em không dễ dàng thả anh ra đâu nên hãy chuẩn bị tinh thần đi.
CommonEvents,515,Hシーン14,治療14,18+_治療,,,"※このイベントでは一部、\C[2]マウスホイールで
　視点移動が可能\C[0]なシーンがあります。",※ Trong sự kiện này có phân cảnh có thể \C[2]dùng con lăn chuột để di chuyển góc nhìn\C[0].
CommonEvents,515,Hシーン14,治療14,18+_治療,セラ,\C[4]セラ,じー……。,Nhìn chằm chằm...
CommonEvents,515,Hシーン14,治療14,18+_治療,,\N[1],あ、あの……なんでしょうか……？,"A, chuyện... Chuyện gì thế em...?"
CommonEvents,515,Hシーン14,治療14,18+_治療,セラ,\C[4]セラ,"あのサキュバスとおしゃべりするのは
そんなに楽しいですか？",Trò chuyện với cô nàng Succubus đó vui đến thế sao?
CommonEvents,515,Hシーン14,治療14,18+_治療,,\N[1],やっぱりセラさん怒ってますよね！？,Quả nhiên là Sera đang giận đúng không!?
CommonEvents,515,Hシーン14,治療14,18+_治療,セラ,\C[4]セラ,"怒っていません。
ただ、節操無しなのはいかがなものかと思っているだけです。",Em không giận. Em chỉ thắc mắc việc không biết giữ kẽ thế có ổn không thôi.
CommonEvents,515,Hシーン14,治療14,18+_治療,セラ,\C[4]セラ,そういう方にはお仕置きが必要ですよね？,Người như thế thì cần phải trừng phạt đúng không nào?
CommonEvents,515,Hシーン14,治療14,18+_治療,セラ,\C[4]セラ,"手をばたばたさせて弱っちい抵抗……。
本当は犯されて嬉しい癖に。",Tay chân quẫy đạp cản trở yếu ớt... Thực chất trong lòng được cưỡng bức thích mê ra còn giả vờ.
CommonEvents,515,Hシーン14,治療14,18+_治療,セラ,\C[4]セラ,"それとも、あえて抵抗して負けることで、
劣等感で興奮しようとしているのでしょうか。","Hay là anh cố tình chống cự để bị thua, rồi lấy sự tự ti đó để hưng phấn hơn?"
CommonEvents,515,Hシーン14,治療14,18+_治療,セラ,\C[4]セラ,"……生意気です。
勝手に一人で楽しまないでください。",...Xấc xược thật đấy. Đừng có tự tiện hưởng thụ một mình như thế.
CommonEvents,515,Hシーン14,治療14,18+_治療,セラ,\C[4]セラ,"今あなたは逆レイプされているんですよ？
そんな風に喜んでいたらだめでしょう。",Bây giờ anh đang bị em cưỡng bức đấy nhé? Vui sướng thế kia là không được đâu.
CommonEvents,515,Hシーン14,治療14,18+_治療,セラ,\C[4]セラ,"モンスター娘に襲われた時もそんな調子では
一生勝てませんよ。",Khi bị Monster Girl tấn công mà cũng thế này thì cả đời anh không thắng nổi đâu.
CommonEvents,515,Hシーン14,治療14,18+_治療,セラ,\C[4]セラ,"……あぁ、そういえばあなたはあのサキュバスに
一度色仕掛けされて負けたことがあるそうですね？","...À phải rồi, nghe nói anh từng bị cô nàng Succubus đó dùng mỹ nhân kế đánh bại một lần đúng không?"
CommonEvents,515,Hシーン14,治療14,18+_治療,,\N[1],ど、どうしてそれを……！？,S-Sao em lại biết chuyện đó...!?
CommonEvents,515,Hシーン14,治療14,18+_治療,セラ,\C[4]セラ,"ご丁寧に彼女本人が言ってきましたよ。
私への嫌味をたっぷり込めて。",Chính miệng cô ta đến khoe với em đấy. Đầy sự mỉa mai dành cho em.
CommonEvents,515,Hシーン14,治療14,18+_治療,セラ,\C[4]セラ,"……本当に腹が立ちます。
どうしてよりによって彼女に負けているんですか。",...Thật là tức giận quá đi. Tại sao anh lại đi thua đúng cô ta cơ chứ.
CommonEvents,515,Hシーン14,治療14,18+_治療,セラ,\C[4]セラ,"それはつまり、彼女と性行為を行ったということでしょう？
それも私と出会うよりも前に。",Nói cách khác là anh đã làm chuyện ấy với cô ta đúng không? Lại còn trước cả khi gặp em nữa.
CommonEvents,515,Hシーン14,治療14,18+_治療,セラ,\C[4]セラ,"耐えがたい屈辱です。
はらわたが煮えくり返ります。",Sự nhục nhã không thể chịu nổi. Ruột gan em như sôi lên đây này.
CommonEvents,515,Hシーン14,治療14,18+_治療,セラ,\C[4]セラ,"気持ちよかったですか？
彼女とのえっちは。",Sướng lắm đúng không? Làm tình với cô ta ấy.
CommonEvents,515,Hシーン14,治療14,18+_治療,,\N[1],そ、そんなことは……。,L-Làm gì có chuyện đó...
CommonEvents,515,Hシーン14,治療14,18+_治療,セラ,\C[4]セラ,"どうして目を逸らすんですか？
やましいことでもあるんですか？",Sao anh lại lảng tránh ánh mắt em? Có chuyện gì mờ ám sao?
CommonEvents,515,Hシーン14,治療14,18+_治療,セラ,\C[4]セラ,正直に言ってください。,Hãy nói thật cho em biết đi.
CommonEvents,515,Hシーン14,治療14,18+_治療,,\N[1],や、やめっ、腰振り速い……っ！,"D-Dừng lại, dập hông nhanh quá...!"
CommonEvents,515,Hシーン14,治療14,18+_治療,セラ,\C[4]セラ,"言いなさい。
言え。",Nói mau. Nói đi.
CommonEvents,515,Hシーン14,治療14,18+_治療,,\N[1],"ご、ごめんなさい……！
気持ちよかったです……っ！",X-Xin lỗi em...! Sướng lắm ạ...!
CommonEvents,515,Hシーン14,治療14,18+_治療,セラ,\C[4]セラ,……そうですか。,...Ra là vậy.
CommonEvents,515,Hシーン14,治療14,18+_治療,セラ,\C[4]セラ,"じゃあ、そんなものは
私との記憶で上書きしてしまいましょう。",Thế thì mấy cái đó em sẽ ghi đè bằng ký ức với em hết.
CommonEvents,515,Hシーン14,治療14,18+_治療,セラ,\C[4]セラ,"さっさとイって反省してください。
負けっぱなしの雑魚マゾさん。",Mau chóng bắn tinh rồi ăn ăn kiểm điểm đi. Đồ Mazo gà mờ toàn thua kia.
CommonEvents,515,Hシーン14,治療14,18+_治療,セラ,\C[4]セラ,はい、びゅるるー……。,"Nào, phọt phọt~..."
CommonEvents,515,Hシーン14,治療14,18+_治療,セラ,\C[4]セラ,"はぁ……こんなにも弱くては
負けて当然ですね。",Hà... Yếu ớt thế này thì thua là phải rồi.
CommonEvents,515,Hシーン14,治療14,18+_治療,セラ,\C[4]セラ,"まだまだ追加治療が必要だと判断しました。
このまま再び逆レイプを続けます。",Em phán đoán vẫn cần phải trị liệu bổ sung. Tiếp tục cưỡng bức lần nữa.
CommonEvents,515,Hシーン14,治療14,18+_治療,セラ,\C[4]セラ,"そんな可愛い涙目を見せられたって許しません。
肝心の症状が改善されていないのですから。",Cho dù anh có giương đôi mắt mếu máo đáng yêu đó ra em cũng không tha đâu. Vì triệu chứng quan trọng vẫn chưa cải thiện mà.
CommonEvents,515,Hシーン14,治療14,18+_治療,セラ,\C[4]セラ,"女性に力負けしている状況を恥じながら、
大人しく犯されなさい。",Hãy vừa cảm thấy nhục nhã vì thua sức phụ nữ vừa ngoan ngoãn bị em cưỡng bức đi.
CommonEvents,515,Hシーン14,治療14,18+_治療,セラ,\C[4]セラ,"……おちんちん、まだまだ硬いですね。
そんなに乱暴されるのが好きですか？",...Con cu vẫn còn cứng ngắc kìa. Anh thích bị thô bạo thế này lắm sao?
CommonEvents,515,Hシーン14,治療14,18+_治療,,\N[1],"くっ……うっ……！
だって、セラさんが可愛いから……っ！",Ức... ah...! Tại vì Sera đáng yêu quá mà...!
CommonEvents,515,Hシーン14,治療14,18+_治療,セラ,\C[4]セラ,……っ。,...
CommonEvents,515,Hシーン14,治療14,18+_治療,セラ,\C[4]セラ,"そんなことを言われてもほだされませんよ。
全く、油断も隙もありません。","Nói thế em cũng không bị mủi lòng đâu nhé. Thật là, không được lơ đễnh chút nào."
CommonEvents,515,Hシーン14,治療14,18+_治療,セラ,\C[4]セラ,"モンスター娘に犯されすぎて
彼女たちの手口を覚えてしまったのでしょうか。",Có phải bị Monster Girl cưỡng bức nhiều quá nên anh học luôn mấy chiêu trò của họ rồi đúng không?
CommonEvents,515,Hシーン14,治療14,18+_治療,セラ,\C[4]セラ,"私の……あなたが好きという感情を利用するなんて、
卑怯な人です。",Lợi dụng tình cảm yêu thương của em dành cho anh đúng là đồ xảo quyệt.
CommonEvents,515,Hシーン14,治療14,18+_治療,セラ,\C[4]セラ,"……ですが、こうして相手の油断を誘う方法を
取得しているというのなら、まぁ、いいでしょう。",...Nhưng nếu anh đã học được cách dụ dỗ làm đối phương lơ đễnh thế này thì thôi được rồi.
CommonEvents,515,Hシーン14,治療14,18+_治療,セラ,\C[4]セラ,"そうやって言葉巧みに私を懐柔できたなら、
許してあげないこともありません。",Nếu anh dùng lời ngon tiếng ngọt thu phục được em thế này thì em cũng không phải không tha cho anh.
CommonEvents,515,Hシーン14,治療14,18+_治療,セラ,\C[4]セラ,"だから、ほら。
もっと言ってください。","Thế nên là, nào. Khen em nhiều hơn nữa đi."
CommonEvents,515,Hシーン14,治療14,18+_治療,,\N[1],"セ、セラさんが一番可愛くてエッチです！
モンスター娘なんかよりセラさんが良いです！","S-Sera là đáng yêu nhất, dâm mát nhất! So với Monster Girl thì em tuyệt hơn gấp bội!"
CommonEvents,515,Hシーン14,治療14,18+_治療,,\N[1],"だから、えっと……うぅっ、締め付けやばいぃ……っ！
気持ちい……っ、セラさん、好きぃ……っ！","Cho nên là, ờm... Ưu, cô bé siết chặt quá...! Sướng quá..., Sera ơi em thích lắm...!"
CommonEvents,515,Hシーン14,治療14,18+_治療,セラ,\C[4]セラ,………………。,...............
CommonEvents,515,Hシーン14,治療14,18+_治療,セラ,\C[4]セラ,\}……ばか。,...Đồ ngốc.
CommonEvents,515,Hシーン14,治療14,18+_治療,,\N[1],うぁぁっ、セラさん激し……っ！,"U a, Sera ơi mãnh liệt quá...!"
CommonEvents,515,Hシーン14,治療14,18+_治療,セラ,\C[4]セラ,"もういいです。
あなたの交渉力の高さは十分測れたので。",Được rồi. Năng lực đàm phán của anh em đã đo đạc đủ rồi.
CommonEvents,515,Hシーン14,治療14,18+_治療,セラ,\C[4]セラ,"最後にごめんなさいって気持ちを込めて
私の中でお精子を注いでくれたら許してあげます。",Cuối cùng anh hãy gửi gắm sự xin lỗi vào tinh dịch rồi trút hết vào trong em thì em sẽ tha cho anh.
CommonEvents,515,Hシーン14,治療14,18+_治療,セラ,\C[4]セラ,"ほら、イってください。
反省できるように私が根こそぎ搾り取ってさしあげます。","Nào, bắn tinh đi anh. Em sẽ vắt sạch sành sanh để anh biết ăn ăn kiểm điểm."
CommonEvents,515,Hシーン14,治療14,18+_治療,セラ,\C[4]セラ,"イっちゃえ……。
精子出せ……。",Bắn đi... Phun tinh dịch ra...
CommonEvents,515,Hシーン14,治療14,18+_治療,セラ,\C[4]セラ,……すき。,...Em thích anh lắm.
CommonEvents,515,Hシーン14,治療14,18+_治療,セラ,\C[4]セラ,"ん……っ♡
熱いの、出てる……♡",Ưm...♡ Nóng hổi trào ra rồi...♡
CommonEvents,515,Hシーン14,治療14,18+_治療,セラ,\C[4]セラ,これで弱い心を改めることができたましたか？,Thế này anh đã cải thiện được trái tim yếu đuối chưa?
CommonEvents,515,Hシーン14,治療14,18+_治療,セラ,\C[4]セラ,"これからは、私という専属ナースがいることを
忘れないでくださいね。",Từ nay về sau anh đừng quên là luôn có em - cô y tá riêng bên cạnh nhé.
CommonEvents,516,Hシーン15,治療15,18+_治療,セラ,\C[4]セラ,"全く情けないですね。
まさかここまでマゾがひどくなっているとは。",Thật là thảm hại quá đi. Không ngờ chứng cuồng M của anh lại nặng tới mức này.
CommonEvents,516,Hシーン15,治療15,18+_治療,セラ,\C[4]セラ,"少々可哀そうですが、もはやあなたをいじめつくして
負け癖を上書きするしかないようですね。",Dù hơi tội nghiệp nhưng có lẽ đành phải hành hạ anh tới cùng để ghi đè thói quen thua trận thôi nhỉ.
CommonEvents,516,Hシーン15,治療15,18+_治療,,\N[1],"なんだか楽しそうですけど
本当に可哀そうって思ってますか……？","Trông em có vẻ vui lắm mà, em thật sự thấy tội nghiệp cho tôi sao...?"
CommonEvents,516,Hシーン15,治療15,18+_治療,セラ,\C[4]セラ,"では今から、あなたのだーい好きな意地悪責めで
徹底的に教育してさしあげます。",Vậy từ bây giờ em sẽ dùng trò trêu chọc yêu thích của anh để giáo dục anh tới nơi tới chốn nhé.
CommonEvents,516,Hシーン15,治療15,18+_治療,セラ,\C[4]セラ,"これからあなたのマゾ性癖をさらに悪化させていきますが、
治療の方法は簡単です。","Từ giờ em sẽ làm chứng cuồng M của anh nặng thêm nữa, nhưng phương pháp trị liệu rất đơn giản."
CommonEvents,516,Hシーン15,治療15,18+_治療,セラ,\C[4]セラ,"無様な格好で射精し、
快楽と屈服を紐付けるんです。","Phương pháp đơn giản lắm, em sẽ cố tình làm cho anh vừa thấy sướng vừa thấy nhục nhã."
CommonEvents,516,Hシーン15,治療15,18+_治療,セラ,\C[4]セラ,"気持ち良いこと＝私にいじめてもらうことだと学習すれば、
他の女にはなびかなくなるはずですので。","Bị phụ nữ mắng rủa nhục nhã mà con cu vẫn cương cứng ngắc,"
CommonEvents,516,Hシーン15,治療15,18+_治療,セラ,\C[4]セラ,"では早速……はい。
あなたの顔、足置きにしてあげます。","sau đó trong tư thế thảm hại đó bị vắt sạch tinh dịch,"
CommonEvents,516,Hシーン15,治療15,18+_治療,セラ,\C[4]セラ,"くす……。
私に踏まれて鼻の下を伸ばすなんて、とっても格好悪いです。","bằng cách trải nghiệm điều đó hết lần này đến lần khác, cơ thể anh sẽ ghi nhớ rằng ""Thất bại chính là sự sung sướng nhất""."
CommonEvents,516,Hシーン15,治療15,18+_治療,セラ,\C[4]セラ,"今日は私の匂いをたっぷり味わいながらぴゅっぴゅして、
敗北する喜びを脳みそに覚え込ませていきましょうね。","Và rồi, sự kiêu hãnh như một người đàn ông của anh sẽ bị bóp nát không còn mảnh vụn."
CommonEvents,516,Hシーン15,治療15,18+_治療,セラ,\C[4]セラ,"そのまま挿入してください。
足から顔を離したらお仕置きですからね。","Một khi đã trở thành đồ M hoàn toàn không còn sự kiêu hãnh nam giới, anh sẽ không còn giận dữ hay tiếc nuối khi thua Monster Girl nữa."
CommonEvents,516,Hシーン15,治療15,18+_治療,セラ,\C[4]セラ,"んっ……おちんちん弱いからって腰を逃がすのは禁止ですよ。
では、あなたのへたくそピストンでえっち始めてください。","Thế nào, một phương pháp trị liệu tuyệt vời đúng không?"
CommonEvents,516,Hシーン15,治療15,18+_治療,セラ,\C[4]セラ,"……一応ですが、意地悪な言葉責めを継続しているだけであって、
本当はあなたのことを素敵だと思っていることはご留意ください。","Nào, mau lại đây với em nào...♡"
CommonEvents,516,Hシーン15,治療15,18+_治療,セラ,\C[4]セラ,"ん……。
相変わらず弱々しい腰使いですね。",Chụtttt... chẹp chẹp...♡
CommonEvents,516,Hシーン15,治療15,18+_治療,セラ,\C[4]セラ,"速く動かしたらすぐイっちゃう早漏だという自覚が
あるようで何よりです。","Ưm... ah♡
Sướng lắm đúng không? đồ M này...♡"
CommonEvents,516,Hシーン15,治療15,18+_治療,セラ,\C[4]セラ,"ですが手加減はしてあげません。
ほら、私の足の下で深呼吸してください。",Đồ M thảm hại tồi tệ...♡ Thua trước em làm anh thấy sướng lắm đúng không...♡
CommonEvents,516,Hシーン15,治療15,18+_治療,セラ,\C[4]セラ,"吸ってー……吐いてー……。
私のフェロモンを肺いっぱいに吸い込みなさい。",Con cu biến thái bị dẫm đạp mắng rủa lại cương to thêm rồi kìa...♡
CommonEvents,516,Hシーン15,治療15,18+_治療,セラ,\C[4]セラ,"おちんちんが中で硬くなりましたね。
こんなので喜ぶなんて本当にお馬鹿さん。",Bắn hết tinh dịch nhục nhã ra đi nào... phọt phọt...♡
CommonEvents,516,Hシーン15,治療15,18+_治療,セラ,\C[4]セラ,"普通の強ーい男の人は、こんな格好しないんですよ？
命令されたってこんな恥ずかしいことしませんから。",Ngoan lắm... em đã nuốt hết rồi.
CommonEvents,516,Hシーン15,治療15,18+_治療,セラ,\C[4]セラ,"あなたもいやいやーって顔を横に振らなくていいんですか？
このままだと私にくすくす笑われっぱなしですよ。",Bài trị liệu giáo dục Mazo kết thúc!
CommonEvents,516,Hシーン15,治療15,18+_治療,セラ,\C[4]セラ,"それとも、むしろ笑われたかったですか？
恥ずかしい気持ちで金玉さんをきゅんきゅんさせたいんですか？",Hôm nay em sẽ vừa dùng từ ngữ thô bạo mắng rủa vừa vắt kiệt tinh dịch của anh.
CommonEvents,516,Hシーン15,治療15,18+_治療,セラ,\C[4]セラ,"このマーゾ……♡
みっともない人ですね。",Em sẽ phơi bày toàn bộ sự yếu ớt và tính cách Mazo thảm hại của anh ra.
CommonEvents,516,Hシーン15,治療15,18+_治療,セラ,\C[4]セラ,"ふふ……びくびくしてる。
罵ってもらえて良かったですね。",Anh sẽ không thể làm gì ngoài việc run rẩy chịu đựng sự nhục nhã và sự sung sướng này.
CommonEvents,516,Hシーン15,治療15,18+_治療,セラ,\C[4]セラ,"踏む力も強くしてあげましょうか？
ほら、ぐりぐりぐり……。",Liệu anh có thể chịu đựng được sự sỉ nhục này không?
CommonEvents,516,Hシーン15,治療15,18+_治療,セラ,\C[4]セラ,"おや、踏めば踏むほど顔を強く押し付けてきますね。
抵抗しているつもりでしょうか？　くす……。","Nào, hãy chuẩn bị tinh thần đi nhé...♡"
CommonEvents,516,Hシーン15,治療15,18+_治療,セラ,\C[4]セラ,"そうやって女の子の足に負けない強いところを見せれば
もしかしたら見直してもらえるかもしれませんね？",Chụtttt... chẹp chẹp...♡
CommonEvents,516,Hシーン15,治療15,18+_治療,セラ,\C[4]セラ,"「足裏に負けずに勃起できてすごーい」、
「お顔がぺちゃんこになるまで押し付けて格好いいー」って。","Ưm... ah♡
Bắn hết tinh dịch thảm hại của tên M yếu ớt ra đi nào...♡"
CommonEvents,516,Hシーン15,治療15,18+_治療,セラ,\C[4]セラ,"だから、もっと愛おしそうに頬ずりするところ見せてください。
私の足に犬みたいに懐いちゃってください。",Ngoan lắm... em đã nuốt hết rồi.
CommonEvents,516,Hシーン15,治療15,18+_治療,セラ,\C[4]セラ,"よしよし、お顔潰すのお上手ですねー。
マゾらしい馬鹿みたいな表情になっていますよ。",Bài trị liệu giáo dục thô bạo kết thúc!
CommonEvents,516,Hシーン15,治療15,18+_治療,セラ,\C[4]セラ,"そのまま匂いも吸ってみましょうねー。
はい、吸って～……。",Từ bây giờ em sẽ dùng bàn tay mút cu cho anh nhé.
CommonEvents,516,Hシーン15,治療15,18+_治療,セラ,\C[4]セラ,"こーら、腰引いちゃだめって最初に言いましたよね？
情けない勃起しても隠すの禁止です。",Sụt sịt... sụt sịt...
CommonEvents,516,Hシーン15,治療15,18+_治療,セラ,\C[4]セラ,"マゾ丸出しの格好で興奮してるの見てもらって、
たくさん馬鹿にしてもらいましょうね。",Anh thích được em chăm sóc con cu thế này đúng không?
CommonEvents,516,Hシーン15,治療15,18+_治療,,\N[1],で、でもっ、すぐイきそうになってしまうので……っ。,Nhìn cái mặt dâm mát của anh kìa.
CommonEvents,516,Hシーン15,治療15,18+_治療,セラ,\C[4]セラ,"ふむ……仕方ありませんね。
それなら……、",Con cu của anh đang giật giật đòi hỏi thêm kìa.
CommonEvents,516,Hシーン15,治療15,18+_治療,セラ,\C[4]セラ,"さっさと腰振れ。
このマゾ……♡","Được rồi, em sẽ mút cu thật nhiệt tình cho anh nhé... Mút chụt chụt...♡"
CommonEvents,516,Hシーン15,治療15,18+_治療,セラ,\C[4]セラ,"ふふ……速くなりました。ちゃんと命令には従うんですね。
賢い負け犬さんです。","Ưm... ah♡
Bắn tinh dịch ra đi nào... đồ biến thái...♡"
CommonEvents,516,Hシーン15,治療15,18+_治療,セラ,\C[4]セラ,"必死に下手っぴなピストンして可愛いですよ。
格好良さとは無縁ですが。",Ngoan lắm... em đã nhận hết tinh dịch của anh rồi.
CommonEvents,516,Hシーン15,治療15,18+_治療,セラ,\C[4]セラ,"知っていますか？
普通は強い腰振りで女の子を喘がせるものなんですよ？",Trị liệu giáo dục Mazo hoàn tất!
CommonEvents,516,Hシーン15,治療15,18+_治療,セラ,\C[4]セラ,"自分で腰を振って自分が追い詰められるなんて
ありえないことなんですが……、",Mặc dù anh đang là bên bị cưỡng bức nhưng trông anh có vẻ tận hưởng lắm đấy.
CommonEvents,516,Hシーン15,治療15,18+_治療,セラ,\C[4]セラ,"おちんちんが弱いとそうなってしまうんですね。
とても滑稽ですよ。",Có phải vì bị em sỉ nhục mắng rủa mà lòng tự trọng của anh thấy sướng lắm đúng không?
CommonEvents,516,Hシーン15,治療15,18+_治療,セラ,\C[4]セラ,"私はただ寝転がって足を休ませているだけなのに、
あなたは歯を食いしばりながらひぃひぃと嬌声をあげている……。",Anh thật là biến thái quá đi.
CommonEvents,516,Hシーン15,治療15,18+_治療,セラ,\C[4]セラ,どちらが敗北しているかは火を見るよりも明らかです。,Nhưng không sao cả. Với tư cách y tá riêng em sẽ đáp ứng mong muốn đó của anh.
CommonEvents,516,Hシーン15,治療15,18+_治療,セラ,\C[4]セラ,"でも、このままただ気持ちよく果てるだけでは
治療として生易しすぎます。",Em sẽ tiếp tục mắng rủa thật nhiều để con cu của anh càng cứng ngắc hơn nữa.
CommonEvents,516,Hシーン15,治療15,18+_治療,セラ,\C[4]セラ,"もっと丁寧にあなたの心を嬲らなければ、
私への負け癖が定着しませんから。","Nào, lôi con cu thảm hại ra đây đi đồ M."
CommonEvents,516,Hシーン15,治療15,18+_治療,セラ,\C[4]セラ,"なので……ちゃんと私に降伏して、
はしたなく射精懇願をするところ、笑ってもらいましょうか。",Sụt sịt... sụt sịt...
CommonEvents,516,Hシーン15,治療15,18+_治療,セラ,\C[4]セラ,"恥をかいてますます精子が濃くなる経験をして、
この人には勝てないっておちんちんに覚え込ませるんです。",Nhìn biểu cảm mếu máo vì sướng của anh kìa. Đáng yêu cực kỳ luôn.
CommonEvents,516,Hシーン15,治療15,18+_治療,セラ,\C[4]セラ,"では、私に足蹴にされたそのお顔で私を見つめて、
「射精させてください、お願いします」と言ってください。","Đã yếu ớt lại còn nghiện bị hành hạ, anh đúng là hết thuốc chữa rồi."
CommonEvents,516,Hシーン15,治療15,18+_治療,,\N[1],う……っ、そ、その……っ。,Nhưng chính vì anh thảm hại như thế em mới muốn chiều chuộng và hành hạ anh nhiều hơn.
CommonEvents,516,Hシーン15,治療15,18+_治療,セラ,\C[4]セラ,"声が小さいですよ。
誠心誠意、私への忠誠の意志を込めて言いなさい。","Nào, hãy để em vắt sạch tinh dịch của tên M thảm hại này nhé."
CommonEvents,516,Hシーン15,治療15,18+_治療,セラ,\C[4]セラ,ほら、早く言えよマゾ……♡,Mút mút chẹp chẹp...♡
CommonEvents,516,Hシーン15,治療15,18+_治療,[Choice],[Choice],射精させてください、お願いします,"Ưm... ah♡
Bắn hết tinh dịch nhục nhã ra đi nào...♡"
CommonEvents,516,Hシーン15,治療15,18+_治療,セラ,\C[4]セラ,"くす……♡
いい子です♡",Ngoan lắm... em đã nuốt hết rồi.
CommonEvents,516,Hシーン15,治療15,18+_治療,セラ,\C[4]セラ,"男の子のプライド、私に優しくへし折ってもらえて
嬉しいですね。",Lòng tự trọng của nam giới được em dịu dàng bóp nát chắc anh vui lắm nhỉ.
CommonEvents,516,Hシーン15,治療15,18+_治療,セラ,\C[4]セラ,"じゃあ、お射精許可してあげますね。
私に感謝しながら精子をひりだしてください。","Được rồi, em cho phép anh bắn tinh đấy. Hãy vừa cảm ơn em vừa phọt tinh dịch ra đi."
CommonEvents,516,Hシーン15,治療15,18+_治療,セラ,\C[4]セラ,"さっさとイけ……♡
このばーか……♡",Mau chóng bắn đi... Đồ ngốc này...♡
CommonEvents,516,Hシーン15,治療15,18+_治療,セラ,\C[4]セラ,"ん……っ♡
出てる……♡",Ưm...♡ Trào ra rồi...♡
CommonEvents,516,Hシーン15,治療15,18+_治療,セラ,\C[4]セラ,"ふふ……♡　こんなに精液を濃く煮詰めてたんですか？♡
本当に可愛い人……♡",Hì hì...♡ Tinh dịch quánh đặc bị nấu nhừ thế này sao?♡ Đúng là một người đáng yêu...♡
CommonEvents,516,Hシーン15,治療15,18+_治療,セラ,\C[4]セラ,"これであなたの性癖がまた一つ、
私のせいで歪められちゃいましたね……♡",Thế là gu tình dục của anh lại thêm một phần bị em làm cho lệch lạc rồi nhé...♡
CommonEvents,517,Hシーン16,治療16,18+_治療,セラ,\C[4]セラ,"あなたは寸止めをされるとすぐに
心が折れてしまうようですね。",Anh cứ hễ bị ngắt nhịp hãm phanh là tâm trí lại lập tức suy sụp nhỉ.
CommonEvents,517,Hシーン16,治療16,18+_治療,セラ,\C[4]セラ,"なら、今から徹底的に寸止めし尽くしてさしあげますので、
これで耐性を付けてください。","Thế thì bây giờ em sẽ triệt để hãm phanh ngắt nhịp anh tới cùng, qua đó anh hãy luyện tập khả năng chống chịu đi nhé."
CommonEvents,517,Hシーン16,治療16,18+_治療,セラ,\C[4]セラ,容赦はしないつもりですので……覚悟してくださいね。,Em không có ý định nương tay đâu... Nên anh hãy chuẩn bị tinh thần đi.
CommonEvents,517,Hシーン16,治療16,18+_治療,セラ,\C[4]セラ,"これからつらい目に合うと分かっているのに
こんなに勃起して……。",Biết rõ sắp sửa trải qua khổ sở thế mà con cu vẫn cương cứng ngắc thế này...
CommonEvents,517,Hシーン16,治療16,18+_治療,セラ,\C[4]セラ,"いじめてもらうのそんなに楽しみですか？
可愛いですね。",Anh trông chờ được em hành hạ đến thế sao? Đáng yêu quá đi.
CommonEvents,517,Hシーン16,治療16,18+_治療,セラ,\C[4]セラ,では、お望みどおりたくさん意地悪してあげます。,Vậy thì đúng như anh mong muốn em sẽ trêu chọc anh thật nhiều nhé.
CommonEvents,517,Hシーン16,治療16,18+_治療,セラ,\C[4]セラ,"しこしこ、しこしこ……。
おちんちんとっても硬いですね。","Sụt sịt, sụt sịt... Con cu của anh cứng ngắc thật đấy."
CommonEvents,517,Hシーン16,治療16,18+_治療,セラ,\C[4]セラ,"あなたの胸板に押し付けたおっぱい越しに
胸の鼓動も伝わってきます。","Xuyên qua cặp ngực em đang áp chặt vào ngực anh, em cảm nhận được rõ mồng một nhịp tim đập liên hồi của anh."
CommonEvents,517,Hシーン16,治療16,18+_治療,セラ,\C[4]セラ,"オカズとして乳首もお見せしていますので、
好きなだけドキドキしてください。",Em cũng đang để lộ núm vú làm mồi ngon cho anh nhìn nên anh cứ việc hồi hộp tùy thích nhé.
CommonEvents,517,Hシーン16,治療16,18+_治療,セラ,\C[4]セラ,"興奮すればするほどより寸止めがきつくなりますから、
治療の効果も大きくなります。","Càng hưng phấn thì hiệu quả hãm phanh ngắt nhịp lại càng mãnh liệt, bài trị liệu lại càng có hiệu quả cao."
CommonEvents,517,Hシーン16,治療16,18+_治療,セラ,\C[4]セラ,"快楽をお預けされる苦痛で身体をジタバタさせて、
赤子のようにおねだりする状態まで追い詰めるのが理想です。","Lý tưởng nhất là khiến anh quẫy đạp cơ thể vì khổ sở do bị giam hãm sự sung sướng, rồi giãy giụa xin xỏ như một đứa trẻ sơ sinh."
CommonEvents,517,Hシーン16,治療16,18+_治療,セラ,\C[4]セラ,"……おや、想像してしまいましたか？
鼻息が荒くなっていますよ。","...Ô kìa, anh vừa tưởng tượng ra cảnh đó đúng không? Hơi thở dồn dập lên rồi kìa."
CommonEvents,517,Hシーン16,治療16,18+_治療,セラ,\C[4]セラ,"良い傾向です。
私の治療に芯まで染められてきている証拠ですよ。",Xu hướng tốt đấy. Bằng chứng cho thấy anh đang bị bài trị liệu của em ngấm vào tận xương tủy rồi đấy.
CommonEvents,517,Hシーン16,治療16,18+_治療,セラ,\C[4]セラ,"他の女性とするよりもずっと気持ちよくなれると身体が覚えれば、
モンスター娘など眼中にも無くなりますからね。","Một khi cơ thể đã ghi nhớ rằng làm với em sướng hơn gấp bội so với làm với người phụ nữ khác, thì Monster Girl anh sẽ chẳng buồn để vào mắt nữa."
CommonEvents,517,Hシーン16,治療16,18+_治療,セラ,\C[4]セラ,"今日はねっとりしつこいいじめ方で
快楽が心に沁みついて取れないようにしてあげます。",Hôm nay em sẽ dùng cách hành hạ quánh dính dai dẳng để sự sung sướng thấm sâu vào tim anh không bao giờ phai nhạt.
CommonEvents,517,Hシーン16,治療16,18+_治療,セラ,\C[4]セラ,"そろそろイっちゃいそうですか？
早漏さんは寸止め治療が楽で助かります……ふふ。",Sắp bắn tinh đến nơi rồi đúng không? Người xuất tinh sớm như anh trị liệu hãm phanh ngắt nhịp đỡ tốn sức thật đấy... hì hì.
CommonEvents,517,Hシーン16,治療16,18+_治療,セラ,\C[4]セラ,"限界まで精子をのぼらせてくださいね。
そうしたら私が……、",Hãy dâng tinh dịch lên tới đỉnh điểm đi nhé. Đợi đến lúc đó em sẽ...
CommonEvents,517,Hシーン16,治療16,18+_治療,セラ,\C[4]セラ,こうやって、無慈悲に寸止めしてあげますから。,Dùng cách này hãm phanh ngắt nhịp anh một cách nhẫn tâm thế này đây.
CommonEvents,517,Hシーン16,治療16,18+_治療,セラ,\C[4]セラ,"そんなに腰をもじもじさせて悶絶して……。
とっても愛らしくて素敵です。",Hông giật giật tréo qua lại quằn quại khổ sở kìa... Trông đáng yêu ngọt ngào cực kỳ luôn.
CommonEvents,517,Hシーン16,治療16,18+_治療,セラ,\C[4]セラ,"ですが、どれだけ可愛くおねだりしようと
射精はさせてあげません。",Nhưng dù anh có xin xỏ đáng yêu thế nào em cũng không cho anh bắn tinh đâu.
CommonEvents,517,Hシーン16,治療16,18+_治療,セラ,\C[4]セラ,"今日は延々と精子を煮詰めて
切ない気持ちでいっぱいになりましょうね。",Hôm nay chúng ta sẽ liên tục nấu nhừ tinh dịch và đắm chìm trong cảm giác tiếc nuối ngập tràn nhé.
CommonEvents,517,Hシーン16,治療16,18+_治療,セラ,\C[4]セラ,"さて、射精感は収まりましたか？
ではしこしこ再開します。","Được rồi, cảm giác bắn tinh đã lắng xuống chưa? Thế em lại tiếp tục sụt sịt sóc cu nhé."
CommonEvents,517,Hシーン16,治療16,18+_治療,セラ,\C[4]セラ,"しこしこしこしこ……。
少し休憩しましたが硬いままですね。","Sụt sịt, sụt sịt... Dù tạm nghỉ một chút nhưng con cu vẫn cứng ngắc kìa."
CommonEvents,517,Hシーン16,治療16,18+_治療,セラ,\C[4]セラ,"ですが、治療のためにはもっともっと硬く勃起させて
おちんちんを追い詰める必要があります。",Nhưng vì trị liệu em cần phải làm con cu cương cứng hơn nữa và dồn ép nó tới vạch giới hạn.
CommonEvents,517,Hシーン16,治療16,18+_治療,セラ,\C[4]セラ,ですので……こちらも同時にいじめていきましょうか。,Cho nên... Chúng ta cùng lúc trêu chọc cả chỗ này nữa nhé.
CommonEvents,517,Hシーン16,治療16,18+_治療,セラ,\C[4]セラ,"あむ……。
れろ、れろ……。",Chụt... Liếm liếm...
CommonEvents,517,Hシーン16,治療16,18+_治療,セラ,\C[4]セラ,"乳首を絡めとるように、じゅるる……。
唾液たっぷりで舐めしゃぶっていきます。",Dùng lưỡi cuốn lấy núm vú... chụt chụt... Dùng thật nhiều nước bọt liếm mút ngọt ngào.
CommonEvents,517,Hシーン16,治療16,18+_治療,セラ,\C[4]セラ,"れろ、ちゅっ……こちらも小さいながら勃起していますね。
女の子の舌の感触を受けようと必死になっていますよ。","Liếm liếm, chụt... Bên này tuy nhỏ nhắn nhưng cũng cứng ngắc lên rồi kìa. Đang cố gắng đón nhận cảm giác từ lưỡi con gái đấy."
CommonEvents,517,Hシーン16,治療16,18+_治療,セラ,\C[4]セラ,"こんな風に弱いところをアピールされては、
私も可愛がらずにはいられませんね。ちゅっ、じゅるる……。","Bị phơi bày điểm yếu thế này làm sao em cưỡng lại ham muốn chiều chuộng anh được chứ. Chụt, chụt chụt..."
CommonEvents,517,Hシーン16,治療16,18+_治療,セラ,\C[4]セラ,"こうして抱き寄せるような恰好をしていると、
身体の小さな反応までよく伝わってきます。",Tư thế ôm chặt thế này làm mọi phản ứng nhỏ nhất trên cơ thể anh đều truyền sang em rõ mồng một.
CommonEvents,517,Hシーン16,治療16,18+_治療,セラ,\C[4]セラ,"胸を舐め上げられる度にぴく、ぴくと弱々しく反応して、
マゾであることを全く隠せていませんね。","Mỗi lần được liếm mút ngực là con cu lại giật giật phản ứng yếu ớt, hoàn toàn không giấu nổi bản chất Mazo."
CommonEvents,517,Hシーン16,治療16,18+_治療,セラ,\C[4]セラ,"いくら身体をくねらせようと、おっぱいで押さえつけているので
無駄ですよ。観念してください。",Dù anh có uốn tréo người thế nào thì bị cặp ngực em đè chặt lại rồi nên vô ích thôi. Chấp nhận số phận đi.
CommonEvents,517,Hシーン16,治療16,18+_治療,セラ,\C[4]セラ,"あなたができることは金玉さんをいらいらさせて
精液を濃くすることだけです。",Điều anh có thể làm lúc này chỉ là làm hai hòn ngọc giận dữ ấm ức để nấu tinh dịch đậm đặc hơn thôi.
CommonEvents,517,Hシーン16,治療16,18+_治療,セラ,\C[4]セラ,"そうして溜めた子種を吐き出す最高の射精を夢見ながら、
瞳をうるませていればいいんです。","Rồi vừa mơ về màn bắn tinh tuyệt vời nhất khi được trút sạch con giống, vừa giương đôi mắt ứa lệ ra nhìn em thôi."
CommonEvents,517,Hシーン16,治療16,18+_治療,セラ,\C[4]セラ,"……と、そろそろまたお精子がのぼってきたみたいですね。
私の目を盗んで出そうとしても絶対に無理ですよ。","...Ồ, có vẻ tinh dịch lại trào dâng lên rồi nhỉ. Anh định thừa lúc em lơ đễnh để lén bắn tinh ra là tuyệt đối không thể đâu nhé."
CommonEvents,517,Hシーン16,治療16,18+_治療,セラ,\C[4]セラ,"あなたがイく時の反応なんて、このあなた専属ナースに
ぜーんぶ把握されちゃってますからね。",Phản ứng của anh khi sắp bắn tinh đã bị cô y tá riêng này nắm sạch sành sanh rồi mà.
CommonEvents,517,Hシーン16,治療16,18+_治療,セラ,\C[4]セラ,"もう出そうですね。だめだめ～って足ばたばたしちゃいますね。
イくイくイっちゃう、お精子出るでる～……。","Sắp bắn ra rồi đúng không. Chân giãy giụa bảo ""Không được không được"" rồi kìa. Lên đỉnh lên đỉnh, tinh dịch trào ra trào ra..."
CommonEvents,517,Hシーン16,治療16,18+_治療,セラ,\C[4]セラ,"……ストップ。
寸止めです。",...Dừng lại. Hãm phanh ngắt nhịp.
CommonEvents,517,Hシーン16,治療16,18+_治療,セラ,\C[4]セラ,"はい、精液せき止めるのお上手ですね。
格好いいですよ。","Vâng, ngăn dòng tinh dịch giỏi lắm. Ngầu lắm đấy."
CommonEvents,517,Hシーン16,治療16,18+_治療,セラ,\C[4]セラ,"おちんちんが必死に跳ねてる……。
刺激をないないされて辛いんですね。",Con cu giật giật bần bật kìa... Bị tước mất sự kích thích khổ sở lắm đúng không.
CommonEvents,517,Hシーン16,治療16,18+_治療,セラ,\C[4]セラ,じゃあまたしごいてあげます。,Thế em lại sóc cu cho anh nhé.
CommonEvents,517,Hシーン16,治療16,18+_治療,セラ,\C[4]セラ,"くす……射精感まだ引いてないのに
手コキ再開されましたね。",Hì hì... Cảm giác bắn tinh còn chưa tan hết mà đã bị sóc cu tiếp rồi kìa.
CommonEvents,517,Hシーン16,治療16,18+_治療,セラ,\C[4]セラ,"お精子が名残惜しそう金玉さんに戻ってる途中だったのに、
女の子の気まぐれ一つでまた引き戻されちゃいますね。",Tinh dịch đang luyến tiếc quay trở lại hai hòn ngọc thì chỉ vì một ý thích bất chợt của con gái lại bị lôi kéo trở lại kìa.
CommonEvents,517,Hシーン16,治療16,18+_治療,セラ,\C[4]セラ,"大切な子種をもてあそばれて嬉しいですか？
嬉しいですよね、あなたは可愛い可愛いマゾですから。","Con giống quan trọng bị trêu chọc đùa giỡn anh có vui không? Vui đúng không, vì anh là một đứa trẻ Mazo đáng yêu mà."
CommonEvents,517,Hシーン16,治療16,18+_治療,セラ,\C[4]セラ,"ほーら、イくイくイく……。
精子搾り取られちゃう～……。","Nào nào, lên đỉnh lên đỉnh... Tinh dịch bị vắt kiệt ra nào..."
CommonEvents,517,Hシーン16,治療16,18+_治療,セラ,\C[4]セラ,"はい、射精は禁止。
イってはいけません。","Được rồi, cấm bắn tinh. Không được phép bắn."
CommonEvents,517,Hシーン16,治療16,18+_治療,セラ,\C[4]セラ,"よしよし……何度も何度も大好きなお射精を
取り上げられてつらいですね。",Ngoan ngoan... Hết lần này đến lần khác bị tước mất màn bắn tinh yêu thích khổ sở quá nhỉ.
CommonEvents,517,Hシーン16,治療16,18+_治療,セラ,\C[4]セラ,"歯を食いしばって、よだれまで垂らして……。
真摯に治療へ取り組んでいただけて嬉しいです。",Bài trị liệu hãm phanh tra tấn nhẫn nại kết thúc!
CommonEvents,517,Hシーン16,治療16,18+_治療,セラ,\C[4]セラ,"よく頑張りましたよ。
では、そろそろご褒美に射精させてあげましょうか。",Anh vất vả rồi.
CommonEvents,517,Hシーン16,治療16,18+_治療,セラ,\C[4]セラ,"おちんちんがぴくってしましたね。
可愛い……。",Chịu đựng liên tục thế này khổ sở lắm đúng không?
CommonEvents,517,Hシーン16,治療16,18+_治療,セラ,\C[4]セラ,"可愛い子は優しくぴゅっぴゅまで
導いてあげたくなっちゃいますね。",V-Vâng... Khổ lắm ạ...
CommonEvents,517,Hシーン16,治療16,18+_治療,セラ,\C[4]セラ,"たくさんいじめて申し訳ありませんでした。
愛情たっぷりの乳首舐め手コキでイってくださいね。",Ngoan lắm. Vậy thì em thưởng cho anh bắn tinh nhé.
CommonEvents,517,Hシーン16,治療16,18+_治療,セラ,\C[4]セラ,"しこしこしこしこ……。
イっていいですよ……たくさんびゅーってしましょうね。","Nào, bắn hết tinh dịch nhẫn nại tích tụ ra đi nào...♡"
CommonEvents,517,Hシーン16,治療16,18+_治療,セラ,\C[4]セラ,3、2、1……。,Chụtttt... chẹp chẹp...♡
CommonEvents,517,Hシーン16,治療16,18+_治療,セラ,\C[4]セラ,"ストップ。
イくな、このばーか。","Ưm... ah♡
Bắn hết tinh dịch ra đi nào... ngoan lắm...♡"
CommonEvents,517,Hシーン16,治療16,18+_治療,セラ,\C[4]セラ,"くす……くすくすくす……♡
良いお顔をしてますよ……♡",Ngoan lắm... em đã nuốt hết rồi.
CommonEvents,517,Hシーン16,治療16,18+_治療,セラ,\C[4]セラ,"裏切られてショックな気持ちと、意地悪されて嬉しい気持ちの
両方でいっぱいいっぱいなんですね……♡",Trị liệu hãm phanh nhẫn nại hoàn tất!
CommonEvents,517,Hシーン16,治療16,18+_治療,セラ,\C[4]セラ,"まったく。相手の言うことを素直に信じてはいけませんよ？
でないと、こうやって遊ばれてしまいますから。",Hôm nay em sẽ tiến hành bài trị liệu cọ xát lòng bàn chân trong trang phục Bunny Girl.
CommonEvents,517,Hシーン16,治療16,18+_治療,セラ,\C[4]セラ,"それでは今度こそとどめを刺してあげますね。
マゾの弱虫さん……♡",Bunny Girl cọ xát bằng chân sao...?
CommonEvents,517,Hシーン16,治療16,18+_治療,セラ,\C[4]セラ,"もう寸止めはなしです。
本気手コキで瞬殺してさしあげます。",Vâng. Em sẽ dùng lòng bàn chân trơn mịn cọ xát trêu chọc con cu của anh.
CommonEvents,517,Hシーン16,治療16,18+_治療,セラ,\C[4]セラ,"ほら、私に散々いたぶられて濃縮されたお精子、
一滴残らず私に捧げてください。",Anh sẽ cảm nhận được sự nhục nhã và sướng rần người khi bị dẫm đạp trêu chọc bằng chân.
CommonEvents,517,Hシーン16,治療16,18+_治療,セラ,\C[4]セラ,"お射精どうぞ。
ぴゅっぴゅ～……♡",Liệu anh có thể nhẫn nại được sự cám dỗ của cô nàng Bunny này không?
CommonEvents,517,Hシーン16,治療16,18+_治療,セラ,\C[4]セラ,"はい、お疲れ様でした。
今日は特に頑張りましたね。","Nào, chúng ta bắt đầu thôi...♡"
CommonEvents,517,Hシーン16,治療16,18+_治療,セラ,\C[4]セラ,"シャワーを浴びた後、アフターケアとして
たくさん甘やかしてさしあげますからね。",Chụtttt... chẹp chẹp...♡
CommonEvents,518,Hシーン17,治療17,18+_治療,セラ,\C[4]セラ,"あーあ、負けてしまいましたね。
こんな調子では全財産を搾り取られてしまいますよ。","Ưm... ah♡
Sướng lắm đúng không? đồ M này...♡"
CommonEvents,518,Hシーン17,治療17,18+_治療,セラ,\C[4]セラ,"そうなる前に、このあなた専属バニーガールに
耐性を付けてもらいましょうね。",Hãy để em dùng lòng bàn chân cưng nựng con cu của anh nhé...♡
CommonEvents,518,Hシーン17,治療17,18+_治療,セラ,\C[4]セラ,"色仕掛けで負かされた挙句、このような体勢にさせられるとは
男性にとってかなりの屈辱ではないでしょうか。",Bắn tinh dịch ra đi nào... ngoan lắm.
CommonEvents,518,Hシーン17,治療17,18+_治療,セラ,\C[4]セラ,"そうですね……そんな可哀そうなあなたに、
今回はチャンスをあげましょう。","Ưm... nuốt ực...♡
Cảm ơn anh vì buổi trị liệu tuyệt vời nhé...♡"
CommonEvents,518,Hシーン17,治療17,18+_治療,セラ,\C[4]セラ,"今から行う追加治療に耐えることができれば、
特別にバニーガール治療はクリアということにして差し上げます。",Bài trị liệu cọ xát chân Bunny Girl kết thúc!
CommonEvents,518,Hシーン17,治療17,18+_治療,セラ,\C[4]セラ,加えて、治療中にいただいたお金もお返ししましょう。,Hôm nay em sẽ đóng vai cô nàng Bunny sòng bài để trêu chọc anh.
CommonEvents,518,Hシーン17,治療17,18+_治療,セラ,\C[4]セラ,"無論、私の足コキに
耐えられればのお話ですが。",Em sẽ dùng lòng bàn chân trơn mịn cọ xát quy đầu và thân cu của anh.
CommonEvents,518,Hシーン17,治療17,18+_治療,セラ,\C[4]セラ,"しこ、しこ……しこ、しこ……。
私の生足の踏まれ心地はいかがでしょうか。",Anh phải nhẫn nại không được bắn tinh cho tới khi em cho phép.
CommonEvents,518,Hシーン17,治療17,18+_治療,セラ,\C[4]セラ,"少々足が蒸れていて恥ずかしいですが、
あなたのおちんちんへの施術に問題はなさそうです。",Liệu anh có thể cưỡng lại sự cám dỗ của Bunny sòng bài không?
CommonEvents,518,Hシーン17,治療17,18+_治療,セラ,\C[4]セラ,"この硬さから鑑みるに、
むしろ蒸れている方が嬉しい、とまで思っていそうですね。","Nào, chúng ta bắt đầu sòng bài thôi...♡"
CommonEvents,518,Hシーン17,治療17,18+_治療,セラ,\C[4]セラ,"オカズにするのは構いませんが、こんな調子で
耐えきることができるのでしょうか。",Chụtttt... chẹp chẹp...♡
CommonEvents,518,Hシーン17,治療17,18+_治療,セラ,\C[4]セラ,"これから私にもっと誘惑されるというのに、
先行き不安ですね。","Ưm... ah♡
Bắn hết tinh dịch nộp phạt cho sòng bài đi nào...♡"
CommonEvents,518,Hシーン17,治療17,18+_治療,セラ,\C[4]セラ,"……どんなことをしてもらえるか、楽しみですか？
そういう顔をしていますよ。",Ngoan lắm... em đã nuốt hết rồi.
CommonEvents,518,Hシーン17,治療17,18+_治療,セラ,\C[4]セラ,"そうですね……では、この服を着てから
あなたがずっと気になっているであろうものを使いましょうか。",Bài trị liệu Bunny sòng sới kết thúc!
CommonEvents,518,Hシーン17,治療17,18+_治療,セラ,\C[4]セラ,"こちらの、胸の先端に貼っているニップレス……。
診療室に入った時からちらちらと見ていましたよね？",Trò sòng bài hôm nay thế nào? Anh có muốn tiếp tục trò chơi không?
CommonEvents,518,Hシーン17,治療17,18+_治療,セラ,\C[4]セラ,"今更目を逸らしても遅いですよ。
うっすら見える乳輪を目で追っていたのでしょう？",Tiếp tục trò chơi sao...?
CommonEvents,518,Hシーン17,治療17,18+_治療,セラ,\C[4]セラ,"このバニー服の胸のところをめくってもらって、
もっとじっくり見たくはありませんか？","Vâng. Nếu anh muốn, em sẽ cho anh xem thứ gì đó tuyệt vời hơn nữa."
CommonEvents,518,Hシーン17,治療17,18+_治療,セラ,\C[4]セラ,"……ここからでも唾を飲み込んだのが見えましたよ。
素直な人。",Nhưng anh phải trả giá bằng việc bắn tinh nộp phạt cho em đấy.
CommonEvents,518,Hシーン17,治療17,18+_治療,セラ,\C[4]セラ,"ですが、オカズを提供されれば、射精を速めて
自分の首を絞めることになりかねません。",Anh có muốn xem không?
CommonEvents,518,Hシーン17,治療17,18+_治療,セラ,\C[4]セラ,"失敗すれば奪われたお金は戻ってきませんので、
あなたの賢い頭でよーく考えてくださいね。","Nào, hãy lựa chọn đi...♡"
CommonEvents,518,Hシーン17,治療17,18+_治療,セラ,\C[4]セラ,間違っても、「ここ」で考えてはいけません。,"Vốn dĩ bị trêu chọc bóc ngắn nuôi dài trong trang phục thế này đã nhục nhã lắm rồi,"
CommonEvents,518,Hシーン17,治療17,18+_治療,,\N[1],"うぁ……っ！
セラさんっ、それ速いっ……やめて……っ！",thế mà anh lại còn bị ép phải cá cược bản lĩnh nam giới nữa.
CommonEvents,518,Hシーン17,治療17,18+_治療,セラ,\C[4]セラ,"何をやめるんですか？
私はただ足コキをしているだけですよ？",Nếu là một người đàn ông có lòng tự trọng bình thường chắc chắn sẽ từ chối ngay lập tức.
CommonEvents,518,Hシーン17,治療17,18+_治療,セラ,\C[4]セラ,"足で速めにおちんちんをちゅこちゅこされたって
強い男の人なら正常な判断ができますよね？",Nhưng với một tên Mazo như anh thì sự nhục nhã này lại là phần thưởng lớn nhất đúng không nào?
CommonEvents,518,Hシーン17,治療17,18+_治療,セラ,\C[4]セラ,"膨らんだニップレスを見て、勃起した乳首を想像しながら
しごいてもらう方が気持ちいいに決まってますよね？","Nào, anh chọn thế nào đây?"
CommonEvents,518,Hシーン17,治療17,18+_治療,,\N[1],"うぅ……っ！
ま、待って……！","Ưu...! Xin, xin chờ đã...!"
CommonEvents,518,Hシーン17,治療17,18+_治療,セラ,\C[4]セラ,"オカズを恵んでもらいながら
ぴゅっぴゅ～……ってしたいでしょう？",Anh muốn được ban cho miếng mồi ngon rồi bắn phọt phọt tinh dịch đúng không?
CommonEvents,518,Hシーン17,治療17,18+_治療,セラ,\C[4]セラ,"ほら、見せて欲しいですって
頑張ってバニーさんにお願いしましょうね。せーの……。","Nào, hãy cố gắng cầu xin cô nàng Bunny cho xem đi nào. 1 2 3..."
CommonEvents,518,Hシーン17,治療17,18+_治療,[Choice],[Choice],み、見せて欲しいです……！,E-Em muốn xem ạ...!
CommonEvents,518,Hシーン17,治療17,18+_治療,セラ,\C[4]セラ,"……くす。
お馬鹿さんですね。",...Hì hì. Đúng là đồ ngốc mà.
CommonEvents,518,Hシーン17,治療17,18+_治療,セラ,\C[4]セラ,"あーあ、おちんちんがさらに硬くなってしまいました。
わざと自分に不利な行動をするなんて駄目じゃないですか。","Ôi dội, con cu lại cứng ngắc hơn nữa rồi. Tự mình làm hành động bất lợi cho bản thân đúng là không được chút nào."
CommonEvents,518,Hシーン17,治療17,18+_治療,セラ,\C[4]セラ,"まぁでも、お射精をしなければいいんですもんね？
まだまだあなたには挽回のチャンスがあります。",Nhưng mà chỉ cần không bắn tinh là được đúng không? Anh vẫn còn cơ hội gỡ gạc đấy.
CommonEvents,518,Hシーン17,治療17,18+_治療,セラ,\C[4]セラ,"胸を見せられたくらいなら、
耐えることができるはずです。","Mới chỉ cho xem ngực thôi mà, chắc anh chịu đựng được đúng không."
CommonEvents,518,Hシーン17,治療17,18+_治療,セラ,\C[4]セラ,"この状態で、カリをいじめるように
足裏をぴっとりくっつけられたって平気ですよね？","Trong trạng thái này, dù bị lòng bàn chân áp chặt trêu chọc quy đầu anh vẫn bình thản đúng không?"
CommonEvents,518,Hシーン17,治療17,18+_治療,セラ,\C[4]セラ,"おや、そうやってよだれを垂らして情けない顔をするのは
私を油断させるための演技でしょうか。","Ồ, giọt dãi chảy ra nét mặt thảm hại thế kia có phải là diễn xuất để em lơ đễnh đúng không?"
CommonEvents,518,Hシーン17,治療17,18+_治療,セラ,\C[4]セラ,"さすがあなたです。
私の胸から目を離さないのもきっと余裕の現れなのでしょうね。",Đúng là anh có khác. Mắt không rời khỏi ngực em chắc cũng thể hiện sự thong dong đúng không.
CommonEvents,518,Hシーン17,治療17,18+_治療,セラ,\C[4]セラ,"じー……っと乳頭を見つめて自身の勃起を促すなんて、
余裕を持っているか、よほど頭が悪いかのどちらかですから。","Nhìn chằm chằm núm vú để thúc đẩy cương cứng, một là quá thong dong hai là quá ngốc nghếch thôi."
CommonEvents,518,Hシーン17,治療17,18+_治療,セラ,\C[4]セラ,"ぜひあなたへ媚びるための私の姿で興奮して、
たっぷりハンデをくださいね？",Anh cứ việc hưng phấn trước dáng vẻ nịnh bợ của em rồi nhường em chút lợi thế nhé?
CommonEvents,518,Hシーン17,治療17,18+_治療,セラ,\C[4]セラ,"……鈴口から我慢汁が出てきました。
滑りをよくするためのお気遣いありがとうございます。",...Dâm dịch từ lỗ sáo trào ra rồi. Cảm ơn anh đã chu đáo làm trơn mượt nhé.
CommonEvents,518,Hシーン17,治療17,18+_治療,セラ,\C[4]セラ,"では、遠慮なく足で塗り広げて
にちゅにちゅとおちんちんをこね回していきます。",Thế em không khách khí dùng chân bôi trét nhào nặn con cu cho mượt mà nhé.
CommonEvents,518,Hシーン17,治療17,18+_治療,セラ,\C[4]セラ,"おや、あなたの脚がピンと伸びて可愛い恰好になっています。
耐える姿も素敵ですね。","Ồ, chân anh duỗi thẳng ra dáng vẻ đáng yêu chưa kìa. Tư thế nhẫn nại tuyệt vời lắm."
CommonEvents,518,Hシーン17,治療17,18+_治療,セラ,\C[4]セラ,"このように上手く受け流されてしまっては、
私が負けてしまいそうです。",Bị anh hóa giải mượt mà thế này có khi em thua mất thôi.
CommonEvents,518,Hシーン17,治療17,18+_治療,セラ,\C[4]セラ,"ディーラーとして、もっとギリギリの勝負を演出しなくては。
でないとあなたを退屈させてしまいますから。",Với tư cách nhà cái em phải dàn dựng một ván cược nghẹt thở hơn nữa. Nếu không anh sẽ thấy chán mất.
CommonEvents,518,Hシーン17,治療17,18+_治療,セラ,\C[4]セラ,そうですね、それでは――。,"Được rồi, thế thì--"
CommonEvents,518,Hシーン17,治療17,18+_治療,セラ,\C[4]セラ,……私のニップレス、あなたの手で剥がしてみたくありませんか？,"...Miếng dán ti của em, anh có muốn tự tay bóc ra không?"
CommonEvents,518,Hシーン17,治療17,18+_治療,セラ,\C[4]セラ,"鼻息が荒くなりましたね。
ご興味があるご様子。",Hơi thở dồn dập lên rồi kìa. Có vẻ anh rất hứng thú nhỉ.
CommonEvents,518,Hシーン17,治療17,18+_治療,セラ,\C[4]セラ,ほら、どうぞ。,"Nào, xin mời anh."
CommonEvents,518,Hシーン17,治療17,18+_治療,セラ,\C[4]セラ,端の方を爪でカリカリと剥がしてみてください。,Hãy dùng móng tay cào nhẹ viền ngoài bóc ra xem sao.
CommonEvents,518,Hシーン17,治療17,18+_治療,セラ,\C[4]セラ,"ん……っ。
お上手です……あ……っ。",Ưm... Anh làm giỏi lắm... A...
CommonEvents,518,Hシーン17,治療17,18+_治療,セラ,\C[4]セラ,"あっ……んぅ……っ。
はぁ、んっ……♡","Á... ưm... Hà, ưm...♡"
CommonEvents,518,Hシーン17,治療17,18+_治療,セラ,\C[4]セラ,"乳首っ、刺激されて……ん……っ♡
声が出てしまいます……あっ……♡",Núm vú... Bị kích thích... Ưm...♡ Tiếng rên tự bật ra mất rồi... Á...♡
CommonEvents,518,Hシーン17,治療17,18+_治療,セラ,\C[4]セラ,"はぁ……はぁ……♡
少しめくれてきましたか？",Hà... hà...♡ Bóc ra được chút rồi đúng không?
CommonEvents,518,Hシーン17,治療17,18+_治療,セラ,\C[4]セラ,"では、ニップレスの剥がれたところを
つまんでください。",Thế anh hãy kẹp lấy phần miếng dán ti vừa bóc ra đi.
CommonEvents,518,Hシーン17,治療17,18+_治療,セラ,\C[4]セラ,そのまま、ゆっくり優しく剥がしてくださいね？,Rồi từ từ dịu dàng lột ra nhé?
CommonEvents,518,Hシーン17,治療17,18+_治療,セラ,\C[4]セラ,んっ……♡,Ưm...♡
CommonEvents,518,Hシーン17,治療17,18+_治療,セラ,\C[4]セラ,"はい、あなたの大好きな乳首ですよ。
見れて良かったですね。","Vâng, núm vú yêu thích của anh đây nhé. Được nhìn thấy thích rồi đúng không."
CommonEvents,518,Hシーン17,治療17,18+_治療,セラ,\C[4]セラ,"くす……胸に夢中になっている間に
おちんちんが限界になっていますね。",Hì hì... Trong lúc say mê ngắm ngực con cu đã đạt tới giới hạn rồi kìa.
CommonEvents,518,Hシーン17,治療17,18+_治療,セラ,\C[4]セラ,"我慢はもう無理そうですので、
あきらめて乳首をオカズに射精しちゃいましょうか。","Nhẫn nại chắc không nổi nữa rồi, thôi bỏ cuộc lấy núm vú làm mồi rồi bắn tinh đi anh."
CommonEvents,518,Hシーン17,治療17,18+_治療,セラ,\C[4]セラ,"バニーさんに誘惑されて作ったお精子、
お金と一緒に全部お貢ぎしてください。","Tinh dịch tạo ra do bị Bunny Girl quyến rũ, hãy cùng tiền cược dâng nộp hết cho em đi."
CommonEvents,518,Hシーン17,治療17,18+_治療,セラ,\C[4]セラ,"ん……っ♡
お精子、飛び出てきた……♡",Ưm...♡ Tinh dịch phụt ra rồi...♡
CommonEvents,518,Hシーン17,治療17,18+_治療,セラ,\C[4]セラ,"色々と搾り取られてしまったというのに
幸せそうなお顔ですね。",Bị vắt sạch đủ thứ mà nét mặt hạnh phúc chưa kìa.
CommonEvents,518,Hシーン17,治療17,18+_治療,セラ,\C[4]セラ,"これからも、お貢ぎをしたくなったら
このあなた専属バニーガールが待っていますよ。",Sau này nếu muốn dâng nộp tinh dịch thì cô Bunny riêng của anh luôn chờ đón anh ở đây nhé.
CommonEvents,519,Hシーン18,治療18,18+_治療,セラ,\C[4]セラ,"はーい、お漏らししーしーってできまちたねー。
偉いでちゅよ。","Nào nào, bé cưng tè dầm phọt phọt xong rồi nhé~. Giỏi lắm cơ."
CommonEvents,519,Hシーン18,治療18,18+_治療,セラ,\C[4]セラ,"でも、まだ赤ちゃんになるのを
恥ずかしがっているようです。",Nhưng hình như bé vẫn còn xấu hổ chưa chịu làm bé cưng hoàn toàn.
CommonEvents,519,Hシーン18,治療18,18+_治療,セラ,\C[4]セラ,"せっかくばぶばぶしか言えないようにしてあげているのに、
わがままな子。",Mẹ đã cố tình làm cho bé chỉ nói được babu babu thôi mà bé vẫn bướng bỉnh quá.
CommonEvents,519,Hシーン18,治療18,18+_治療,セラ,\C[4]セラ,"もっと良い子になれるように、
ママが優しく躾してあげまちゅね。","Để bé thành đứa trẻ ngoan hơn, Mẹ sẽ dịu dàng dạy bảo bé nhé."
CommonEvents,519,Hシーン18,治療18,18+_治療,,,"※このイベントでは一部、\C[2]マウスホイールで
　視点移動が可能\C[0]なシーンがあります。",※ Trong sự kiện này có phân cảnh có thể \C[2]dùng con lăn chuột để di chuyển góc nhìn\C[0].
CommonEvents,519,Hシーン18,治療18,18+_治療,セラ,\C[4]セラ,ほーら、ママとハグしてあまえんぼしましょうねー。,"Nào nào, ôm lấy Mẹ nũng nịu nào~."
CommonEvents,519,Hシーン18,治療18,18+_治療,セラ,\C[4]セラ,"ぎゅ～。
ママの胸の中、温かくて気持ちいいでちゅか？",Ôm chặt~. Trong lòng Mẹ ấm áp sướng lắm đúng không bé?
CommonEvents,519,Hシーン18,治療18,18+_治療,セラ,\C[4]セラ,"……なんて、赤ちゃんだから口じゃお返事できないね。
くす……。","...À quên mất, là bé cưng nên bằng miệng đâu trả lời được nhỉ. Hì hì..."
CommonEvents,519,Hシーン18,治療18,18+_治療,セラ,\C[4]セラ,"でも、おちんちんがぴこぴこ頭を振って
「嬉しいでちゅ～」って言ってくれてる。","Nhưng con cu đang gật gật đầu bảo ""Sướng lắm ạ~"" kìa."
CommonEvents,519,Hシーン18,治療18,18+_治療,セラ,\C[4]セラ,"よちよち。
勃起できていい子いい子。",Ngoan ngoan. Cương lên được là bé ngoan lắm.
CommonEvents,519,Hシーン18,治療18,18+_治療,セラ,\C[4]セラ,"お利巧さんはママが
うんと甘やかしてあげまちゅからね。",Bé ngoan thì Mẹ sẽ cưng nựng hết nấc cho bé nhé.
CommonEvents,519,Hシーン18,治療18,18+_治療,セラ,\C[4]セラ,ん……ふ……っ。,Ưm... hì...
CommonEvents,519,Hシーン18,治療18,18+_治療,セラ,\C[4]セラ,"僕ちゃんは腰なんて振れないから、
ママがお世話してあげないと。",Bé cưng đâu biết dập hông nên Mẹ phải chăm sóc cho bé chứ.
CommonEvents,519,Hシーン18,治療18,18+_治療,セラ,\C[4]セラ,"でもその代わり、赤ちゃんがママと一緒にいる時に
しなくちゃいけないこと、ありまちゅよね？","Nhưng đổi lại, bé cưng khi ở cùng Mẹ phải làm gì bé có nhớ không?"
CommonEvents,519,Hシーン18,治療18,18+_治療,セラ,\C[4]セラ,おっぱい……飲まないと、でちゅよね？,Phải... tu bú sữa Mẹ đúng không nào?
CommonEvents,519,Hシーン18,治療18,18+_治療,セラ,\C[4]セラ,"なのにおかしいね。僕ちゃんのお口、
どうしてお休みしてるのかな？",Thế mà lạ nhỉ. Miệng bé cưng sao lại nghỉ ngơi thế kia?
CommonEvents,519,Hシーン18,治療18,18+_治療,セラ,\C[4]セラ,"もう羞恥心なんて捨てて、
もっともっと赤ちゃんになっちゃお？",Vứt bỏ sự xấu hổ đi rồi biến thành bé cưng ngoan ngoãn hơn nữa đi nào?
CommonEvents,519,Hシーン18,治療18,18+_治療,セラ,\C[4]セラ,"ほら、おっぱい飲めたらたくさん褒めてあげるから、
お口あーんってできまちゅか？","Nào, bú được sữa Mẹ sẽ khen thật nhiều nên bé há miệng A~n ra được không?"
CommonEvents,519,Hシーン18,治療18,18+_治療,セラ,\C[4]セラ,はい、あーん……。,"Nào, A~n..."
CommonEvents,519,Hシーン18,治療18,18+_治療,セラ,\C[4]セラ,"ん……っ。
ふふ……おっぱい飲むのとってもお上手でちゅねー。",Ưm... Hì hì... Bé bú sữa giỏi quá đi thôi~.
CommonEvents,519,Hシーン18,治療18,18+_治療,セラ,\C[4]セラ,"いっぱいちゅうちゅうして格好いいね。
えらいえらい、いい子だね。","Tu bú chụt chụt giỏi ngầu lắm nhé. Ngoan lắm, bé ngoan quá."
CommonEvents,519,Hシーン18,治療18,18+_治療,セラ,\C[4]セラ,"……顔を胸にうずめてるけど、
お耳が赤くなってるの、隠せてないでちゅよ。",...Dù vùi mặt vào ngực Mẹ nhưng tai đỏ bừng lên không giấu được đâu nhé.
CommonEvents,519,Hシーン18,治療18,18+_治療,セラ,\C[4]セラ,"本当は恥ずかちくてちゅらいちゅらいだけど、
頑張ったんだ？",Thực ra là xấu hổ khổ sở lắm nhưng bé vẫn cố gắng đúng không?
CommonEvents,519,Hシーン18,治療18,18+_治療,セラ,\C[4]セラ,"可愛い子。
僕ちゃんはすごいね。",Bé cưng đáng yêu quá. Bé giỏi thật đấy.
CommonEvents,519,Hシーン18,治療18,18+_治療,セラ,\C[4]セラ,"その調子でミルクをたくさん飲んで、
大きくなろうね。",Cứ đà này mà tu bú thật nhiều sữa để mau lớn nhé.
CommonEvents,519,Hシーン18,治療18,18+_治療,セラ,\C[4]セラ,"おちんちんさんも……んっ。
おっぱい飲んだらもっと背伸びしちゃったみたい。",Con cu cũng... Ưm. Tu bú sữa xong là con cu lại vươn dài hơn rồi kìa.
CommonEvents,519,Hシーン18,治療18,18+_治療,セラ,\C[4]セラ,"私に格好いいところ見せてくれてるんだ？
ママ嬉しい。",Bé muốn khoe dáng vẻ ngầu lòi cho Mẹ xem sao? Mẹ vui lắm.
CommonEvents,519,Hシーン18,治療18,18+_治療,セラ,\C[4]セラ,"なでなで、よちよち。
いい子いい子。","Xoa đầu xoa đầu, ngoan ngoan. Đứa trẻ ngoan."
CommonEvents,519,Hシーン18,治療18,18+_治療,セラ,\C[4]セラ,"もうすっかり幼児退行できまちたね。
甘えることしかできなくなってる。",Giờ thì bé đã hoàn toàn biến thành bé cưng rồi nhé. Chỉ biết nũng nịu thôi.
CommonEvents,519,Hシーン18,治療18,18+_治療,セラ,\C[4]セラ,"腕も必死にぎゅーってママの身体を掴んで、
離れないようにしてる。",Hai tay cũng ôm chặt lấy Mẹ không chịu buông ra kìa.
CommonEvents,519,Hシーン18,治療18,18+_治療,セラ,\C[4]セラ,"……でも。
まだ心の奥底では赤ちゃんになり切れてない、でちゅよね。",...Nhưng mà. Trong thâm tâm bé vẫn chưa thành bé cưng hoàn toàn đúng không nào.
CommonEvents,519,Hシーン18,治療18,18+_治療,セラ,\C[4]セラ,"今からあなたにかけていた言葉を話せなくする魔法を
部分的に解除します。",Bây giờ Mẹ sẽ giải trừ một phần ma thuật phong ấn ngôn ngữ cho bé nhé.
CommonEvents,519,Hシーン18,治療18,18+_治療,,\N[1],！？,⁉
CommonEvents,519,Hシーン18,治療18,18+_治療,セラ,\C[4]セラ,これであなたは2歳児程度の言語能力を取り戻しました。,Giờ thì bé đã khôi phục lại khả năng ngôn ngữ tầm bé 2 tuổi rồi đấy.
CommonEvents,519,Hシーン18,治療18,18+_治療,セラ,\C[4]セラ,"「ママ」や「しーしー」など、可愛い言葉なら
しゃべれまちゅよ。良かったでちゅね。","Mấy từ đáng yêu như ""Mẹ"" hay ""Tè dầm"" bé có thể nói được rồi đấy. Tốt quá rồi nhé."
CommonEvents,519,Hシーン18,治療18,18+_治療,セラ,\C[4]セラ,試しに私のこと、ママって呼んでみよっか。,Thử gọi Mẹ một tiếng xem nào.
CommonEvents,519,Hシーン18,治療18,18+_治療,,\N[1],う、うぅ……。,"Ư, ưu..."
CommonEvents,519,Hシーン18,治療18,18+_治療,セラ,\C[4]セラ,"あれー？　おかしいね。
もう喋れるはずなのにうーうーって言って俯いちゃいまちたね。",Ơ kìa? Lạ nhỉ. Đáng ra nói được rồi mà sao lại ư ư cúi mặt xuống thế kia.
CommonEvents,519,Hシーン18,治療18,18+_治療,セラ,\C[4]セラ,ちゃんと言えたらたくさんまた褒めてあげまちゅよ。,Nói đàng hoàng Mẹ lại khen thật nhiều cho nhé.
CommonEvents,519,Hシーン18,治療18,18+_治療,セラ,\C[4]セラ,"それも……はやーいピストンで
一緒におちんちんを甘やかしながら。",Vừa dập hông nhanh dịu dàng chiều chuộng con cu vừa khen nhé.
CommonEvents,519,Hシーン18,治療18,18+_治療,,\N[1],……っ！,...!
CommonEvents,519,Hシーン18,治療18,18+_治療,セラ,\C[4]セラ,"ママのご褒美、ほちいほちいだよね？
ほら、合図してあげるから言ってみましょうね。",Muốn phần thưởng của Mẹ đúng không nào? Nào Mẹ ra hiệu cho bé nói nhé.
CommonEvents,519,Hシーン18,治療18,18+_治療,セラ,\C[4]セラ,はい、せーの……。,1 2 3...
CommonEvents,519,Hシーン18,治療18,18+_治療,[Choice],[Choice],ま、ママ……っ。,M-Mẹ... ơi...
CommonEvents,519,Hシーン18,治療18,18+_治療,セラ,\C[4]セラ,"……くす。
とってもいい子。",...Hì hì. Đứa trẻ cực kỳ ngoan.
CommonEvents,519,Hシーン18,治療18,18+_治療,セラ,\C[4]セラ,"よちよちよちよち……。
僕ちゃんはママって言えるんだ。偉いねー。",Ngoan ngoan ngoan... Bé cưng biết gọi Mẹ rồi nè. Giỏi quá đi~.
CommonEvents,519,Hシーン18,治療18,18+_治療,セラ,\C[4]セラ,"とっても可愛い言い方でちたね。
縋りつくみたいに「ママ～」って……。","Cách gọi đáng yêu cực kỳ luôn. Nũng nịu gọi ""Mẹ ơi~""..."
CommonEvents,519,Hシーン18,治療18,18+_治療,セラ,\C[4]セラ,"恥ずかちいの我慢してよく言えたね。
僕ちゃんすごい。格好いい。",Nhịn xấu hổ để gọi giỏi lắm. Bé cưng giỏi quá. Ngầu quá.
CommonEvents,519,Hシーン18,治療18,18+_治療,セラ,\C[4]セラ,それじゃあ最後に、おねだりの仕方も覚えちゃおっか？,"Thế cuối cùng, chúng ta học luôn cách xin xỏ nhé?"
CommonEvents,519,Hシーン18,治療18,18+_治療,セラ,\C[4]セラ,「ママ、しーしーさせて」って言ってごらん？,"Thử nói ""Mẹ ơi, cho con tè dầm đi"" xem nào?"
CommonEvents,519,Hシーン18,治療18,18+_治療,セラ,\C[4]セラ,"そんな風に首を振っていやいやしてもだーめ。
赤ちゃんの教育はママの仕事だもん。",Lắc đầu nguầy nguậy bảo không là không được đâu nhé. Dạy dỗ bé cưng là việc của Mẹ mà.
CommonEvents,519,Hシーン18,治療18,18+_治療,セラ,\C[4]セラ,"僕ちゃんが可愛い赤ちゃんになれるまで、
お漏らしはめっ、でちゅよ。","Cho tới khi bé cưng thành đứa trẻ ngoan, tè dầm là cấm đấy nhé."
CommonEvents,519,Hシーン18,治療18,18+_治療,セラ,\C[4]セラ,"自分はママに全部を見せるしかない、
か弱い赤ん坊だって自覚しようね。",Hãy tự ý thức mình là đứa trẻ sơ sinh yếu ớt phải phơi bày hết cho Mẹ xem đi nhé.
CommonEvents,519,Hシーン18,治療18,18+_治療,セラ,\C[4]セラ,そうやって幼児退行しながらするお漏らしは……、,Vừa làm bé cưng vừa tè dầm phọt phọt...
CommonEvents,519,Hシーン18,治療18,18+_治療,セラ,\C[4]セラ,と～っても、気持ちいいでちゅよ……♡,Sướng... cực kỳ luôn đấy nhé...♡
CommonEvents,519,Hシーン18,治療18,18+_治療,セラ,\C[4]セラ,"中でおちんちんがぴくぴくしてる……。
赤ちゃんになりながらのしーしーに興味津々でちゅね。",Con cu bên trong giật giật bần bật kìa... Rất hứng thú với việc vừa làm bé cưng vừa tè dầm đúng không.
CommonEvents,519,Hシーン18,治療18,18+_治療,セラ,\C[4]セラ,"じゃあもう、完全に堕ちちゃおっか。
ママのものになる準備はできまちたか？",Thế thì hãy hoàn toàn sa ngã đi nào. Đã chuẩn bị thành đồ của Mẹ chưa?
CommonEvents,519,Hシーン18,治療18,18+_治療,セラ,\C[4]セラ,"目を合わせて「ママ、しーしーさせて」って言うんでちゅよ。
さん、はい……。","Nhìn vào mắt Mẹ rồi nói ""Mẹ ơi, cho con tè dầm đi"" nhé. 1 2 3..."
CommonEvents,519,Hシーン18,治療18,18+_治療,[Choice],[Choice],ま……ママ、しーしーさせて……っ！,"M... Mẹ ơi, cho con tè dầm đi...!"
CommonEvents,519,Hシーン18,治療18,18+_治療,セラ,\C[4]セラ,"はーい、言うこと聞けるおりこうさんには
ご褒美あげましょうね♡","Vâng~, đứa trẻ ngoan biết nghe lời Mẹ sẽ thưởng cho nhé♡"
CommonEvents,519,Hシーン18,治療18,18+_治療,セラ,\C[4]セラ,"いいよ、ママの中で出しちゃおうね♡
お漏らしどうぞ♡","Được rồi, bắn hết vào trong Mẹ đi nào♡ Cho phép tè dầm đấy♡"
CommonEvents,519,Hシーン18,治療18,18+_治療,セラ,\C[4]セラ,"しー、しー……♡
おちっこ上手……♡","Tè dầm, tè dầm...♡ Tè dầm giỏi quá...♡"
CommonEvents,519,Hシーン18,治療18,18+_治療,セラ,\C[4]セラ,"ん……っ。
たくさん出せまちたね。えらいえらい。",Ưm... Bắn ra nhiều quá nhỉ. Giỏi lắm giỏi lắm.
CommonEvents,519,Hシーン18,治療18,18+_治療,セラ,\C[4]セラ,"大人のプライドをぜーんぶぐずぐずにされる
本気の赤ちゃんごっこ、とっても楽しかったでちゅね……♡",Trò chơi làm bé cưng thật sự bóp nát toàn bộ lòng tự trọng người lớn sướng quá đúng không...♡
CommonEvents,520,Hシーン19,治療19,18+_治療,セラ,\C[4]セラ,私の演技のクオリティにあなたもたじたじのようですね。,Trình độ diễn xuất của em làm anh cũng phải luống cuống đúng không.
CommonEvents,520,Hシーン19,治療19,18+_治療,セラ,\C[4]セラ,"ですが、こういった甘言に騙されて
すぐ嬉しくなってはいけませんよ。",Nhưng anh đừng bị mấy lời ngọt ngào này lừa mà mừng rỡ ngay nhé.
CommonEvents,520,Hシーン19,治療19,18+_治療,セラ,\C[4]セラ,"今からもっと私の喘ぎ声をお耳に注ぎ込んであげますから、
たくさん聞いて慣れてくださいね。","Bây giờ em sẽ rót thêm thật nhiều tiếng rên rỉ vào tai anh, anh hãy nghe cho quen đi nhé."
CommonEvents,520,Hシーン19,治療19,18+_治療,セラ,\C[4]セラ,"本日の追加治療は、疑似的なセックスを行っても
脳が騙されないようにする治療です。",Bài trị liệu bổ sung hôm nay là luyện tập để bộ não không bị đánh lừa khi làm tình giả lập.
CommonEvents,520,Hシーン19,治療19,18+_治療,セラ,\C[4]セラ,"私はこうして胸の谷間を差し出していますので、
あなたはこちらにおちんちんを挿乳し、腰を振ってください。","Em sẽ dâng khe ngực ra thế này, anh hãy đưa con cu vào giữa khe ngực rồi dập hông nhé."
CommonEvents,520,Hシーン19,治療19,18+_治療,セラ,\C[4]セラ,"さぁ、どうぞ。
ご遠慮なく。","Nào, xin mời anh. Đừng khách khí."
CommonEvents,520,Hシーン19,治療19,18+_治療,,\N[1],うぅっ……深っ……！,Ưu... Sâu quá...!
CommonEvents,520,Hシーン19,治療19,18+_治療,セラ,\C[4]セラ,"根本まで入れることができましたね。
谷間への挿乳、お上手です。",Bài trị liệu nâng cao khả năng kháng lại tiếng rên rỉ giả tạo kết thúc!
CommonEvents,520,Hシーン19,治療19,18+_治療,セラ,\C[4]セラ,"ここまで入れてもあなたの先っぽが私の胸板に届いていませんから、
おちんちん全体が温かく包まれ、心地良いかと思います。",Hà... hà...
CommonEvents,520,Hシーン19,治療19,18+_治療,セラ,\C[4]セラ,"私はあなた好みの圧で両側から挟んでいますので、
本当にセックスをしているのかのようにピストンをお願いします。",Anh vất vả rồi.
CommonEvents,520,Hシーン19,治療19,18+_治療,セラ,\C[4]セラ,"ん……。
そうそう、その調子です。",Màn giả lập của Sera sướng phát điên...
CommonEvents,520,Hシーン19,治療19,18+_治療,セラ,\C[4]セラ,"あなたがセックスごっこをしているのをこうして観察するのは
中々良い気分ですね。",Hì hì... Cảm ơn anh đã khen.
CommonEvents,520,Hシーン19,治療19,18+_治療,セラ,\C[4]セラ,"あなたの反応の機微がよく見えます。
吐息のペースが乱れ、汗をじわりとかいていますね。",Nhưng bị tiếng rên giả lừa mà bắn tinh nhanh thế là không được đâu nhé.
CommonEvents,520,Hシーン19,治療19,18+_治療,セラ,\C[4]セラ,"では、私の喘ぎ声で臨場感を出し、
さらに本能に訴えかけていきましょう。",Lần sau hãy giữ vững lý trí hơn nhé.
CommonEvents,520,Hシーン19,治療19,18+_治療,セラ,\C[4]セラ,"「あ……♡　ん……♡
あなたのおちんちん、おっきい……♡」",Vâng!
CommonEvents,520,Hシーン19,治療19,18+_治療,セラ,\C[4]セラ,"「気持ち、い……あんっ……♡
恥ずかしい声出ちゃうよぉ……♡」",Lần sau em lại giả vờ rên rỉ ngọt ngào cho anh nghe nhé...♡
CommonEvents,520,Hシーン19,治療19,18+_治療,セラ,\C[4]セラ,"……いかがでしょうか。
セックスしている気分になれますか？",Chụtttt... mút mút...♡
CommonEvents,520,Hシーン19,治療19,18+_治療,セラ,\C[4]セラ,"ふむ、腰が少し引けていますね。
効いている、と解釈させていただきます。","Ưm... ah♡
Bắn hết tinh dịch bị đánh lừa ra đi nào...♡"
CommonEvents,520,Hシーン19,治療19,18+_治療,セラ,\C[4]セラ,"それでは引き続き甘い声であなたを惑わし、
種付け欲求を煽っていきます。",Ngoan lắm... em đã nhận hết tinh dịch của anh rồi.
CommonEvents,520,Hシーン19,治療19,18+_治療,セラ,\C[4]セラ,"「こんな格好いいおちんちんで突かれたら、
勝手におまんこが子作りの準備しちゃう……♡」",Bài trị liệu kháng rên rỉ giả lập hoàn tất!
CommonEvents,520,Hシーン19,治療19,18+_治療,セラ,\C[4]セラ,"「あっ……ふっ、うっ……♡
そこ、だめ……弱いか、らぁ……っ♡」",Hôm nay em sẽ tiến hành bài trị liệu mát xa gel nhờn nhợt toàn thân.
CommonEvents,520,Hシーン19,治療19,18+_治療,セラ,\C[4]セラ,"……実際はGスポットに触れるどころか
私の谷間の中で翻弄されているだけなのに、可笑しいですね。",Mát xa gel sao...?
CommonEvents,520,Hシーン19,治療19,18+_治療,セラ,\C[4]セラ,"カリでぞりぞりとおまんこをいじめようとしても、
逆に私の肌が弱いところに吸い付いて返り討ち……。","Vâng, em sẽ bôi gel bôi trơn khắp người anh rồi dịu dàng mát xa."
CommonEvents,520,Hシーン19,治療19,18+_治療,セラ,\C[4]セラ,"せめて妄想の中では強い男の子の気分を
味合わせてあげましょう。","Nhưng em sẽ hoàn toàn bỏ mặc con cu của anh, chỉ tập trung trêu chọc núm vú của anh thôi."
CommonEvents,520,Hシーン19,治療19,18+_治療,セラ,\C[4]セラ,"「やっ……あっ……だめっ♡
それ頭ふわふわしちゃう……んぁっ♡」",Anh phải kiềm chế ham muốn không được tự sóc cu.
CommonEvents,520,Hシーン19,治療19,18+_治療,セラ,\C[4]セラ,"「おちんちん強すぎ……っ♡
こんなの絶対勝てない……っ♡」",Liệu anh có thể nhẫn nại trước sự tra tấn nhấp nhả này không?
CommonEvents,520,Hシーン19,治療19,18+_治療,セラ,\C[4]セラ,"「この人のメスにされちゃう、んぅっ♡
おまんこが服従しちゃうぅ……♡」","Nào, chúng ta bắt đầu thôi...♡"
CommonEvents,520,Hシーン19,治療19,18+_治療,セラ,\C[4]セラ,"おや？　勝者の気分を提供しているつもりでしたが、
ずいぶん余裕のないお顔ですね。",Chụtttt... chẹp chẹp...♡
CommonEvents,520,Hシーン19,治療19,18+_治療,セラ,\C[4]セラ,"もしかして、喘ぎ声が嘘であるということに
マゾ性癖を刺激され、興奮しているんですか？","Ưm... ah♡
Sướng lắm đúng không? đồ M này...♡"
CommonEvents,520,Hシーン19,治療19,18+_治療,セラ,\C[4]セラ,"大方、小馬鹿にされているような感覚がして
病みつきになっている……といったところでしょうか。",Con cu bị bỏ mặc đang ngơ ngác đòi hỏi kìa...♡
CommonEvents,520,Hシーン19,治療19,18+_治療,セラ,\C[4]セラ,"まぁ、構いませんが。では私は、負け癖が染みついた
情けないあなたを見て楽しませていただきます。",Bắn tinh dịch nhẫn nại ra đi nào... phọt phọt...♡
CommonEvents,520,Hシーン19,治療19,18+_治療,セラ,\C[4]セラ,"「あっ、あっ、好きっ♡
強いオスに犯されるの好きっ♡」",Ngoan lắm... em đã nuốt hết rồi.
CommonEvents,520,Hシーン19,治療19,18+_治療,セラ,\C[4]セラ,"「メロメロにさせられちゃう……あぁんっ♡
おちんちんで頭いっぱいになっちゃう……っ♡」",Bài trị liệu mát xa gel trêu chọc núm vú kết thúc!
CommonEvents,520,Hシーン19,治療19,18+_治療,セラ,\C[4]セラ,"「私の性癖、おちんちんで上書きしないで……っ♡
だめっ、はぁん……っ♡」",Hôm nay em sẽ vừa mát xa gel toàn thân vừa tập trung trêu chọc hai núm vú của anh.
CommonEvents,520,Hシーン19,治療19,18+_治療,セラ,\C[4]セラ,"「おまんこがあなたの形覚えちゃうから……っ♡
あっ、んっ♡　戻れなくなるからぁ……っ♡」",Con cu của anh sẽ bị bỏ mặc hoàn toàn.
CommonEvents,520,Hシーン19,治療19,18+_治療,セラ,\C[4]セラ,"実際は、あなたが私の乳圧を覚えてしまいそうですが。
ふふ。",Anh không được phép thủ dâm hay đòi hỏi em sóc cu.
CommonEvents,520,Hシーン19,治療19,18+_治療,セラ,\C[4]セラ,"さて、そろそろあなたの頭の中のセックスが
終盤に差し掛かる頃でしょうか。",Liệu anh có thể chịu đựng được sự dằn dỗi này không?
CommonEvents,520,Hシーン19,治療19,18+_治療,セラ,\C[4]セラ,"あなたの金玉さんも、おっぱい……もといおまんこに種付けしたくて
きゅっと縮こまってきているのではありませんか？","Nào, hãy bắt đầu thôi...♡"
CommonEvents,520,Hシーン19,治療19,18+_治療,セラ,\C[4]セラ,"ですから、本気ピストンでメスを分からせ、
子種を注ぎ込むフェーズへ入りましょう。",Chụtttt... chẹp chẹp...♡
CommonEvents,520,Hシーン19,治療19,18+_治療,セラ,\C[4]セラ,"私も嘘の喘ぎ声で応援してさしあげますので、
格好いいぴゅっぴゅ目指して頑張ってください。","Ưm... ah♡
Bắn hết tinh dịch tích tụ ra đi nào...♡"
CommonEvents,520,Hシーン19,治療19,18+_治療,セラ,\C[4]セラ,"「あっあっあっ、やっ、これ無理っ♡
あぁんっ♡　子宮降りてきちゃうぅ♡」",Ngoan lắm... em đã nuốt hết rồi.
CommonEvents,520,Hシーン19,治療19,18+_治療,セラ,\C[4]セラ,"「奥とんとんするのやばいぃ……♡
んっ♡　はぁっ♡　弱点見つけないでぇ♡」",Trị liệu mát xa gel trêu vú kết thúc!
CommonEvents,520,Hシーン19,治療19,18+_治療,セラ,\C[4]セラ,"「だめっ、深いとこだめなのにっ♡
おちんちんおっきくて逃げられないぃ……♡」",Hôm nay em có chuẩn bị bài trị liệu lén lút ở hẻm nhỏ ngoài trời.
CommonEvents,520,Hシーン19,治療19,18+_治療,セラ,\C[4]セラ,亀頭で子宮口に触れる感触を再現できずすみません。,Lén lút ngoài trời sao...?
CommonEvents,520,Hシーン19,治療19,18+_治療,セラ,\C[4]セラ,"私のおっぱいが大きいせいで
深く突いてもずっと柔らかいですよね。",Vâng. Em sẽ làm tình với anh ở nơi có người qua lại.
CommonEvents,520,Hシーン19,治療19,18+_治療,セラ,\C[4]セラ,"申し訳ありませんが、勢いの良いお射精で
精液を奥まで注いでいただけると助かります。",Anh phải nén giọng không được phát ra tiếng rên rỉ kẻo bị phát hiện.
CommonEvents,520,Hシーン19,治療19,18+_治療,セラ,\C[4]セラ,"もっとも、射精すら私のおっぱいの圧に負けて奥に届かず、
満足に種付けごっこもできないかもしれませんが。",Liệu anh có thể giữ trật tự trong lúc bị em dập hông không?
CommonEvents,520,Hシーン19,治療19,18+_治療,セラ,\C[4]セラ,"私もできる限り精液が奥まで届くように煽りますので、
ラストスパート、頑張ってください。","Nào, hãy chuẩn bị tinh thần đi nhé...♡"
CommonEvents,520,Hシーン19,治療19,18+_治療,セラ,\C[4]セラ,"「カリで膣壁ひっかかれるの効くっ……っ♡
あぁっ♡　ぞりぞりってしないでっ♡」",Chụtttt... chẹp chẹp...♡
CommonEvents,520,Hシーン19,治療19,18+_治療,セラ,\C[4]セラ,"「あっ♡　やばいっ♡　これイっちゃうっ♡
んっ♡　深いの来るっ♡」","Ưm... ah♡
Bắn hết tinh dịch lén lút vào sâu trong em đi nào...♡"
CommonEvents,520,Hシーン19,治療19,18+_治療,セラ,\C[4]セラ,"「もう無理っ♡　イっちゃうっ♡
イくイくイくぅ……♡」",Ngoan lắm... em đã nuốt hết rồi.
CommonEvents,520,Hシーン19,治療19,18+_治療,セラ,\C[4]セラ,"……パイズリで無駄撃ちどうぞ……♡
お馬鹿さん……♡",Buổi trị liệu lén lút ngoài trời kết thúc!
CommonEvents,520,Hシーン19,治療19,18+_治療,セラ,\C[4]セラ,"「あぁん……っ♡
イっ……くぅぅ……っ♡」",Á... ah...♡ Lên... đỉnh...♡
CommonEvents,520,Hシーン19,治療19,18+_治療,セラ,\C[4]セラ,"セックスごっこお疲れさまでした。
私のセリフを本気にしてお出しする姿、ご立派でしたよ。",Màn giả lập làm tình vất vả cho anh rồi nhé. Dáng vẻ anh tin sái cổ câu thoại của em rồi bắn tinh ra trông ngầu lắm đấy.
CommonEvents,520,Hシーン19,治療19,18+_治療,セラ,\C[4]セラ,"……結局、お射精の勢いがおっぱいに負けて
奥には届かなかったようですが。ふふ……。",...Tuy nhiên lực bắn tinh rốt cuộc lại thua cặp ngực em nên không bắn tới tận sâu bên trong được nhỉ. Hì hì...
CommonEvents,521,Hシーン20,治療20,18+_治療,セラ,\C[4]セラ,"こんな体たらくではスライムのぬるぬる攻撃に
あっけなくやられてしまいますよ？",Với đà thảm hại này thì gặp đòn tấn công nhờn nhợt của Slime là anh thua đứt đuôi ngay đấy?
CommonEvents,521,Hシーン20,治療20,18+_治療,セラ,\C[4]セラ,"たとえこの感触が心地よくても
耐えなくてはだめですよ。",Cho dù cảm giác này có sướng đến đâu anh cũng phải cố nhẫn nại đấy nhé.
CommonEvents,521,Hシーン20,治療20,18+_治療,セラ,\C[4]セラ,"では、追加治療でもローションマッサージで
ねっとりとお身体をほぐしていきます。",Thế thì ở bài trị liệu bổ sung em sẽ dùng mát xa gel nhờn nhợt để dịu dàng xoa bóp cơ thể cho anh nhé.
CommonEvents,521,Hシーン20,治療20,18+_治療,セラ,\C[4]セラ,"今から行うのはマッサージですから、
あなたは動いてはいけませんよ。",Những gì sắp tới là mát xa nên anh không được tự tiện cử động đâu đấy.
CommonEvents,521,Hシーン20,治療20,18+_治療,セラ,\C[4]セラ,"そうして真っ直ぐ立っていてください。
そのまま何もしなければ治療は勝手に終わりますから。",Anh cứ việc đứng thẳng người như thế. Cứ giữ nguyên không làm gì thì bài trị liệu sẽ tự khắc hoàn thành thôi.
CommonEvents,521,Hシーン20,治療20,18+_治療,セラ,\C[4]セラ,では始めますよ。,Vậy em bắt đầu nhé.
CommonEvents,521,Hシーン20,治療20,18+_治療,セラ,\C[4]セラ,あなたのこの可愛い乳首を……すり、すり……。,Núm vú đáng yêu này của anh... xoa xoa...
CommonEvents,521,Hシーン20,治療20,18+_治療,,\N[1],……っ。,...
CommonEvents,521,Hシーン20,治療20,18+_治療,セラ,\C[4]セラ,"ぴくっと反応しましたね。
ここ、やっぱりお好きですか？",Giật bắn người phản ứng rồi kìa. Chỗ này quả nhiên anh thích đúng không?
CommonEvents,521,Hシーン20,治療20,18+_治療,セラ,\C[4]セラ,"ローションのせいで指先の感触がよーく伝わって、
ぞく、ぞくと鳥肌が立ってしまいますね。","Nhờ có gel bôi trơn mà cảm giác từ đầu ngón tay truyền sang rõ mồng một, làm anh nổi hết cả da gà rần rần lên nhỉ."
CommonEvents,521,Hシーン20,治療20,18+_治療,セラ,\C[4]セラ,"でもこのくらいは我慢ですよ。
ぞくぞくは身体の奥にしまってください。",Nhưng thế này anh phải nhẫn nại đấy nhé. Hãy nén sự rần rần đó vào sâu trong cơ thể đi.
CommonEvents,521,Hシーン20,治療20,18+_治療,セラ,\C[4]セラ,"すりすり、すりすり……。
ぬるぬるマッサージ気持ちいいですね。","Xoa xoa, xoa xoa... Mát xa nhờn nhợt sướng lắm đúng không."
CommonEvents,521,Hシーン20,治療20,18+_治療,セラ,\C[4]セラ,"唇を噛んで快感に耐えているあたり、
とても喜んでもらっているご様子。",Cắn chặt môi chịu đựng sự sung sướng thế kia chứng tỏ anh đang rất vui lòng.
CommonEvents,521,Hシーン20,治療20,18+_治療,セラ,\C[4]セラ,"乳首もびんびんに硬くなって
嬉しそうですね。",Núm vú cũng dựng đứng cứng ngắc lên trông mừng rỡ chưa kìa.
CommonEvents,521,Hシーン20,治療20,18+_治療,セラ,\C[4]セラ,"とてもひっかきやすい形になっていますから、
爪を立ててみましょうか。",Hình dáng thế này rất dễ cào gãi nên em thử dùng móng tay cào nhẹ nhé.
CommonEvents,521,Hシーン20,治療20,18+_治療,セラ,\C[4]セラ,"かりかり、かりかり……。
いかがですか？","Cào cào, gãi gãi... Anh thấy thế nào?"
CommonEvents,521,Hシーン20,治療20,18+_治療,セラ,\C[4]セラ,"ふふ……軽くのけぞって可愛い恰好になっています。
乳首かりかり、効いちゃいましたか。",Hì hì... Hơi ngửa người ra đằng sau tạo thành tư thế đáng yêu chưa kìa. Cào gãi núm vú có hiệu quả dữ dội nhỉ.
CommonEvents,521,Hシーン20,治療20,18+_治療,セラ,\C[4]セラ,"お気に召したようで何よりです。
何せ、今日はずーっとここをいじめるつもりですから。",Anh vừa lòng là tốt rồi. Dù sao thì hôm nay em định suốt buổi chỉ trêu chọc chỗ này thôi mà.
CommonEvents,521,Hシーン20,治療20,18+_治療,セラ,\C[4]セラ,"おちんちんをほったらかしにして、
ねっとりと、じっくりと、乳首だけを可愛がるんです。","Bỏ mặc hoàn toàn con cu của anh, chỉ tập trung trêu chọc dịu dàng núm vú thôi."
CommonEvents,521,Hシーン20,治療20,18+_治療,セラ,\C[4]セラ,"これなら延々とあなたに快感を
注ぎ込むことができそうですね？",Thế này thì có thể liên tục rót sự sung sướng vào người anh rồi đúng không?
CommonEvents,521,Hシーン20,治療20,18+_治療,,\N[1],あ、あの……下は触ってもらえないんですか……！？,"A, ờm... Phía dưới không sờ cho tôi sao...!?"
CommonEvents,521,Hシーン20,治療20,18+_治療,セラ,\C[4]セラ,"下？
それはまさかおちんちんのことでしょうか。",Phía dưới? Chẳng lẽ anh đang nói tới con cu sao.
CommonEvents,521,Hシーン20,治療20,18+_治療,セラ,\C[4]セラ,"申し訳ありません。
手コキは施術内容に含まれていませんので。",Em xin lỗi nhé. Mút cu bằng tay không có trong danh mục dịch vụ hôm nay.
CommonEvents,521,Hシーン20,治療20,18+_治療,セラ,\C[4]セラ,今日は乳首責めだけで我慢してください。,Hôm nay anh ráng chịu đựng chỉ với màn trêu chọc núm vú thôi nhé.
CommonEvents,521,Hシーン20,治療20,18+_治療,セラ,\C[4]セラ,"悲しそうなお顔……でも情に訴えても無駄ですよ。
そんなことをしても私のSっ気を煽るだけですから。",Khuôn mặt buồn rầu... Nhưng anh có dùng tình cảm xin xỏ cũng vô ích thôi. Làm thế chỉ càng làm máu S trong em bùng cháy thôi.
CommonEvents,521,Hシーン20,治療20,18+_治療,セラ,\C[4]セラ,"ですが、そうですね……どうしても苦しいのであれば、
発散する方法くらいは与えてあげましょう。","Nhưng mà, hừm... Nếu anh khổ sở quá thì em sẽ trao cho anh một cách để giải tỏa nhé."
CommonEvents,521,Hシーン20,治療20,18+_治療,セラ,\C[4]セラ,"そのむらむらを私にぶつけるように、
おっぱいを揉みしだいていいですよ。",Anh cứ việc trút sự rạo rực đó vào em bằng cách nhào nặn cặp ngực em tùy thích nhé.
CommonEvents,521,Hシーン20,治療20,18+_治療,,\N[1],"そ、そんな……！
結局おちんちんは放置ですか……！？",R-Rốt cuộc con cu vẫn bị bỏ mặc sao...!?
CommonEvents,521,Hシーン20,治療20,18+_治療,セラ,\C[4]セラ,"はい。
そういう治療ですので。",Vâng. Vì trị liệu là như thế mà.
CommonEvents,521,Hシーン20,治療20,18+_治療,セラ,\C[4]セラ,"……それで、おっぱいは揉まないんですか？
揉まないならないないしちゃいますよ？",...Thế anh không nắn ngực em sao? Không nắn là em cất đi đấy nhé?
CommonEvents,521,Hシーン20,治療20,18+_治療,セラ,\C[4]セラ,"くす……。
文句は言いつつ、揉んじゃうんですね。",Hì hì... Vừa cằn nhằn vừa thò tay ra nắn kìa.
CommonEvents,521,Hシーン20,治療20,18+_治療,セラ,\C[4]セラ,"いつもよりちょっと乱暴な揉み方……。
おちんちんのいら立ちが伝わってくるようです。",Cách nắn hơi thô bạo hơn bình thường chút... Như truyền tải trọn vẹn sự bực bội của con cu sang em vậy.
CommonEvents,521,Hシーン20,治療20,18+_治療,セラ,\C[4]セラ,"お互いに胸を触りあいっこして
気持ちよくなりましょうね？",Chúng ta cùng sờ ngực nhau để cùng sướng nhé?
CommonEvents,521,Hシーン20,治療20,18+_治療,セラ,\C[4]セラ,"ほーら、かりかりかりかり……。
私のおっぱいだけじゃなくて、自分の胸にも集中してください。","Nào nào, cào cào gãi gãi... Đừng chỉ tập trung vào ngực em, hãy tập trung vào ngực anh nữa nhé."
CommonEvents,521,Hシーン20,治療20,18+_治療,セラ,\C[4]セラ,"元々弱い場所なのに、ローションでさらに
敏感にさせられていますから、お辛いですよね。",Vốn là nơi nhạy cảm lại thêm gel bôi trơn làm càng nhạy cảm hơn nên khổ sở cho anh quá nhỉ.
CommonEvents,521,Hシーン20,治療20,18+_治療,セラ,\C[4]セラ,"私がちゃんとお世話してあげないといけません。
かりかりかりかり、かりかりかりかり～……。","Em phải chăm sóc cẩn thận mới được. Cào cào gãi gãi, cào cào gãi gãi~..."
CommonEvents,521,Hシーン20,治療20,18+_治療,セラ,\C[4]セラ,"おちんちんが上下に跳ねて
「乳首責め気持ちいいー」って伝えてくれてますね。","Con cu nảy lên nảy xuống như đang nhắn gửi ""Trêu chọc núm vú sướng quá"" vậy."
CommonEvents,521,Hシーン20,治療20,18+_治療,セラ,\C[4]セラ,"きっと今おちんちんを思いっきりしこしこしたら
気持ちいいんでしょうね？",Bây giờ mà được sóc cu nhiệt tình chắc sướng lắm đúng không?
CommonEvents,521,Hシーン20,治療20,18+_治療,セラ,\C[4]セラ,"でもオナニーは禁止です。我慢我慢。
おっぱいを揉んで気を紛らわせてください。",Nhưng thủ dâm là cấm đấy nhé. Nhẫn nại nhẫn nại đi. Hãy nắn ngực em để phân tán tư tưởng đi.
CommonEvents,521,Hシーン20,治療20,18+_治療,セラ,\C[4]セラ,"……こら。我慢汁が垂れていますよ。
お射精のことを考えているでしょう？",...Này. Dâm dịch chảy ra kìa. Anh đang nghĩ tới chuyện bắn tinh đúng không?
CommonEvents,521,Hシーン20,治療20,18+_治療,セラ,\C[4]セラ,"だめって言ってるじゃないですか。
お精子は金玉の中で煮詰めるだけにしてください。",Em đã bảo là không được rồi mà. Tinh dịch chỉ được phép nấu nhừ trong hai hòn ngọc thôi.
CommonEvents,521,Hシーン20,治療20,18+_治療,セラ,\C[4]セラ,"精液が尿道をこじ開けようとしても、
理性を働かせてとどめるんです。",Dù tinh dịch có muốn đâm thủng niệu đạo trào ra thì anh cũng phải dùng lý trí chặn lại.
CommonEvents,521,Hシーン20,治療20,18+_治療,セラ,\C[4]セラ,"それでも、どうしてもおちんちんが気になるというなら、
上下にびくんびくんってさせて空気でしごいていればいいです。",Nếu anh vẫn cứ bận tâm tới con cu thì cứ việc cho nó giật bần bật sóc cu với không khí đi nhé.
CommonEvents,521,Hシーン20,治療20,18+_治療,セラ,\C[4]セラ,"ほら、空気とセックス気持ちいいよーって、
頭の中で唱えて耐えてください。","Nào, hãy nhẩm trong đầu ""Làm tình với không khí sướng quá"" để chịu đựng đi nhé."
CommonEvents,521,Hシーン20,治療20,18+_治療,セラ,\C[4]セラ,"……乳首がだいぶ出来上がってきましたね。
そろそろ仕上げにいたしましょう。",...Núm vú sẵn sàng lắm rồi đấy. Chúng ta chuẩn bị vào phần kết thúc thôi nào.
CommonEvents,521,Hシーン20,治療20,18+_治療,セラ,\C[4]セラ,"勃起した乳首を押しつぶすように、
人差し指と親指で、こねこね……。","Ép chặt núm vú đang cương cứng, dùng ngón trỏ và ngón cái nhào nặn..."
CommonEvents,521,Hシーン20,治療20,18+_治療,セラ,\C[4]セラ,"大事に大事に育ててきた乳首を
強い刺激で一気に潰されるの、気持ちいいですか？",Núm vú được chăm sóc cẩn thận giờ bị kích thích mạnh bóp dẹp một cái sướng lắm đúng không?
CommonEvents,521,Hシーン20,治療20,18+_治療,セラ,\C[4]セラ,"あぁ、そんなに歯を食いしばって……。
喜んでいただけて光栄です。","A, cắn chặt răng đến mức đó... Anh thấy vui lòng làm em vinh hạnh quá."
CommonEvents,521,Hシーン20,治療20,18+_治療,セラ,\C[4]セラ,"胸の奥で少しずつ溜まっていたうずきが破裂して
頭がちかちかしちゃいますよね。",Sự rạo rực tích tụ sâu trong ngực giờ bùng nổ làm đầu óc hoa mắt rần rần đúng không.
CommonEvents,521,Hシーン20,治療20,18+_治療,セラ,\C[4]セラ,"強めの乳首いじめ、じっくり堪能していいですよ。
おちんちんも好きなだけ振ってください。",Màn trêu chọc núm vú mạnh mẽ này anh cứ việc thưởng thức trọn vẹn nhé. Con cu muốn giật thế nào tùy thích.
CommonEvents,521,Hシーン20,治療20,18+_治療,,\N[1],ごめんなさいセラさんっ、もう……っ！,Xin lỗi Sera... Anh không chịu nổi nữa rồi...!
CommonEvents,521,Hシーン20,治療20,18+_治療,セラ,\C[4]セラ,おや……？,Ơ kìa...?
CommonEvents,521,Hシーン20,治療20,18+_治療,セラ,\C[4]セラ,"ん……熱いのがお腹に……♡
触ってないのにお漏らししちゃいましたね……♡",Bắn tinh dầm dề ra rồi kìa...
CommonEvents,521,Hシーン20,治療20,18+_治療,セラ,\C[4]セラ,"「射精するな」とは一言も言っていませんので構わないのですが、
少々驚いてしまいました。",Bị trêu chọc núm vú mà anh cũng bắn tinh được sao? Anh biến thái đến mức nào vậy...
CommonEvents,521,Hシーン20,治療20,18+_治療,セラ,\C[4]セラ,"想定外ではありましたが……あなたの情けなくて
可愛いところが見れたので良しとしましょう。",Cảm ơn anh đã bắn tinh vất vả nhé. Bài trị liệu bổ sung kết thúc tại đây.
CommonEvents,522,Hシーン21,治療21,18+_治療,セラ,\C[4]セラ,"出してしまいましたね。
水着がお好きなようで。",Mặc dù hôm nay thất bại nhưng trêu chọc núm vú đáng yêu của anh vui lắm. Lần sau lại làm tiếp nhé.
CommonEvents,522,Hシーン21,治療21,18+_治療,セラ,\C[4]セラ,"さて……海だからといって追加治療を
免除したりはしませんよ。",Phân cảnh này em nén giọng nhẫn nại dữ lắm đấy.
CommonEvents,522,Hシーン21,治療21,18+_治療,セラ,\C[4]セラ,このまま砂浜の上に押し倒しちゃいます。,Anh cũng thế đúng không? Suốt buổi cắn chặt môi nhẫn nại ngầu lắm đấy.
CommonEvents,522,Hシーン21,治療21,18+_治療,セラ,\C[4]セラ,"この水着、股の部分が細いので、
そちらからお尻がよく見えるでしょう？",Lần sau chúng ta lại lén lút làm tình mặn nồng nữa nhé...♡
CommonEvents,522,Hシーン21,治療21,18+_治療,セラ,\C[4]セラ,"あなたを誘惑するために選び抜きました。
……早速視線が釘付けになっているようですね。",Chụtttt... mút mút...♡
CommonEvents,522,Hシーン21,治療21,18+_治療,セラ,\C[4]セラ,"もちろん水着を着たまま挿入することも容易です。
このまま背面騎乗位で犯していきますよ。","Ưm... ah♡
Bắn hết tinh dịch lén lút ra đi nào...♡"
CommonEvents,522,Hシーン21,治療21,18+_治療,セラ,\C[4]セラ,"私のお尻を常に視姦できるおかげか、
おちんちんが非常に硬いですね。",Ngoan lắm... em đã nuốt hết rồi.
CommonEvents,522,Hシーン21,治療21,18+_治療,セラ,\C[4]セラ,"興奮していただくのは構いませんが、
すぐ射精しないようにお気を付けください。",Trị liệu lén lút hoàn tất!
CommonEvents,522,Hシーン21,治療21,18+_治療,セラ,\C[4]セラ,"それでは動きます。
んっ……ふっ……。",Anh vất vả rồi.
CommonEvents,522,Hシーン21,治療21,18+_治療,セラ,\C[4]セラ,"長めのストロークで私のおまんこのひだを
最大限味わっていただきます。",Hôm nay em sẽ làm tình với anh ở khu vực hẻm nhỏ ngoài trời này.
CommonEvents,522,Hシーン21,治療21,18+_治療,セラ,\C[4]セラ,"カリ首がぞりぞりとおまんこをひっかいてきますね。
ん……っ、セックスがお上手で素敵です。",Nếu có người đi qua anh phải nén giọng tuyệt đối không được phát ra tiếng rên đấy.
CommonEvents,522,Hシーン21,治療21,18+_治療,セラ,\C[4]セラ,"しかし大丈夫でしょうか？
私を責めると同時にご自身の弱点を刺激してしまっていますが。",Liệu anh có thể chịu đựng được sự kích thích lén lút này không?
CommonEvents,522,Hシーン21,治療21,18+_治療,セラ,\C[4]セラ,"……鼻息が荒いですよ。
声が出ないように唇を噛んでいますね？","Nào, chúng ta bắt đầu thôi...♡"
CommonEvents,522,Hシーン21,治療21,18+_治療,セラ,\C[4]セラ,"なるほど、外で喘ぎ声を出すことを
躊躇しているのですか。",Chụtttt... chẹp chẹp...♡
CommonEvents,522,Hシーン21,治療21,18+_治療,セラ,\C[4]セラ,"確かに人気がないとは言え
大きな嬌声を出してしまえば誰か来てしまうかもしれません。","Ưm... ah♡
Sướng lắm đúng không? đồ M này...♡"
CommonEvents,522,Hシーン21,治療21,18+_治療,セラ,\C[4]セラ,"あんあんと情けない声で喘いでいたら、
女の子が乱暴されていると思われてしまうでしょうね。",Nín thở chịu đựng trong lúc em dập hông đi nào...♡
CommonEvents,522,Hシーン21,治療21,18+_治療,セラ,\C[4]セラ,実際には男の子が乱暴されている側なのですが。,Bắn tinh dịch lén lút ra đi nào... phọt phọt...♡
CommonEvents,522,Hシーン21,治療21,18+_治療,セラ,\C[4]セラ,"そうですね……丁度いいので、
そのあなたの羞恥心を治療に利用しましょう。",Ngoan lắm... em đã nuốt hết rồi.
CommonEvents,522,Hシーン21,治療21,18+_治療,セラ,\C[4]セラ,"私はあなたを喘がせようと逆レイプしますので、
あなたは声が漏れないよう耐えてください。",Bài trị liệu lén lút hẻm nhỏ kết thúc!
CommonEvents,522,Hシーン21,治療21,18+_治療,セラ,\C[4]セラ,"声が出ると犯されていると深く自覚してしまい、
自身のマゾ性癖を刺激する悪循環となってしまいます。",Hôm nay em sẽ dùng tư thế làm tình từ phía sau ở khu vực hẻm nhỏ ngoài trời này.
CommonEvents,522,Hシーン21,治療21,18+_治療,セラ,\C[4]セラ,そうならないよう、我慢できるようにする治療です。,Trong tư thế đẩy hông từ phía sau em sẽ liên tục dập hông dồn dập vào anh.
CommonEvents,522,Hシーン21,治療21,18+_治療,セラ,\C[4]セラ,"前に路地裏で治療した際は私も周りにバレることを
少々恥ずかしく思っていましたが……、",Anh phải nén tiếng rên rỉ không để người đi đường nghe thấy.
CommonEvents,522,Hシーン21,治療21,18+_治療,セラ,\C[4]セラ,"開放的な気分になっているからでしょうか。今はむしろ、
このらぶらぶえっちを見せつけても良いとさえ思っています。",Liệu anh có thể nhẫn nại được không?
CommonEvents,522,Hシーン21,治療21,18+_治療,セラ,\C[4]セラ,"ですので、遠慮なく強ーいピストンをお見舞いしちゃいますよ。
えい、えい。","Nào, hãy chuẩn bị tư thế nhé...♡"
CommonEvents,522,Hシーン21,治療21,18+_治療,セラ,\C[4]セラ,"ぱちゅんぱちゅんとお尻を叩きつけ、
柔らかい感触をあなたの鼠径部にご提供します。",Chụtttt... chẹp chẹp...♡
CommonEvents,522,Hシーン21,治療21,18+_治療,セラ,\C[4]セラ,"これ、腰全体が心地よくて
幸せになっちゃうでしょう？","Ưm... ah♡
Bắn hết tinh dịch vào sâu trong em đi nào...♡"
CommonEvents,522,Hシーン21,治療21,18+_治療,セラ,\C[4]セラ,"それに、目の前でお尻が揺れてえっちですよね。
目をつぶらずにしっかり見てください。",Ngoan lắm... em đã nuốt hết rồi.
CommonEvents,522,Hシーン21,治療21,18+_治療,セラ,\C[4]セラ,"あなた好みな肉付きの良い身体に犯されるところ……、
余さず楽しむんですよ？",Bài trị liệu lén lút từ phía sau kết thúc!
CommonEvents,522,Hシーン21,治療21,18+_治療,,\N[1],……ぅ……っ！,Gần đây có tiếng chân người đi tới kìa.
CommonEvents,522,Hシーン21,治療21,18+_治療,セラ,\C[4]セラ,"おや、喉の奥から少しだけ
甘い吐息が漏れてしまいましたね。",Hình như là vài người phụ nữ đang đi dạo.
CommonEvents,522,Hシーン21,治療21,18+_治療,セラ,\C[4]セラ,"ぎりぎり声にならない程度でしたが、
確実にマゾな気持ちが膨らんできているようです。",Nếu bị phát hiện ở tư thế này thì nhục nhã lắm đấy.
CommonEvents,522,Hシーン21,治療21,18+_治療,セラ,\C[4]セラ,"大丈夫ですか、そんな調子で。
もっとお腹に力を入れて我慢しないとだめなんじゃないですか？",Nên anh phải nén giọng tuyệt đối không được rên rỉ nhé.
CommonEvents,522,Hシーン21,治療21,18+_治療,セラ,\C[4]セラ,"女性に弱みを見せてしまっては、あっという間に
快楽によがる声を引きずり出されてしまいますよ。","Nào, em dập hông tiếp đây...♡"
CommonEvents,522,Hシーン21,治療21,18+_治療,セラ,\C[4]セラ,"そんな格好悪い姿を通行人に見られたりでもしたら
大変です。",Chụtttt... chẹp chẹp...♡
CommonEvents,522,Hシーン21,治療21,18+_治療,セラ,\C[4]セラ,"羞恥心で芯から熱くなるような感覚が頭を突き抜けて、
変な癖が付いちゃうかもしれません。",Ưm... ah...♡
CommonEvents,522,Hシーン21,治療21,18+_治療,セラ,\C[4]セラ,"そうならないよう頑張ってください。
……おや？",Tiếng chân ngày càng gần rồi kìa...
CommonEvents,522,Hシーン21,治療21,18+_治療,女性の声A,女性の声A,～～～、～～～。,Nín thở chịu đựng đi nào...♡
CommonEvents,522,Hシーン21,治療21,18+_治療,女性の声B,女性の声B,～～～。～～、～～～！,Tiếng chân đi qua rồi...
CommonEvents,522,Hシーン21,治療21,18+_治療,セラ,\C[4]セラ,"女性の話し声が聞こえますね。
それも二人組のようです。",Anh nhẫn nại giỏi lắm...♡
CommonEvents,522,Hシーン21,治療21,18+_治療,セラ,\C[4]セラ,"これはまずいですね？
大きな声を出したら気づかれてしまうかもしれません。",Bây giờ thưởng cho anh bắn tinh nhé...♡
CommonEvents,522,Hシーン21,治療21,18+_治療,セラ,\C[4]セラ,"見つかってしまえば、尻に敷かれるあなたを見て
くすくすと笑われてしまうでしょうね。",Bắn hết ra đi nào... phọt phọt...♡
CommonEvents,522,Hシーン21,治療21,18+_治療,,\N[1],"ちょっ、セラさんっ、腰振るの速くしないで……っ！
あぁ……っ！","Kìa, Sera ơi, đừng dập hông nhanh thế chứ...! A...!"
CommonEvents,522,Hシーン21,治療21,18+_治療,セラ,\C[4]セラ,"どうしましたか？　そんなに顔を真っ赤にして。
まだ見つかっていないというのに。",Sao thế anh? Mặt đỏ bừng lên thế kia. Người ta còn chưa nhìn thấy mà.
CommonEvents,522,Hシーン21,治療21,18+_治療,セラ,\C[4]セラ,"ちゃんと声を押し殺さないとだめですよ。
でないと恥をかいてしまいます。",Anh phải nén giọng đàng hoàng chứ. Không thì xấu hổ lắm đấy.
CommonEvents,522,Hシーン21,治療21,18+_治療,セラ,\C[4]セラ,"喘いでしまったら最後、見知らぬ人に醜態を晒して
プライドがぐずぐずになっちゃいますよ。","Lỡ rên lên một cái là bị người lạ nhìn thấy dáng vẻ thô nát, lòng tự trọng nát bấy luôn đấy."
CommonEvents,522,Hシーン21,治療21,18+_治療,セラ,\C[4]セラ,"だから我慢……我慢です。
私に本気ピストンされても耐えてください。",Nên là nhẫn nại... Nhẫn nại đi nhé. Dù em dập hông thật sự anh cũng phải chịu đựng đấy.
CommonEvents,522,Hシーン21,治療21,18+_治療,女性の声A,女性の声A,～～？　なんか聞こえない？,~~? Có nghe thấy tiếng gì không?
CommonEvents,522,Hシーン21,治療21,18+_治療,女性の声B,女性の声B,そう？　～～～、～～。,"Thế sao? ~~~, ~~."
CommonEvents,522,Hシーン21,治療21,18+_治療,セラ,\C[4]セラ,"あぁ、まずいですね。
言葉が聞き取れるくらい近くまで来ています。","A, nguy rồi. Nghe rõ cả tiếng nói tức là họ đang ở ngay gần đây rồi."
CommonEvents,522,Hシーン21,治療21,18+_治療,セラ,\C[4]セラ,"……くす。
涙目で必死に口を閉じて、本当に可愛い……♡",...Hì hì. Mắt ứa lệ cố ngụm chặt miệng trông đáng yêu cực kỳ...♡
CommonEvents,522,Hシーン21,治療21,18+_治療,セラ,\C[4]セラ,"そんな顔をされたら、
搾り取りたくなってしまうではありませんか。",Làm biểu cảm đó làm em muốn vắt kiệt tinh dịch của anh ngay lập tức đấy.
CommonEvents,522,Hシーン21,治療21,18+_治療,,\N[1],"うぅ……っ！
セラさん、もう……！","Ưu...! Sera ơi, anh sắp...!"
CommonEvents,522,Hシーン21,治療21,18+_治療,セラ,\C[4]セラ,"ふふ……♡　いいですよ、イってください。
あなたの情けないイき顔、見られなければいいですね？","Hì hì...♡ Được rồi, bắn đi anh. Mong là dáng vẻ thảm hại lúc lên đỉnh của anh không bị thấy nhé?"
CommonEvents,522,Hシーン21,治療21,18+_治療,セラ,\C[4]セラ,"ん……っ♡
腰、ぐりぐりって押し付けておきますね。",Ưm...♡ Hông ép chặt nghiền nát vào anh nè.
CommonEvents,522,Hシーン21,治療21,18+_治療,女性の声A,女性の声A,あれ？　分かんなくなっちゃった。,Ủa? Hết nghe thấy rồi.
CommonEvents,522,Hシーン21,治療21,18+_治療,女性の声B,女性の声B,波の音か何かだったんじゃない？,Chắc là tiếng sóng biển hay tiếng gì đó thôi.
CommonEvents,522,Hシーン21,治療21,18+_治療,セラ,\C[4]セラ,"……どうやら気づかれなかったようです。
良かったですね？",...Có vẻ họ không phát hiện ra. Tốt quá rồi nhỉ?
CommonEvents,522,Hシーン21,治療21,18+_治療,セラ,\C[4]セラ,"ですが私も何だかんだと言いつつ、
見られなくて安心しています。",Nhưng em nói thế thôi chứ em cũng nhẹ cả người vì họ không nhìn thấy.
CommonEvents,522,Hシーン21,治療21,18+_治療,セラ,\C[4]セラ,"あなたの可愛らしい姿を私以外の人に見られるのは、
少々妬けてしまいますから。",Vì dáng vẻ đáng yêu của anh mà bị ai khác ngoài em nhìn thấy thì em sẽ hơi ghen đấy.
CommonEvents,523,Hシーン22,治療22,18+_治療,セラ,\C[4]セラ,"生のおまんこだけでなく、
偽物にも負けてしまうとは。",Không chỉ thua cô bé thật mà ngay cả đồ giả anh cũng thua nốt.
CommonEvents,523,Hシーン22,治療22,18+_治療,セラ,\C[4]セラ,"こうも簡単におちんちんが騙されるなんて
心配になってしまいます。",Con cu của anh dễ bị lừa thế này làm em lo lắng quá đi.
CommonEvents,523,Hシーン22,治療22,18+_治療,セラ,\C[4]セラ,しっかりと追加治療で対策しなければ。,Phải tiến hành trị liệu bổ sung để phòng ngừa mới được.
CommonEvents,523,Hシーン22,治療22,18+_治療,,\N[1],セラさん、この恰好は……。,"Sera ơi, tư thế này là..."
CommonEvents,523,Hシーン22,治療22,18+_治療,セラ,\C[4]セラ,"四つん這いでお尻を突き出していただく体勢は
おちんちんの反応がよく見えますから。",Tư thế bò bốn chân chổng mông lên thế này nhìn rõ phản ứng của con cu nhất mà.
CommonEvents,523,Hシーン22,治療22,18+_治療,セラ,\C[4]セラ,"ここからよく見える金玉さんやお尻の穴も、
あなたが気持ちよくなっていることを素直に教えてくれますしね。","Từ góc này nhìn rõ hai hòn ngọc lẫn lỗ hậu của anh, chúng đang ngoan ngoãn báo cho em biết anh đang sướng thế nào đấy."
CommonEvents,523,Hシーン22,治療22,18+_治療,,\N[1],（は、恥ずかしい……！）,(X-Xấu hổ quá...!)
CommonEvents,523,Hシーン22,治療22,18+_治療,セラ,\C[4]セラ,"さて、ではこのローションをたっぷり追加したオナホに
おちんちんを入れてしまいますね。","Được rồi, bây giờ em sẽ đút con cu vào chiếc Onahole tràn trề gel này nhé."
CommonEvents,523,Hシーン22,治療22,18+_治療,セラ,\C[4]セラ,にゅるにゅるにゅる～……。,Trượt trượt trượt~...
CommonEvents,523,Hシーン22,治療22,18+_治療,セラ,\C[4]セラ,"ふふ……お尻がきゅっと縮こまって可愛いです。
びっくりしちゃったんですね。",Hì hì... Mông săn lại đáng yêu chưa kìa. Giật mình rồi đúng không.
CommonEvents,523,Hシーン22,治療22,18+_治療,セラ,\C[4]セラ,"よしよし……これはただのおもちゃですからね。
怖くないですよ。",Ngoan ngoan... Đây chỉ là đồ chơi thôi. Không có gì đáng sợ đâu.
CommonEvents,523,Hシーン22,治療22,18+_治療,セラ,\C[4]セラ,"やはりあなたは何か刺激がある度に
恐れをなして受け身になってしまうようですね。",Quả nhiên mỗi lần có kích thích gì là anh lại sợ hãi bị động ngay nhỉ.
CommonEvents,523,Hシーン22,治療22,18+_治療,セラ,\C[4]セラ,"私はあなたの弱さの原因の一つに、
「自信のなさ」があるのではないかと推察しています。","Em đoán một trong những nguyên nhân khiến anh yếu ớt là do ""Thiếu tự tin""."
CommonEvents,523,Hシーン22,治療22,18+_治療,セラ,\C[4]セラ,"ですから今日は、おちんちんにたくさん
優しい言葉をかけて励ましていこうと思います。",Nên hôm nay em sẽ nói thật nhiều lời dịu dàng cổ vũ cho con cu của anh nhé.
CommonEvents,523,Hシーン22,治療22,18+_治療,セラ,\C[4]セラ,例えばこのように……、,Ví dụ như thế này...
CommonEvents,523,Hシーン22,治療22,18+_治療,セラ,\C[4]セラ,"ほーら、オナホでちゅこちゅこされるのは
気持ちいいことなんですよー。","Nào nào, được Onahole mút chụt chụt sướng lắm đúng không nào~."
CommonEvents,523,Hシーン22,治療22,18+_治療,セラ,\C[4]セラ,"怖がらなくて大丈夫です。
勃起してたらご奉仕してもらえるだけですよ。",Không cần sợ hãi đâu. Cương cứng lên là được phục vụ tận tình rồi.
CommonEvents,523,Hシーン22,治療22,18+_治療,セラ,\C[4]セラ,"……ふむ。また少し大きくなった気がします。
慰められて自尊心を取り戻したということでしょうか。",...Hừm. Hình như lại to hơn một chút rồi. Được an ủi nên lấy lại lòng tự trọng rồi sao.
CommonEvents,523,Hシーン22,治療22,18+_治療,セラ,\C[4]セラ,"こうやって堂々と勃起できるように、
甘やかしオナホ治療、続けていきます。","Để anh có thể hiên ngang cương cứng thế này, em sẽ tiếp tục bài trị liệu Onahole chiều chuộng nhé."
CommonEvents,523,Hシーン22,治療22,18+_治療,セラ,\C[4]セラ,"にゅる、にゅる……にゅこ、にゅこ……。
オナホでセックスごっこするの気持ちいいですねー。",Trượt trượt... mút mút... Làm tình giả lập với Onahole sướng quá nhỉ~.
CommonEvents,523,Hシーン22,治療22,18+_治療,セラ,\C[4]セラ,"きっとこんな大きなおちんちんで突かれていたら
オナホさんも気持ちよくなっていますよ。",Chắc chắn bị con cu to bự thế này dập vào Onahole cũng thấy sướng lây rồi.
CommonEvents,523,Hシーン22,治療22,18+_治療,セラ,\C[4]セラ,"おまんこを気持ちよくできるなんてすごいですね。
セックス上手。格好いいです。",Làm cô bé thấy sướng được anh giỏi quá đi. Làm tình giỏi thật. Ngầu quá.
CommonEvents,523,Hシーン22,治療22,18+_治療,,\N[1],"あ、あの……この恰好で褒められるの、
逆に恥ずかしいんですが……っ。","A, ờm... Trong tư thế này mà được khen làm tôi thấy xấu hổ hơn đấy...!"
CommonEvents,523,Hシーン22,治療22,18+_治療,セラ,\C[4]セラ,"誉め言葉を素直に受け取れないのは
自己肯定感が低い証拠です。",Không thể tự nhiên tiếp nhận lời khen là bằng chứng của việc lòng tự trọng thấp đấy.
CommonEvents,523,Hシーン22,治療22,18+_治療,セラ,\C[4]セラ,"これは徹底的にちやほやして
優しく導く必要がありますね。",Thế này thì cần phải nịnh bợ khen ngợi triệt để để dẫn dắt anh dịu dàng mới được.
CommonEvents,523,Hシーン22,治療22,18+_治療,,\N[1],そ、そういうわけじゃ……うっ……！,Kh-Không phải thế đâu... Ưu...!
CommonEvents,523,Hシーン22,治療22,18+_治療,セラ,\C[4]セラ,"中でカリ首がぷっくり膨らんでいるのが見えます。
カリ高でとっても気持ちよさそうなおちんちんですね。",Bên trong thấy rãnh quy đầu sưng to lên rồi kìa. Con cu có rãnh quy đầu cao trông sướng lắm nhỉ.
CommonEvents,523,Hシーン22,治療22,18+_治療,セラ,\C[4]セラ,"オナホを引き抜く度、名残惜しそうに
中のつぶつぶを一つ一つひっかいていきます。",Mỗi lần rút Onahole ra là như tiếc nuối gãi nhẹ từng hạt nổi bên trong.
CommonEvents,523,Hシーン22,治療22,18+_治療,セラ,\C[4]セラ,"きっと女の子のGスポットを刺激するために
一所懸命に先っぽを大きくしているんですね。",Chắc chắn để kích thích điểm G của con gái nên anh mới cố hết sức làm phần đầu to ra đúng không.
CommonEvents,523,Hシーン22,治療22,18+_治療,セラ,\C[4]セラ,"いつも私の中であなたのおちんちんは
このように頑張っている、ということですか。",Ý anh là trong người em con cu của anh cũng đang cố gắng như thế đúng không.
CommonEvents,523,Hシーン22,治療22,18+_治療,セラ,\C[4]セラ,治療なのに私が気持ちよくなってしまうのも頷けます。,Chẳng trách là trị liệu mà em cũng thấy sướng lây nữa.
CommonEvents,523,Hシーン22,治療22,18+_治療,セラ,\C[4]セラ,"相手のことまで考えられてえらいです。
いい子いい子。",Biết nghĩ cho đối phương anh giỏi lắm. Đứa trẻ ngoan.
CommonEvents,523,Hシーン22,治療22,18+_治療,セラ,\C[4]セラ,"でも、ちゃんと自分も気持ちよくなってくださいね。
くびれを優しく、にゅこにゅこ。",Nhưng anh cũng phải tự làm mình sướng đàng hoàng nhé. Dịu dàng trút mút phần rãnh quy đầu nè.
CommonEvents,523,Hシーン22,治療22,18+_治療,セラ,\C[4]セラ,"透明なのであなたの弱いところを責めやすいです。
にゅるにゅる、ちゅこちゅこ。","Vì trong suốt nên dễ nhắm vào điểm yếu của anh lắm. Trượt trượt, mút mút."
CommonEvents,523,Hシーン22,治療22,18+_治療,セラ,\C[4]セラ,"亀頭さんまですっぽり包まれて
優しく刺激されると気持ちいいですよね。",Được bọc kín tận quy đầu rồi kích thích dịu dàng sướng lắm đúng không.
CommonEvents,523,Hシーン22,治療22,18+_治療,セラ,\C[4]セラ,"頭なでなでするみたいに、亀頭をしこしこ……。
敏感さんでもローションのおかげで痛くないですね。","Giống như đang xoa đầu, sóc nhẹ phần quy đầu... Dù nhạy cảm nhưng nhờ có gel nên không đau chút nào nhé."
CommonEvents,523,Hシーン22,治療22,18+_治療,セラ,\C[4]セラ,……おや、腰がへこへこと上下に動いてしまっていますね。,"...Ơ kìa, hông anh nhúc nhích lên xuống kìa."
CommonEvents,523,Hシーン22,治療22,18+_治療,,\N[1],（やばいっ、気持ちよくて腰が引けてる……っ！）,"(Nguy rồi, sướng quá hông tự động lùi lại rồi...!)"
CommonEvents,523,Hシーン22,治療22,18+_治療,セラ,\C[4]セラ,"もしかしてオナホさんに
お返しのピストンをしてあげているんでしょうか。",Chẳng lẽ anh đang nhấp hông đáp lại để làm sướng Onahole sao.
CommonEvents,523,Hシーン22,治療22,18+_治療,セラ,\C[4]セラ,"とってもえらいです。
なんて紳士な男の子なんでしょうか。",Giỏi quá đi thôi. Đúng là một anh chàng lịch thiệp mà.
CommonEvents,523,Hシーン22,治療22,18+_治療,セラ,\C[4]セラ,"へこへこお上手ですね。
格好いいですよ。",Nhấp hông giỏi lắm nhé. Ngầu lắm đấy.
CommonEvents,523,Hシーン22,治療22,18+_治療,セラ,\C[4]セラ,"そんないい子にはご褒美を上げます。
ちゅこちゅこちゅこちゅこ～……。",Đứa trẻ ngoan thế này em sẽ thưởng cho nhé. Mút mút mút mút~...
CommonEvents,523,Hシーン22,治療22,18+_治療,セラ,\C[4]セラ,"ふふ……へこへこが速くなってしまいました。
夢中でセックスごっこしちゃってますね。",Hì hì... Nhấp hông nhanh hơn rồi kìa. Say mê làm tình giả lập rồi đúng không.
CommonEvents,523,Hシーン22,治療22,18+_治療,セラ,\C[4]セラ,"ほらほら、ラストスパートですから、
もっと本気ピストン見せてください。","Nào nào, chặng cuối rồi đấy, cho em xem màn dập hông thật sự hơn nữa đi."
CommonEvents,523,Hシーン22,治療22,18+_治療,セラ,\C[4]セラ,"オナホさんを気持ちよくするぞ、イかせてやるぞ～って
頑張って腰を振りましょう。","Hãy cố gắng dập hông với quyết tâm làm Onahole sướng phát điên, làm cho Onahole lên đỉnh nào."
CommonEvents,523,Hシーン22,治療22,18+_治療,セラ,\C[4]セラ,"……段々上半身が崩れて枕に埋もれていっていますね。
少し疲れてしまったのでしょうか。",...Nửa thân trên dần gục xuống gối rồi kìa. Có vẻ hơi mệt rồi sao.
CommonEvents,523,Hシーン22,治療22,18+_治療,セラ,\C[4]セラ,"より一層お尻を突き出すような体勢になっていますよ。
頑張ってください、偽物おまんこに負けないでください。","Tạo thành tư thế càng chổng mông lên cao hơn nữa kìa. Cố lên anh, đừng thua cô bé giả nhé."
CommonEvents,523,Hシーン22,治療22,18+_治療,セラ,\C[4]セラ,"がんばれがんばれ。
絶頂まであと少しですから、力を振り絞ってください。","Cố lên cố lên. Sắp tới lúc lên đỉnh rồi, hãy vắt kiệt sức lực đi."
CommonEvents,523,Hシーン22,治療22,18+_治療,セラ,\C[4]セラ,"女の子の子宮口におちんちんの先っぽをキスさせながら
一番奥にぴゅ～ってできたら格好いいですよ。",Vừa để phần đầu con cu hôn lên cửa tử cung con gái vừa bắn phọt tinh dịch vào sâu nhất thì ngầu lắm đấy.
CommonEvents,523,Hシーン22,治療22,18+_治療,セラ,\C[4]セラ,"ふれー、ふれー、おちんちんさん。
オナホさんのちゅこちゅこ攻撃に負けるな。",Cố lên cố lên con cu ơi. Đừng thua trước đòn mút mút của Onahole nhé.
CommonEvents,523,Hシーン22,治療22,18+_治療,セラ,\C[4]セラ,"金玉が上に持ち上がっていますね。
そろそろ出ますか？",Hai hòn ngọc rủ lên trên rồi kìa. Sắp bắn ra chưa anh?
CommonEvents,523,Hシーン22,治療22,18+_治療,セラ,\C[4]セラ,"じゃあ、あなたが種付けするところ、
オナホ越しに見ていてあげますからね。",Thế em sẽ nhìn cảnh anh làm tình có thai qua chiếc Onahole nhé.
CommonEvents,523,Hシーン22,治療22,18+_治療,セラ,\C[4]セラ,"ぴゅ～、ぴゅるる～……。
はい、お射精上手ですね。","Phọt phọt, trào trào~... Vâng, bắn tinh giỏi lắm nhé."
CommonEvents,523,Hシーン22,治療22,18+_治療,セラ,\C[4]セラ,"どうですか？
これで自信が付きましたか？",Anh thấy thế nào? Đã tự tin hơn chưa?
CommonEvents,523,Hシーン22,治療22,18+_治療,セラ,\C[4]セラ,"おや？
どうしてそんなにお顔を真っ赤にしているんですか？",Ơ kìa? Sao mặt anh lại đỏ bừng lên thế kia?
CommonEvents,524,Hシーン23,治療23,18+_治療,セラ,\C[4]セラ,はぁ……っ、はぁ……っ。,Hà... hà...
CommonEvents,524,Hシーン23,治療23,18+_治療,,\N[1],（セラさんのおまんこ、もう既にぐっしょり濡れてる……）,(Cô bé của Sera đã ướt đẫm lênh láng sẵn rồi...)
CommonEvents,524,Hシーン23,治療23,18+_治療,セラ,\C[4]セラ,"おちんちん、入れてください……。
できれば奥まで一気に……。",Cho con cu vào đi anh... Nếu được thì đút một hơi vào tận sâu nhất...
CommonEvents,524,Hシーン23,治療23,18+_治療,,\N[1],"は、はい。
入れますね。",V-Vâng. Em cho vào nhé.
CommonEvents,524,Hシーン23,治療23,18+_治療,セラ,\C[4]セラ,ん、あぁ……っ♡,"Ưm, á...♡"
CommonEvents,524,Hシーン23,治療23,18+_治療,セラ,\C[4]セラ,"うっ……ん……っ。
おちんちん、硬い……。",Ức... ưm... Con cu cứng thật...
CommonEvents,524,Hシーン23,治療23,18+_治療,セラ,\C[4]セラ,"もしかして、私のオナニーを見て
勃起していたんですか？",Chẳng lẽ nhìn em tự sướng mà anh cương lên sao?
CommonEvents,524,Hシーン23,治療23,18+_治療,,\N[1],は、はい……正直、エロくて……。,V-Vâng... Thú thật là gợi dục quá...
CommonEvents,524,Hシーン23,治療23,18+_治療,セラ,\C[4]セラ,"もう……。
私は本気で苦しんでるんですよ？",Thật là... Em đang khổ sở thật sự đấy nhé?
CommonEvents,524,Hシーン23,治療23,18+_治療,セラ,\C[4]セラ,"それなのにあなたは私にオカズを提供したり、
勝手にのぞき見して勃起したり……。","Thế mà anh lại cung cấp mồi ngon cho em, rồi tự tiện nhìn lén để cương lên..."
CommonEvents,524,Hシーン23,治療23,18+_治療,セラ,\C[4]セラ,"私がどれだけつらいのか、あなたにも教えてあげます。
えい。",Em sẽ cho anh biết em khổ sở đến mức nào. Đây này.
CommonEvents,524,Hシーン23,治療23,18+_治療,,\N[1],"……っ！？
セ、セラさん、何を……！？",...!? S-Sera ơi em làm gì thế...!?
CommonEvents,524,Hシーン23,治療23,18+_治療,セラ,\C[4]セラ,あなたの感度を一時的に増幅しました。,Em vừa tạm thời khống chế tăng độ nhạy cảm của anh lên đấy.
CommonEvents,524,Hシーン23,治療23,18+_治療,セラ,\C[4]セラ,"少しでもおちんちんを動かせば分かるはずです。
自分の身体がどうなってしまったのか。",Chỉ cần nhúc nhích con cu một chút là anh sẽ biết ngay. Cơ thể anh đã biến thành thế nào.
CommonEvents,524,Hシーン23,治療23,18+_治療,セラ,\C[4]セラ,"ほら、どうぞ。
喉を鳴らしていないで腰を振ったらどうですか？","Nào, xin mời. Đừng nuốt nước bọt nữa mau dập hông đi xem nào?"
CommonEvents,524,Hシーン23,治療23,18+_治療,,\N[1],わ、分かりました……。,E-Em hiểu rồi...
CommonEvents,524,Hシーン23,治療23,18+_治療,,\N[1],"……うぅっ！？
くっ……あぁ……っ！？",...Ưu!? Ức... ah...!
CommonEvents,524,Hシーン23,治療23,18+_治療,セラ,\C[4]セラ,"くす……♡
腰を引いただけでその反応……♡",Hì hì...♡ Mới lùi hông chút xíu mà phản ứng thế rồi...♡
CommonEvents,524,Hシーン23,治療23,18+_治療,セラ,\C[4]セラ,"感覚が鋭敏になったおかげで、
中の感触がいつもよりよく分かるんじゃないですか？",Nhờ cảm giác nhạy bén lên mà cảm giác bên trong cảm nhận rõ hơn bình thường đúng không?
CommonEvents,524,Hシーン23,治療23,18+_治療,セラ,\C[4]セラ,"私のおまんこの形が、あなたの記憶へ
強制的に刻み込まれてしまうくらいに。",Đến mức hình dáng cô bé của em ép buộc khắc sâu vào ký ức của anh luôn đấy.
CommonEvents,524,Hシーン23,治療23,18+_治療,セラ,\C[4]セラ,"さぁ、腰を振ってください。今回の治療は、
状態異常で身体がいつも以上に弱くなった場合の対策です。","Nào, dập hông đi anh. Trị liệu lần này là biện pháp đối phó khi cơ thể yếu hơn bình thường do trúng trạng thái bất thường đấy."
CommonEvents,524,Hシーン23,治療23,18+_治療,,\N[1],"うぁ……っ、くぅぅ……！
ひっ、あぁ……！","U a..., ức...! Hích, ah...!"
CommonEvents,524,Hシーン23,治療23,18+_治療,セラ,\C[4]セラ,"ふふふ……♡
そんなにゆっくりで情けないピストン、初めて見ました……♡",Hì hì...♡ Màn dập hông chậm chạp thảm hại thế này lần đầu em mới thấy đấy...♡
CommonEvents,524,Hシーン23,治療23,18+_治療,セラ,\C[4]セラ,"あぁ、いけません……オナニーじゃ満足できなかったのに、
あなたを見てると幸福感が溢れてきてしまいます……♡","Á, không được... Tự sướng không thỏa mãn mà nhìn anh là cảm giác hạnh phúc lại tràn dâng...♡"
CommonEvents,524,Hシーン23,治療23,18+_治療,セラ,\C[4]セラ,"ほらほら、頑張ってください。
へこへこ止めちゃだめですよ。","Nào nào, cố lên anh. Đừng dừng hông lại đấy nhé."
CommonEvents,524,Hシーン23,治療23,18+_治療,セラ,\C[4]セラ,"でも、お射精もできるだけ我慢です。
すぐお漏らししたらもっと格好悪いですから。",Nhưng bắn tinh thì ráng nhẫn nại tối đa nhé. Bắn dầm dề ngay thì càng thảm hại hơn đấy.
CommonEvents,524,Hシーン23,治療23,18+_治療,セラ,\C[4]セラ,"弱いおちんちんでも耐えられる限界ぎりぎりのスピードで
セックスしてください。",Hãy làm tình với tốc độ sát ranh giới mà con cu yếu ớt có thể chịu đựng được đi.
CommonEvents,524,Hシーン23,治療23,18+_治療,セラ,\C[4]セラ,"全身鳥肌が立っていますね……一振りごとに
強烈な快感が襲ってきているのでしょう？",Toàn thân nổi hết cả da gà rần rần kìa... Mỗi đợt nhấp hông là sự sung sướng mãnh liệt lại ập đến đúng không?
CommonEvents,524,Hシーン23,治療23,18+_治療,セラ,\C[4]セラ,"入れる時は亀頭で膣をかき分けるだけでも声が出そうになり、
出す時はカリ首をねちっこくいじめられて身体が震えてしまう……。","Lúc đưa vào thì quy đầu rẽ cô bé ra làm muốn rên lên, lúc rút ra thì rãnh quy đầu bị trêu chọc quánh dính làm cơ thể run bần bật..."
CommonEvents,524,Hシーン23,治療23,18+_治療,セラ,\C[4]セラ,"こんな状態では一息つくことさえできないですね？
ず～っと息も絶え絶えの状態です。",Trạng thái này thì ngay cả thở thở một hơi cũng không xong đúng không? Lúc nào cũng đứt hơi thở dồn dập.
CommonEvents,524,Hシーン23,治療23,18+_治療,セラ,\C[4]セラ,"ちなみに、浅くピストンするなんて手抜きは許しませんよ？
ちゃんと毎回竿から先っぽまで出し入れしてください。",Tiện thể em không cho phép ăn bớt dập nông đâu nhé? Mỗi lần phải đưa từ thân cu ra tận phần đầu đấy.
CommonEvents,524,Hシーン23,治療23,18+_治療,セラ,\C[4]セラ,"んっ♡　あぁん……っ♡
そうです、その調子です……♡","Ưm... ah... Đúng rồi, phong độ đó đấy...♡"
CommonEvents,524,Hシーン23,治療23,18+_治療,セラ,\C[4]セラ,"あなたのおちんちん、本気で勃起しているので
ゆっくりでもごりごりと良いところを圧迫してきます……♡",Con cu của anh cương cứng ngắc thật sự nên dù chậm rãi nhưng vẫn nghiền nát đè nén vào điểm G ngọt ngào...♡
CommonEvents,524,Hシーン23,治療23,18+_治療,セラ,\C[4]セラ,"お返しにおまんこを締めてあげましょう。
ぎゅ～……。",Thế là em được xem dáng vẻ chịu đựng khổ sở ngọt ngào của anh rồi nhé...♡
CommonEvents,524,Hシーン23,治療23,18+_治療,,\N[1],"くっ、ひっ……！
だめだめだめっ！　それ無理ですっ！",Bài trị liệu độ nhạy cảm tăng gấp 10 lần hoàn tất!
CommonEvents,524,Hシーン23,治療23,18+_治療,セラ,\C[4]セラ,"あーあ、腰振りが止まってしまいました。
そんなに効いちゃいましたか？",Anh vất vả rồi.
CommonEvents,524,Hシーン23,治療23,18+_治療,セラ,\C[4]セラ,"頑張ればきっと動けますよ。
さぁ、もう一度挑戦してください。",Thế nào? Cảm nhận rõ ràng hơn bình thường đúng không?
CommonEvents,524,Hシーン23,治療23,18+_治療,セラ,\C[4]セラ,腰に力を入れて、せーの……、,V-Vâng... Sướng chịu không nổi luôn...
CommonEvents,524,Hシーン23,治療23,18+_治療,セラ,\C[4]セラ,"にゅぷぷ～……♡
んっ……♡",Hì hì... Thế là tốt rồi.
CommonEvents,524,Hシーン23,治療23,18+_治療,セラ,\C[4]セラ,"今度は引き抜きますよ？
せーの、にゅるる～……♡",Nhờ thế mà hình dáng cô bé của em đã khắc sâu vào cơ thể anh rồi đúng không.
CommonEvents,524,Hシーン23,治療23,18+_治療,,\N[1],ひぃ、ん……っ！,Sau này anh sẽ không thể làm tình với ai khác ngoài em nữa đâu.
CommonEvents,524,Hシーン23,治療23,18+_治療,セラ,\C[4]セラ,"「ひぃん」って……♡
くす……あははっ……♡","Nào, thưởng cho anh bắn tinh đây."
CommonEvents,524,Hシーン23,治療23,18+_治療,セラ,\C[4]セラ,"こほん……少々意地悪が過ぎましたね。
申し訳ありません。",Bắn hết tinh dịch vào sâu trong em đi nào...♡
CommonEvents,524,Hシーン23,治療23,18+_治療,セラ,\C[4]セラ,"もう我慢しなくて大丈夫ですよ。
一緒にイってしまいましょう……♡",Chụtttt... mút mút...♡
CommonEvents,524,Hシーン23,治療23,18+_治療,セラ,\C[4]セラ,"遅いピストンで構いませんから、
私の一番奥、突いて欲しいです。","Ưm... ah♡
Bắn hết tinh dịch ngọt ngào ra đi nào...♡"
CommonEvents,524,Hシーン23,治療23,18+_治療,セラ,\C[4]セラ,"んっ♡　あぁっ♡　そうです♡
お上手ですよ♡",Ngoan lắm... em đã nhận hết tinh dịch của anh rồi.
CommonEvents,524,Hシーン23,治療23,18+_治療,セラ,\C[4]セラ,"必死に腰を動かそうとするお顔、可愛いです♡
可愛いっ♡　好きっ♡",Trị liệu độ nhạy cảm hoàn tất!
CommonEvents,524,Hシーン23,治療23,18+_治療,セラ,\C[4]セラ,"中出ししてください♡
弱々なピストンでぴゅるるって白いの出してください♡",Hôm nay em sẽ tiến hành bài trị liệu nhập vai thô bạo đặc biệt.
CommonEvents,524,Hシーン23,治療23,18+_治療,セラ,\C[4]セラ,"あっ、あっ、イくっ……♡
んあぁぁ……っ♡",Nhập vai thô bạo sao...?
CommonEvents,524,Hシーン23,治療23,18+_治療,セラ,\C[4]セラ,"はぁ……っ♡　はぁ……っ♡
んっ……♡",Vâng. Em sẽ dùng từ ngữ thô bạo như quái vật thực thụ để ép anh phải nghe lời tuyệt đối.
CommonEvents,524,Hシーン23,治療23,18+_治療,セラ,\C[4]セラ,少し、はしたないところを見せてしまいましたね……♡,"Em sẽ đè anh xuống, dùng cặp đùi kẹp chặt lấy anh rồi sỉ nhục anh."
CommonEvents,525,Hシーン24,治療24,18+_治療,セラ,\C[4]セラ,"はぁ……っ♡　はぁ……っ♡
精液の匂い……頭がくらくらします……♡",Liệu anh có thể kháng cự lại sự thống trị thô bạo này không?
CommonEvents,525,Hシーン24,治療24,18+_治療,セラ,\C[4]セラ,"もういいですよね……？
私も気持ちよくなったって……。","Nào, hãy chuẩn bị tư thế đi nhé...♡"
CommonEvents,525,Hシーン24,治療24,18+_治療,セラ,\C[4]セラ,早く私とセックスしましょう……♡,Chụtttt... chẹp chẹp...♡
CommonEvents,525,Hシーン24,治療24,18+_治療,,\N[1],"セラさん、本当に大丈夫ですか？
つらそうですよ……？","Ưm... ah♡
Bắn hết tinh dịch thảm hại của tên M yếu ớt ra đi nào...♡"
CommonEvents,525,Hシーン24,治療24,18+_治療,セラ,\C[4]セラ,"つらくて当たり前です……。ずっとずっとあなたとえっちしたくて
たまらなかったんですから……。",Ngoan lắm... em đã nuốt hết rồi.
CommonEvents,525,Hシーン24,治療24,18+_治療,セラ,\C[4]セラ,"入れてください。
入れてくれないとつらいの治りません。",Bài trị liệu nhập vai thô bạo kết thúc!
CommonEvents,525,Hシーン24,治療24,18+_治療,,\N[1],"わ、分かりました……。
じゃあ入れますよ……？",Hôm nay có vẻ như anh rất muốn làm tình với em đúng không.
CommonEvents,525,Hシーン24,治療24,18+_治療,セラ,\C[4]セラ,～～～……っ♡,Ánh mắt anh nồng nặc ham muốn kìa.
CommonEvents,525,Hシーン24,治療24,18+_治療,セラ,\C[4]セラ,"はぁっ……♡　うぅぅ……♡
気持ちいいぃ……♡","Được rồi, em sẽ đáp ứng mong muốn đó của anh."
CommonEvents,525,Hシーン24,治療24,18+_治療,セラ,\C[4]セラ,"あなたのおちんちん好き……っ♡
これ、ずっと欲しかったんです……♡",Hôm nay chúng ta sẽ làm tình mặn nồng nồng nàn nhé.
CommonEvents,525,Hシーン24,治療24,18+_治療,セラ,\C[4]セラ,"腰振ってください……♡
乱暴にしてもいいですから……♡","Nào, cho con cu vào đi anh...♡"
CommonEvents,525,Hシーン24,治療24,18+_治療,セラ,\C[4]セラ,"あっ♡　あっ♡　良いです♡
気持ちいい♡　んっ♡",Ưm...
CommonEvents,525,Hシーン24,治療24,18+_治療,セラ,\C[4]セラ,"これっ、勝手に愛液溢れてくる……っ♡
本能が刺激されちゃってます……♡",Con cu cương cứng ngắc đút vào tận sâu bên trong rồi.
CommonEvents,525,Hシーン24,治療24,18+_治療,,\N[1],"セラさんっ、これやば……っ！
締め付け強っ……！",Sướng lắm đúng không?
CommonEvents,525,Hシーン24,治療24,18+_治療,セラ,\C[4]セラ,"腰振るの止めないでくださいね。んっ♡
ちょっとでも緩めたらおまんこが寂しくなっちゃいます……♡","Nào, anh cứ việc dập hông mặn nồng theo ý thích nhé."
CommonEvents,525,Hシーン24,治療24,18+_治療,セラ,\C[4]セラ,"セックスやめたら怒りますから♡　さっきの治療で
可愛い表情をして私を誘惑した分、たくさんご奉仕してください♡",Vâng...
CommonEvents,525,Hシーン24,治療24,18+_治療,セラ,\C[4]セラ,"ほら、私のお尻を押しつぶすように
腰を押し付けてください♡　んっ♡","Á... ah, dập hông nồng nàn ghê."
CommonEvents,525,Hシーン24,治療24,18+_治療,セラ,\C[4]セラ,"ぱんぱんって激しく音が鳴るように
ピストンするんです♡",Em cũng thấy sướng lây rồi...
CommonEvents,525,Hシーン24,治療24,18+_治療,セラ,\C[4]セラ,"そうしたら、奥の女の子の弱点に当たって
気持ちよくなれますから……♡",Cứ thế này mà cùng nhau lên đỉnh nhé...♡
CommonEvents,525,Hシーン24,治療24,18+_治療,セラ,\C[4]セラ,"あっ♡　はぁんっ……♡
いいですよ……♡　もっとです……♡",Ưm... ah♡
CommonEvents,525,Hシーン24,治療24,18+_治療,セラ,\C[4]セラ,"カリ首で膣壁をなぞるのも忘れないでください♡
子宮口以外にも好きってアピールしてください♡",Á...♡ Dập hông sâu quá...♡
CommonEvents,525,Hシーン24,治療24,18+_治療,セラ,\C[4]セラ,"くびれのところでぞりぞりされる感覚、大好きなんです♡
ほら、カリで圧迫するように腰を引いて……♡",Anh làm giỏi lắm...♡
CommonEvents,525,Hシーン24,治療24,18+_治療,セラ,\C[4]セラ,"んあぁ……っ、～～～っ……♡
く、うぅ……♡",Cứ tiếp tục dập hông nồng nàn thế này nhé...♡
CommonEvents,525,Hシーン24,治療24,18+_治療,セラ,\C[4]セラ,"とってもお上手……♡
さすがあなたです♡　本当に素敵……♡",Bắn hết tinh dịch vào sâu trong em đi nào...♡
CommonEvents,525,Hシーン24,治療24,18+_治療,セラ,\C[4]セラ,"今の、たくさんしてください♡
あっ、んぅぅ……っ♡",Á...♡ Lên đỉnh...♡
CommonEvents,525,Hシーン24,治療24,18+_治療,セラ,\C[4]セラ,"気持ちいい……っ♡
あぁ……っ♡　ふぅぅ……っ♡",Hà... hà...♡
CommonEvents,525,Hシーン24,治療24,18+_治療,,\N[1],"セラさんっ、これ僕も気持ちよくて、
イっちゃいそうです……っ！","Sera ơi, thế này anh cũng sướng quá, sắp bắn tinh rồi...!"
CommonEvents,525,Hシーン24,治療24,18+_治療,セラ,\C[4]セラ,"……！　あなたの精液……♡
欲しい……♡　欲しいです……♡",...! Tinh dịch của anh...♡ Em muốn...♡ Em muốn lắm...♡
CommonEvents,525,Hシーン24,治療24,18+_治療,セラ,\C[4]セラ,"外出しは絶対だめ♡
中にびゅ～ってしてください♡",Tuyệt đối không được bắn ra ngoài đâu nhé♡ Hãy bắn phọt phọt vào bên trong em đi♡
CommonEvents,525,Hシーン24,治療24,18+_治療,セラ,\C[4]セラ,"あっ♡　あっ♡　イく時の動き……っ♡
いいですよ♡　イって♡　出して♡",Á♡ Á♡ Chuyển động lúc sắp lên đỉnh kìa...♡ Tốt lắm♡ Bắn đi♡ Phun ra đi♡
CommonEvents,525,Hシーン24,治療24,18+_治療,セラ,\C[4]セラ,"あぁぁ……っ♡
私も、イく……っ♡","A a a...♡ Em cũng, lên đỉnh...♡"
CommonEvents,525,Hシーン24,治療24,18+_治療,セラ,\C[4]セラ,"はぁ……っ♡　はぁ……っ♡
全身ぞくぞくって……♡　これ好き……♡",Hà...♡ Hà...♡ Toàn thân nổi da gà rần rần...♡ Em thích cái này...♡
CommonEvents,525,Hシーン24,治療24,18+_治療,セラ,\C[4]セラ,"もっとです……♡　まだおちんちん硬いでしょう？♡
セックス続けてください♡",Nữa đi anh...♡ Con cu vẫn còn cứng đúng không?♡ Tiếp tục làm tình đi anh♡
CommonEvents,525,Hシーン24,治療24,18+_治療,,\N[1],そ、そういわれてもイったばかりだからまだ敏感で……っ。,D-Dù em nói thế nhưng anh vừa mới bắn xong nên còn nhạy cảm lắm...!
CommonEvents,525,Hシーン24,治療24,18+_治療,セラ,\C[4]セラ,"いいからっ♡
腰振りなさいっ♡",Kệ đi chứ♡ Mau dập hông đi♡
CommonEvents,525,Hシーン24,治療24,18+_治療,,\N[1],"は、はいぃ……！
うぅぅ……っ！",V-Vâng...! Ưu...!
CommonEvents,525,Hシーン24,治療24,18+_治療,セラ,\C[4]セラ,"あっ♡　んっ♡　弱っちいピストンしちゃだめですよ♡
本気セックスじゃないと満足できませんから♡",Á♡ Ưm♡ Không được dập hông yếu ớt thế đâu nhé♡ Phải làm tình thật sự em mới thỏa mãn cơ♡
CommonEvents,525,Hシーン24,治療24,18+_治療,セラ,\C[4]セラ,"ちゃんと長めのストロークで
膣をかき回しなさい♡",Hãy dùng nhịp dập dài ngoãi xới tung cô bé em lên đi♡
CommonEvents,525,Hシーン24,治療24,18+_治療,セラ,\C[4]セラ,"くっ、う……っ♡
まだです、もっとです……♡","Ức, ưu...♡ Chưa đủ đâu, nữa đi anh...♡"
CommonEvents,525,Hシーン24,治療24,18+_治療,セラ,\C[4]セラ,"限界ぎりぎりまで引き抜いてから
一番奥に入れるのを繰り返しなさい♡","Rút ra tận ngoài ranh giới rồi thúc thẳng vào sâu nhất, lặp đi lặp lại như thế đi♡"
CommonEvents,525,Hシーン24,治療24,18+_治療,セラ,\C[4]セラ,"カリもぷっくり張らせたまま維持です♡
ちゃんと私のおまんこの形に合うようにしなさいっ♡",Rãnh quy đầu cũng phải duy trì sưng to lên nhé♡ Phải làm sao cho vừa khít với hình dáng cô bé của em đấy nhé♡
CommonEvents,525,Hシーン24,治療24,18+_治療,セラ,\C[4]セラ,"あなたのせいで自分で慰めても満足できないんですから、
ちゃんと責任を取って私専用のおちんちんにしてください♡",Tại anh mà em tự sướng cũng không thấy thỏa mãn nữa nên anh phải chịu trách nhiệm biến thành con cu của riêng em đi♡
CommonEvents,525,Hシーン24,治療24,18+_治療,セラ,\C[4]セラ,"あっ♡　あっ♡　いい感じです……んっ♡
格好いいですよ……あぁんっ♡",Á♡ Á♡ Tuyệt lắm... ưm♡ Ngầu lắm đấy... a ah♡
CommonEvents,525,Hシーン24,治療24,18+_治療,セラ,\C[4]セラ,"あぁ……っ、子宮降りてきちゃう……っ♡
あなたの亀頭にキスしようとしてる……っ♡",A... Tử cung hạ xuống rồi...♡ Đang muốn hôn lên quy đầu của anh kìa...♡
CommonEvents,525,Hシーン24,治療24,18+_治療,セラ,\C[4]セラ,"自分から弱点晒して、おちんちん迎えにいっちゃってる……♡
うっ、んぁぁ……っ♡","Tự mình phơi bày điểm yếu ra đón lấy con cu kìa...♡ Ức, ư a a...♡"
CommonEvents,525,Hシーン24,治療24,18+_治療,セラ,\C[4]セラ,"こんなの気持ち抑えられない……っ♡
好き……っ♡　大好きっ、うぅぅ……っ♡","Thế này làm sao kìm hãm cảm xúc nổi chứ...♡ Em thích...♡ Yêu anh nhất, ưu...♡"
CommonEvents,525,Hシーン24,治療24,18+_治療,,\N[1],"うぁっ、おまんこ狭くしないで……っ！
イきそうになっちゃいますって……っ！","U a, đừng làm cô bé siết chặt thế chứ...! Anh sắp bắn tinh tới nơi rồi...!"
CommonEvents,525,Hシーン24,治療24,18+_治療,セラ,\C[4]セラ,"ピストン弱くしちゃだめっ♡
精液搾り取らせてっ♡",Không được dập hông yếu đi đâu đấy♡ Hãy để em vắt sạch tinh dịch đi♡
CommonEvents,525,Hシーン24,治療24,18+_治療,セラ,\C[4]セラ,"絶対腰止めるな♡
本気ピストンしろっ♡",Tuyệt đối không được dừng hông♡ Dập hông thật sự đi♡
CommonEvents,525,Hシーン24,治療24,18+_治療,セラ,\C[4]セラ,"あ……っ♡　もう、私もイっちゃいそうです……っ♡
これ、深いの来る……っ♡",A...♡ Em cũng sắp lên đỉnh nữa rồi...♡ Lần này sẽ là cú thúc thật sâu...♡
CommonEvents,525,Hシーン24,治療24,18+_治療,セラ,\C[4]セラ,"くっ、あっ♡　好きっ♡
好きっ♡　んぁぁっ♡","Ức, á♡ Thích lắm♡ Thích lắm♡ Ư a a♡"
CommonEvents,525,Hシーン24,治療24,18+_治療,セラ,\C[4]セラ,"あなたもイって♡
出せっ♡　イけっ♡",Anh cũng bắn đi♡ Phun ra đi♡ Lên đỉnh đi♡
CommonEvents,525,Hシーン24,治療24,18+_治療,セラ,\C[4]セラ,"あっあっイくっ♡
イ……っ、くうぅっ……～～～っ♡",Á á lên đỉnh♡ Lên... đỉnh...♡
CommonEvents,525,Hシーン24,治療24,18+_治療,セラ,\C[4]セラ,"はぁっ……♡　はぁっ……♡
……っ♡",Hà...♡ Hà...♡ ...♡
CommonEvents,525,Hシーン24,治療24,18+_治療,セラ,\C[4]セラ,"好き……っ、すきぃ……っ♡
んぅぅ……っ♡",Em thích... Yêu anh lắm...♡ Ưm...♡
CommonEvents,526,Hシーン25,治療25,18+_治療,セラ,\C[4]セラ,こんな口調で興奮するとか性癖歪みすぎ。,Hưng phấn với cái giọng điệu này đúng là gu tình dục lệch lạc quá rồi.
CommonEvents,526,Hシーン25,治療25,18+_治療,セラ,\C[4]セラ,"もう絶対マゾなの治らないから、
力づくで治療するしかないね。","Thế này thì tuyệt đối không chữa khỏi bệnh cuồng M được rồi, đành phải dùng vũ lực trị liệu thôi."
CommonEvents,526,Hシーン25,治療25,18+_治療,セラ,\C[4]セラ,"今から徹底的にいじめつくして
お前の負け癖全部上書きするから。","Từ giờ tao sẽ triệt để hành hạ mày, ghi đè toàn bộ thói quen thua trận của mày."
CommonEvents,526,Hシーン25,治療25,18+_治療,セラ,\C[4]セラ,"こうやって抱き着いただけで身動き取れなくなるなんて
ちんちんだけじゃなくて力まで弱いんだね。","Mới ôm chặt chút xíu mà đã không nhúc nhích nổi rồi, không chỉ con cu yếu mà sức lực cũng yếu nốt nhỉ."
CommonEvents,526,Hシーン25,治療25,18+_治療,セラ,\C[4]セラ,"女の子に力負けする気分はどう？
お前はマゾだから嬉しくなってドキドキしてるでしょ？",Cảm giác bị con gái dùng sức đè bẹp thế nào? Mày là đồ M nên chắc đang khoái chí tim đập thình thịch đúng không?
CommonEvents,526,Hシーン25,治療25,18+_治療,セラ,\C[4]セラ,"隠しても無駄。
太ももの間でおちんちんが熱くなってるもん。",Giấu cũng vô ích. Con cu kẹp giữa hai đùi tao đang nóng hổi lên kìa.
CommonEvents,526,Hシーン25,治療25,18+_治療,セラ,\C[4]セラ,"でも、おまんこには入れさせてあげないよ。
代わりにこのまま脚でちんちん挟んでしごいてあげる。",Nhưng tao không cho đút vào cô bé đâu. Thay vào đó tao sẽ dùng cặp đùi kẹp chặt con cu rồi sóc cho mày.
CommonEvents,526,Hシーン25,治療25,18+_治療,セラ,\C[4]セラ,"ほら、こんな風に……。
むちむちの太ももで、ずりずり……。","Này, thế này này... Dùng cặp đùi múp rụp cọ xát cọ xát..."
CommonEvents,526,Hシーン25,治療25,18+_治療,セラ,\C[4]セラ,"なんで挿入させてもらえないか分かる？
それはね、お前が悔しそうに射精する惨めなところが見たいから。",Mày có biết tại sao không được đút vào không? Là vì tao muốn ngắm dáng vẻ thảm hại của mày khi bắn tinh trong sự tức ưởi đấy.
CommonEvents,526,Hシーン25,治療25,18+_治療,セラ,\C[4]セラ,"お前は今からセックスの権利を奪われた状態で、
大事に作った精子をびゅーって無駄撃ちするの。","Mày bây giờ bị tước mất quyền làm tình, rồi phải bắn phọt phọt tinh dịch cẩn thận chế tạo ra một cách lãng phí."
CommonEvents,526,Hシーン25,治療25,18+_治療,セラ,\C[4]セラ,"良かったね。
女の子に尊厳踏み荒らしてもらえて。",Tốt quá rồi nhé. Được con gái chà đạp lên lòng tự trọng còn gì.
CommonEvents,526,Hシーン25,治療25,18+_治療,セラ,\C[4]セラ,"……期待して口元緩ませてんじゃねーよ。
ばーか。",...Đừng có thèm thuồng mỉm cười thế chứ. Đồ ngốc.
CommonEvents,526,Hシーン25,治療25,18+_治療,セラ,\C[4]セラ,"ほら、もっと腰突き出して
私にちんちん差し出せよ。","Nào, ưỡn hông ra nữa rồi dâng con cu cho tao nhanh lên."
CommonEvents,526,Hシーン25,治療25,18+_治療,セラ,\C[4]セラ,"優しい私がいじめてあげてるんだから、
ちゃんと服従の意思を態度で示さないと。","Chị dịu dàng đang hành hạ mày đấy, nên mày phải thể hiện thái độ phục tùng đàng hoàng chứ."
CommonEvents,526,Hシーン25,治療25,18+_治療,セラ,\C[4]セラ,"限界まで脚開いて、ちんちん無防備にさせて、
負ける気満々のポーズ見せろ。","Banh rộng hai chân ra hết cỡ, phơi bày con cu không chút phòng bị, đưa ra tư thế sẵn sàng thua trận xem nào."
CommonEvents,526,Hシーン25,治療25,18+_治療,,\N[1],う、うぅ……！,"Ư, ưu...!"
CommonEvents,526,Hシーン25,治療25,18+_治療,セラ,\C[4]セラ,"ぷっ……必死にがに股になってる。
だっさ。",Hì... Cố sức xoạc chân nhô ra kìa. Trông bựa vãi.
CommonEvents,526,Hシーン25,治療25,18+_治療,セラ,\C[4]セラ,"まぁでも、笑わせてくれたからご褒美あげよっか。
腰密着させて根本までしっかりしごいてあげる。",Mà thôi làm tao buồn cười nên tao thưởng cho nhé. Ép sát hông vào sóc tận gốc cho mày.
CommonEvents,526,Hシーン25,治療25,18+_治療,セラ,\C[4]セラ,"ほら、身体がぶつかってぱんぱんって音なってるよ。
自分が犯されてる時の音、ちゃんと聞いて？","Này, cơ thể va chạm phát ra tiếng bạch bạch rồi kìa. Lắng nghe kỹ tiếng cơ thể mình bị cưỡng bức đi?"
CommonEvents,526,Hシーン25,治療25,18+_治療,セラ,\C[4]セラ,"普通は男が格好良く腰振ってぱんぱん鳴らすのに、
お前は女の子にしてもらわないとこの音聞けないもんね。","Bình thường nam giới phải ngầu lòi dập hông phát ra tiếng bạch bạch, còn mày thì phải nhờ con gái làm cho mới nghe thấy tiếng đó nhỉ."
CommonEvents,526,Hシーン25,治療25,18+_治療,セラ,\C[4]セラ,"自分がピストンしても、へこ……へこ……って
情けない擬音を女の子にアテレコされるだけ。",Dù mày có tự dập hông thì cũng chỉ bị con gái lồng tiếng giả lập nhấp... nhấp... thảm hại thôi.
CommonEvents,526,Hシーン25,治療25,18+_治療,セラ,\C[4]セラ,"ざーこ。
マゾはセックス下手くそでちゅねー。",Gà mờ. Đồ M làm tình dở tệ quá đi~.
CommonEvents,526,Hシーン25,治療25,18+_治療,セラ,\C[4]セラ,"……あーあ、またちんちん大きくなった。
勃起すら女の子に罵ってもらわないとできないんだ。","...Ôi dội, con cu lại to hơn rồi. Ngay cả cương cứng cũng phải nhờ con gái mắng rủa mới làm được."
CommonEvents,526,Hシーン25,治療25,18+_治療,セラ,\C[4]セラ,"マゾ……。変態……。
負けるの大好きな早漏ちんちん……。",Đồ M... Đồ biến thái... Con cu xuất tinh sớm khoái thua trận...
CommonEvents,526,Hシーン25,治療25,18+_治療,セラ,\C[4]セラ,"太ももの間でびくびくしてる。
そんなに嬉しいんだ。",Kẹp giữa hai đùi giật giật bần bật kìa. Vui đến thế cơ à.
CommonEvents,526,Hシーン25,治療25,18+_治療,セラ,\C[4]セラ,"せっかくサービスして悪口言ってあげたんだから
感謝の言葉くらい欲しいんだけど。",Cố công phục vụ mắng rủa cho mày rồi nên tao cũng muốn nghe câu cảm ơn đấy.
CommonEvents,526,Hシーン25,治療25,18+_治療,セラ,\C[4]セラ,"ほら、がに股の降参ポーズしたまま
「ありがとうございます」って言ってみて？","Nào, giữ nguyên tư thế xoạc chân hàng ngũ rồi nói ""Em cảm ơn chị"" xem nào?"
CommonEvents,526,Hシーン25,治療25,18+_治療,,\N[1],うぅ……っ、セラさん、それは恥ずかしいです……っ。,E-Em cảm ơn chị ạ...!
CommonEvents,526,Hシーン25,治療25,18+_治療,セラ,\C[4]セラ,"……違うよね。
本当はそういうのも好きだよね。",Hì... Ngoan lắm. Thế tao cho phép mày bắn tinh đấy.
CommonEvents,526,Hシーン25,治療25,18+_治療,セラ,\C[4]セラ,"照れ隠しした罰。
「恥をかかせていただいてありがとうございます」に変更。",Hãy bắn hết tinh dịch nhục nhã của tên M thảm hại ra đi nào... Phọt phọt...
CommonEvents,526,Hシーン25,治療25,18+_治療,セラ,\C[4]セラ,"はい、復唱して。
「恥をかかせていただいてありがとうございます」。",Ưm... phọt ra nhiều ghê...♡
CommonEvents,526,Hシーン25,治療25,18+_治療,,\N[1],は、恥をかかせ……うぅ……っ。,Thế là thói quen thua trận lại bị khắc sâu thêm rồi nhé...♡
CommonEvents,526,Hシーン25,治療25,18+_治療,セラ,\C[4]セラ,"言ってる途中で気持ちよくなるな。
腰も引くな。早く言え、マゾ。",Bài trị liệu mắng rủa thô bạo kết thúc!
CommonEvents,526,Hシーン25,治療25,18+_治療,,\N[1],"す、すみません……っ！
恥をかかせていただいて、ありがとうございます……っ！",Hôm nay em sẽ tiến hành bài trị liệu cọ xát ngực bò sữa Cow Girl.
CommonEvents,526,Hシーン25,治療25,18+_治療,セラ,\C[4]セラ,"……くす。
本当に言っちゃうんだ。頭悪すぎ。",Trị liệu Cow Girl sao...?
CommonEvents,526,Hシーン25,治療25,18+_治療,セラ,\C[4]セラ,"うわぁ、顔真っ赤。
男のプライドがぐしゃぐしゃになっちゃった？","Vâng. Em sẽ mặc trang phục Cow Girl gợi cảm, dùng cặp ngực siêu bự kẹp chặt con cu của anh."
CommonEvents,526,Hシーン25,治療25,18+_治療,セラ,\C[4]セラ,恥ずかしいと頭が熱くなって涙が出そうになるよね。,Anh sẽ cảm nhận được sự mềm mại ngọt ngào trút xuống đỉnh điểm từ cặp ngực bò sữa.
CommonEvents,526,Hシーン25,治療25,18+_治療,セラ,\C[4]セラ,"でも、それが癖になってるんでしょ？
マゾヒストくん。",Liệu anh có thể nhẫn nại trước sự quyến rũ ngọt ngào này không?
CommonEvents,526,Hシーン25,治療25,18+_治療,セラ,\C[4]セラ,"女の子に意地悪言われると
ちんちんが勝手に勃起しちゃうんだもんね。","Nào, chúng ta bắt đầu thôi...♡"
CommonEvents,526,Hシーン25,治療25,18+_治療,セラ,\C[4]セラ,"隠しても無駄だよ。
私の太ももの間で全部素直に反応してるから。",Chụtttt... chẹp chẹp...♡
CommonEvents,526,Hシーン25,治療25,18+_治療,セラ,\C[4]セラ,"マゾいじめが効いちゃってること、
ずーっとバレバレだよ。","Ưm... ah♡
Sướng lắm đúng không? anh yêu...♡"
CommonEvents,526,Hシーン25,治療25,18+_治療,セラ,\C[4]セラ,"ほら、硬くなったちんちん、
速めのピストンでなぶってあげる。",Hãy để em dùng cặp ngực bò sữa cưng nựng con cu của anh nhé...♡
CommonEvents,526,Hシーン25,治療25,18+_治療,セラ,\C[4]セラ,"ぱんぱん、ぱんぱん……。
セックスごっこさせてもらえて幸せでちゅねー。",Bắn tinh dịch ra đi nào... ngoan lắm.
CommonEvents,526,Hシーン25,治療25,18+_治療,セラ,\C[4]セラ,"ごっこ遊びの中でもマゾ丸出しで
みっともないでちゅよー。","Ưm... nuốt ực...♡
Cảm ơn anh vì buổi trị liệu tuyệt vời nhé...♡"
CommonEvents,526,Hシーン25,治療25,18+_治療,セラ,\C[4]セラ,"くす……腰くねらせてカッコ悪。
相変わらず恥を晒すのが上手だね。",Bài trị liệu cọ xát ngực Cow Girl kết thúc!
CommonEvents,526,Hシーン25,治療25,18+_治療,セラ,\C[4]セラ,"私に罵倒されてる間、ずっと金玉の中で
マゾ精子煮詰めてたから我慢がきかないんでしょ。",Hôm nay em sẽ thử nghiệm liệu pháp làm tình Cow Girl nồng nàn.
CommonEvents,526,Hシーン25,治療25,18+_治療,セラ,\C[4]セラ,"羞恥心いっぱいの射精がしたいから、
負けたくて負けたくてしょうがないんだよね。","Em sẽ hóa thân thành Cow Girl, dùng tình mẫu tử ngọt ngào và cặp ngực khổng lồ để vỗ về anh."
CommonEvents,526,Hシーン25,治療25,18+_治療,セラ,\C[4]セラ,"いいよ、負かしてあげる。
私がマゾ性癖もっとひどくしてあげる。",Anh hãy dập hông nồng nàn trong sự ôm ấp ngọt ngào của Cow Girl nhé.
CommonEvents,526,Hシーン25,治療25,18+_治療,セラ,\C[4]セラ,"だからさっさと金玉持ち上げろ。
お漏らしの準備しろ。",Liệu anh có thể nhẫn nại được sự ngọt ngào này không?
CommonEvents,526,Hシーン25,治療25,18+_治療,セラ,\C[4]セラ,"念願の無駄撃ちまでもうすぐだね。
精液コキ捨てるところ、早く嗤って欲しいね。","Nào, hãy bắt đầu thôi...♡"
CommonEvents,526,Hシーン25,治療25,18+_治療,セラ,\C[4]セラ,"あー、来る来るー……。
意地悪されて作った弱ーい子種のぼってくるー……。",Chụtttt... chẹp chẹp...♡
CommonEvents,526,Hシーン25,治療25,18+_治療,セラ,\C[4]セラ,"イけ……精液ひり出せ……。
白いお漏らしして情けなく降参しろ……。","Ưm... ah♡
Bắn hết tinh dịch vào sâu trong em đi nào...♡"
CommonEvents,526,Hシーン25,治療25,18+_治療,セラ,\C[4]セラ,"射精しろ。
このばーか。",Ngoan lắm... em đã nuốt hết rồi.
CommonEvents,526,Hシーン25,治療25,18+_治療,セラ,\C[4]セラ,"はい、残念。
また負けちゃった。",Bài trị liệu làm tình Cow Girl kết thúc!
CommonEvents,526,Hシーン25,治療25,18+_治療,セラ,\C[4]セラ,"この調子じゃ、私への負け癖、
ちんちんにこびりついてもう取れないかもね。",Hôm nay em sẽ mời anh thưởng thức món sữa tươi Cow Girl đặc biệt.
CommonEvents,527,Hシーン26,,Other,セラ,\C[4]セラ,"牛さんなのは私なのに、あなたの方が
搾り取られてしまいましたね。",Sữa tươi đặc biệt sao...?
CommonEvents,527,Hシーン26,,Other,セラ,\C[4]セラ,"さて……追加治療を行いますが、
その前にこちらをお飲みください。",Vâng. Loại sữa này chứa ma thuật đặc biệt giúp tăng cường hưng phấn cho bài trị liệu.
CommonEvents,527,Hシーン26,,Other,セラ,\C[4]セラ,"精の付く特性ミルクです。
こちらで一旦体力を回復しましょう。",Sau khi uống anh phải nhẫn nại bài kẹp ngực Cow Girl dồn dập.
CommonEvents,527,Hシーン26,,Other,,\N[1],"あ、ありがとうございます。
ごくっ……ごくっ……。",Anh đã sẵn sàng chưa?
CommonEvents,527,Hシーン26,,Other,セラ,\C[4]セラ,……。,"Nào, mời anh uống...♡"
CommonEvents,527,Hシーン26,,Other,,\N[1],"うわっ、本当だ。
なんだか力がみなぎってきました。",Ực... ực...
CommonEvents,527,Hシーン26,,Other,セラ,\C[4]セラ,"これは牛娘が出すミルクを
再現したものですからね。",Tốt lắm... Bây giờ bài trị liệu kẹp ngực bắt đầu...♡
CommonEvents,527,Hシーン26,,Other,セラ,\C[4]セラ,"彼女たちはこれを使って
効率的に「狩り」を行うんです。",Chụtttt... chẹp chẹp...♡
CommonEvents,527,Hシーン26,,Other,,\N[1],"え、狩り……？
子供を育てるのではなくて……？","Ưm... ah♡
Bắn hết tinh dịch cuồng nhiệt ra đi nào...♡"
CommonEvents,527,Hシーン26,,Other,セラ,\C[4]セラ,"すぐに分かりますよ。
完飲されたようですし、始めましょうか。",Ngoan lắm... em đã nhận hết tinh dịch của anh rồi.
CommonEvents,527,Hシーン26,,Other,セラ,\C[4]セラ,"さ、引き続きおっぱいフェチのあなたのために
お胸で施術を行っていきます。",Bài trị liệu uống sữa Cow Girl hoàn tất!
CommonEvents,527,Hシーン26,,Other,セラ,\C[4]セラ,"今からこの谷間に挟んで
搾精しちゃいますからね。",Anh đã dùng xong sữa Cow Girl chưa?
CommonEvents,527,Hシーン26,,Other,セラ,\C[4]セラ,"……少し胸を寄せてパイズリ妄想をさせてあげるだけで
もうこんなに硬くなって……。",Cảm ơn em... Uống xong thấy ngực êm ái quá...
CommonEvents,527,Hシーン26,,Other,セラ,\C[4]セラ,"ただでさえ弱点を晒して無防備な状態なのに、
自らパイズリしやすくしてしまうなんていけませんよ。",Hì hì... Món sữa tươi Cow Girl chứa tinh chất dưỡng sức đỉnh cao đấy.
CommonEvents,527,Hシーン26,,Other,セラ,\C[4]セラ,"私としては搾り取りやすくて助かりますが。
それでは始めます。",Bây giờ anh đã tràn đầy năng lượng rồi đúng không.
CommonEvents,527,Hシーン26,,Other,セラ,\C[4]セラ,おっぱいでおちんちんを、むにゅ～……。,Thế thì em xin phép bắt đầu bài trị liệu kẹp ngực dồn dập ngay đây.
CommonEvents,527,Hシーン26,,Other,セラ,\C[4]セラ,"はい、捕まえられてしまいましたね。
おっぱいおむつを履かされちゃいました。","Nào, đưa con cu vào giữa khe ngực em nào...♡"
CommonEvents,527,Hシーン26,,Other,セラ,\C[4]セラ,"ふふ……挟んだだけなのに腰をくねらせていますね。
そんなことをしても逃げられませんよ？",Hì hì... Mới kẹp vào thôi mà hông đã uốn tréo qua lại rồi. Làm thế cũng không trốn nổi đâu nhé?
CommonEvents,527,Hシーン26,,Other,セラ,\C[4]セラ,"後はもう、心地よい弾力に包まれながら
牛娘に翻弄されるのみです。",Từ giờ anh chỉ việc đắm chìm trong sự đàn hồi êm ái và bị Cow Girl trêu chọc thôi.
CommonEvents,527,Hシーン26,,Other,セラ,\C[4]セラ,"ほーら、おっぱい動いちゃいますよー。
上下に、ずりずり。","Nào nào, cặp ngực nhúc nhích nè~. Lên xuống, trượt trượt."
CommonEvents,527,Hシーン26,,Other,セラ,\C[4]セラ,手をグーにして強めに乳圧かけててあげますからね。,Em sẽ siết tay lại tạo áp lực ngực thật mạnh cho anh nhé.
CommonEvents,527,Hシーン26,,Other,セラ,\C[4]セラ,"おちんちんがこの感触を忘れられなくなるくらいに、
たっぷりとおっぱいの柔らかさを刷り込んでいきます。",Em sẽ khắc ghi sự mềm mại của cặp ngực này vào người anh để con cu không bao giờ quên được cảm giác này.
CommonEvents,527,Hシーン26,,Other,セラ,\C[4]セラ,"こんな風に念入りにパイズリされたら、おっぱいが揺れただけで
この快感を思い出してしまうかもしれませんね。",Được kẹp ngực tỉ mỉ thế này thì sau này chỉ cần thấy ngực rung rinh là anh sẽ nhớ lại sự sung sướng này ngay thôi.
CommonEvents,527,Hシーン26,,Other,セラ,\C[4]セラ,"私のちょっとした所作で胸が揺れると、
谷間の中でもみくちゃにされる想像して前かがみになるんです。",Mỗi khi cử động nhỏ của em làm ngực khẽ nảy lên là anh sẽ tưởng tượng ra cảnh bị nhào nặn trong rãnh ngực rồi khom lưng xuống cho xem.
CommonEvents,527,Hシーン26,,Other,セラ,\C[4]セラ,"そうなったらもう、私の胸に逆らえない
おっぱいマゾさんの完成ですね。","Đến lúc đó là sản phẩm ""Tên cuồng Mazo mê ngực"" tuyệt đối không thể chống lại ngực em đã hoàn thành rồi nhé."
CommonEvents,527,Hシーン26,,Other,セラ,\C[4]セラ,"おや、おちんちんが中でびくびくしています。
すっかり喜んでしまっているようですね。","Ồ, con cu bên trong giật giật bần bật kìa. Có vẻ rất khoái chí nhỉ."
CommonEvents,527,Hシーン26,,Other,,\N[1],"な、なんかいつも以上にちんこが硬くて、
気持ちよくて……っ！","N-Sao tự nhiên con cu cứng hơn bình thường, sướng quá...!"
CommonEvents,527,Hシーン26,,Other,セラ,\C[4]セラ,"それは先ほどのミルクで元気がみなぎっているからでしょうね。
媚薬に近い成分が含まれていますから。",Đó là vì ly sữa lúc nãy giúp anh tràn đầy sức sống đấy. Trong đó có chứa thành phần gần như thuốc kích dục mà.
CommonEvents,527,Hシーン26,,Other,セラ,\C[4]セラ,まぁ、それは効能の一つに過ぎませんが……。,"Mà, đó cũng chỉ là một trong các công hiệu thôi..."
CommonEvents,527,Hシーン26,,Other,セラ,\C[4]セラ,"カチカチに勃起しているとよりカリ高になりますから、
上下する度にひっかかっておつらいでしょうね。",Cương cứng ngắc thế kia rãnh quy đầu sưng to lên nên mỗi lần nhấp lên xuống bị vướng lại chắc khổ sở lắm nhỉ.
CommonEvents,527,Hシーン26,,Other,セラ,\C[4]セラ,"感覚が鋭敏な場所ですべすべな肌を感じ続けることになり、
射精感がみるみる内に膨らんでしまうでしょう。",Liên tục cảm nhận làn da mịn màng ở nơi nhạy cảm nhất sẽ làm cảm giác bắn tinh phình to lên nhanh chóng.
CommonEvents,527,Hシーン26,,Other,セラ,\C[4]セラ,"でも、当然萎えさせることなんか一切できず、
ず～っとこの極楽に閉じ込められたまま……。","Nhưng đương nhiên anh không tài nào làm nó ỉu đi được, cứ thế bị nhốt chặt trong thiên đường này mãi mãi..."
CommonEvents,527,Hシーン26,,Other,セラ,\C[4]セラ,"あなたにできることと言えば……、
子種を私に差し出すことくらいです。",Những gì anh có thể làm... chỉ là dâng con giống cho em thôi.
CommonEvents,527,Hシーン26,,Other,,\N[1],"あっ、あっ、すいませんっ、
もう出ちゃいそうです……っ！","A, a, xin lỗi em, anh sắp bắn ra rồi...!"
CommonEvents,527,Hシーン26,,Other,セラ,\C[4]セラ,"はい、どうぞ。
少々早いですがその方が都合が良いです。","Vâng, xin mời anh. Hơi sớm một chút nhưng thế lại càng tiện."
CommonEvents,527,Hシーン26,,Other,セラ,\C[4]セラ,なにせ、ここからが長いのですから。,Dù sao thì từ đây trở đi mới là chặng đường dài mà.
CommonEvents,527,Hシーン26,,Other,,\N[1],"う……っ！
あ、あれ……！？","Ưu...! A, ủa...!?"
CommonEvents,527,Hシーン26,,Other,,\N[1],"精液が出ない……！
気持ちいいのに、射精できない……！",Tinh dịch không bắn ra được...! Sướng thế này mà không bắn ra được...!
CommonEvents,527,Hシーン26,,Other,セラ,\C[4]セラ,"いいえ、違いますよ。
射精は始まっています。",Không phải đâu nhé. Màn bắn tinh đã bắt đầu rồi đấy.
CommonEvents,527,Hシーン26,,Other,セラ,\C[4]セラ,"牛娘のミルクには精液を濃ゆくする効能があるんです。
それも、固形みたいな超濃厚な精液に。",Sữa Cow Girl có công hiệu làm tinh dịch quánh đặc lại đấy. Đặc tới mức gần như dạng rắn luôn.
CommonEvents,527,Hシーン26,,Other,セラ,\C[4]セラ,"牛娘は狩りにおいて、そうして一気に栄養を搾り取るのですが、
その分精液が尿道につまって中々出てこなくなります。","Cow Girl khi đi săn sẽ dùng cách này vắt kiệt chất dinh dưỡng một hơi, nhưng đổi lại tinh dịch bị nghẽn trong niệu đạo rất khó thoát ra ngoài."
CommonEvents,527,Hシーン26,,Other,セラ,\C[4]セラ,"結果、牛娘に狙われた男性には
非常に長い射精と強い快楽が伴います。",Kết quả là người đàn ông bị Cow Girl nhắm tới sẽ trải qua màn bắn tinh cực kỳ kéo dài kèm theo sự sung sướng mãnh liệt.
CommonEvents,527,Hシーン26,,Other,セラ,\C[4]セラ,"たくさん踏ん張らないと出ないので頑張ってください……、
と言おうと思っていたのですが、","Anh phải rặn thật nhiều mới bắn ra được nên hãy cố lên nhé... Định nói thế,"
CommonEvents,527,Hシーン26,,Other,セラ,\C[4]セラ,"もう既に長ーいお射精に悶えて
脚がピンと伸びてしまっていますね。",nhưng anh đã quằn quại trong màn bắn tinh kéo dài tới mức chân duỗi thẳng ra rồi kìa.
CommonEvents,527,Hシーン26,,Other,,\N[1],"射精の感じが終わらないっ……！
セラさんもっとしごいてぇ……っ！",Cảm giác bắn tinh không chịu kết thúc...! Sera ơi sóc thêm cho anh đi...!
CommonEvents,527,Hシーン26,,Other,セラ,\C[4]セラ,"くす……♡
耐えかねて可愛くおねだりしちゃいましたね。",Hì hì...♡ Không chịu nổi nên nũng nịu xin xỏ đáng yêu chưa kìa.
CommonEvents,527,Hシーン26,,Other,セラ,\C[4]セラ,"大丈夫ですよ、ちゃんとお手伝いしてあげますから。
ほらほら、早めのパイズリ欲しかったんですよね。","Không sao đâu, em sẽ hỗ trợ anh đàng hoàng mà. Nào nào, anh muốn kẹp ngực nhanh hơn đúng không."
CommonEvents,527,Hシーン26,,Other,セラ,\C[4]セラ,"あなたの腰にたんたんって打ち付けるように
思い切りピストンしてあげます。",Em sẽ dập hông thật mạnh như ném vào mông anh nhé.
CommonEvents,527,Hシーン26,,Other,セラ,\C[4]セラ,"普段なら瞬殺されちゃうような強い刺激も、
今ならおちんちんに叩き込めちゃいますね。",Kích thích mạnh mẽ bình thường làm anh knock-out ngay thì bây giờ lại nạp thẳng vào con cu được rồi nhé.
CommonEvents,527,Hシーン26,,Other,セラ,\C[4]セラ,"これなら恥ずかしがり屋さんなお精子も
出てきてくれるはずです。",Thế này thì những giọt tinh dịch xấu hổ giấu kín cũng sẽ trút ra ngoài hết thôi.
CommonEvents,527,Hシーン26,,Other,セラ,\C[4]セラ,"尿道をゆっくりこすり上げる感覚を楽しみながら、
お射精頑張ってくださいね。",Vừa thưởng thức cảm giác cọ xát chậm rãi trong niệu đạo vừa cố gắng bắn tinh nhé.
CommonEvents,527,Hシーン26,,Other,,\N[1],"くっ……ひっ……！
で、出る……っ！",Ức... hích...! R-Bắn ra...!
CommonEvents,527,Hシーン26,,Other,セラ,\C[4]セラ,"ん……っ。おっぱいに熱いものが触れました。
ようやく精液が鈴口から出始めましたね。",Ưm... Cặp ngực cảm nhận được dòng nước nóng hổi rồi. Cuối cùng tinh dịch cũng bắt đầu trào ra từ lỗ sáo rồi nhé.
CommonEvents,527,Hシーン26,,Other,セラ,\C[4]セラ,"でもその奥にもまだまだ順番待ちしている子たちがいますから
気を緩めてはいけませんよ。",Nhưng đằng sau vẫn còn bao nhiêu giọt tinh dịch đang xếp hàng chờ đợi nên anh không được lơ đễnh đâu đấy.
CommonEvents,527,Hシーン26,,Other,セラ,\C[4]セラ,"この精液を出し切った瞬間が快感のピークですから、
それを目指してファイトです。",Khoảnh khắc trút sạch tinh dịch này mới là đỉnh cao sự sung sướng nên hãy hướng tới mục tiêu đó mà cố lên nhé.
CommonEvents,527,Hシーン26,,Other,セラ,\C[4]セラ,"がんばれがんばれ……。
パイズリで濃ゆーいお精子出せ出せ……。",Cố lên cố lên... Kẹp ngực bắn ra tinh dịch đậm đặc nào...
CommonEvents,527,Hシーン26,,Other,,\N[1],"あっ、なんか、やば……っ！
全部出そう……っ！","Á, hình như, nguy rồi...! Bắn ra hết rồi...!"
CommonEvents,527,Hシーン26,,Other,セラ,\C[4]セラ,"終わりが見えてきたみたいですね。
ラストスパートです。",Có vẻ đã thấy điểm đích rồi nhỉ. Chặng cuối cùng nào.
CommonEvents,527,Hシーン26,,Other,セラ,\C[4]セラ,"最後は思い切り乳圧を与えて
お射精を補助してあげますからね。",Cuối cùng em sẽ dồn áp lực ngực thật mạnh để hỗ trợ anh bắn tinh nhé.
CommonEvents,527,Hシーン26,,Other,セラ,\C[4]セラ,"さぁ、どうぞ。出し切ってみてください。
さん、はい……。",Nào xin mời anh. Bắn sạch sành sanh ra đi. 1 2 3...
CommonEvents,527,Hシーン26,,Other,セラ,\C[4]セラ,"きゃっ……♡
すごい勢い……♡",Á...♡ Lực bắn mạnh quá...♡
CommonEvents,527,Hシーン26,,Other,セラ,\C[4]セラ,"こんな中出しをされたら絶対に孕んでしまいますね。
とっても格好いいです。",Bắn vào trong thế này chắc chắn sẽ có thai mất thôi. Ngầu lắm đấy.
CommonEvents,527,Hシーン26,,Other,セラ,\C[4]セラ,"……おや、放心状態になってしまいましたか。
少し刺激が強すぎたみたいですね……。","Ơ kìa, ngơ ngác mất trí luôn rồi sao. Có vẻ kích thích hơi mạnh quá rồi..."
CommonEvents,528,Hシーン27,,Other,セラ（右）,\C[4]セラ（右）,あーあ、二人の前で可愛く射精してしまいましたね。,"Ôi dội, trước mặt hai bọn mình mà anh lại bắn tinh đáng yêu thế này sao."
CommonEvents,528,Hシーン27,,Other,セラ（左）,\C[4]セラ（左）,その恥ずかしい姿、普段の二倍見られていますよ。,Dáng vẻ xấu hổ đó bình thường chỉ một người thấy giờ có hẳn hai người ngắm nhé.
CommonEvents,528,Hシーン27,,Other,セラ（右）,\C[4]セラ（右）,では二人がかりで可愛がってしましょうか、私。,"Thế hai bọn mình cùng chiều chuộng anh ấy nhé, Sera."
CommonEvents,528,Hシーン27,,Other,セラ（左）,\C[4]セラ（左）,"そうですね、私。
二人の間でめちゃくちゃにしてしまいましょう。","Đúng rồi đấy, Sera. Chúng ta hãy làm anh ấy tơi tả giữa hai bọn mình đi."
CommonEvents,528,Hシーン27,,Other,セラ（右）,\C[4]セラ（右）,"さながら、肉食獣の群れに囲まれた
可哀そうな草食動物といったところでしょうか。",Chẳng khác nào một chú động vật ăn cỏ tội nghiệp bị bầy thú ăn thịt bao vây nhỉ.
CommonEvents,528,Hシーン27,,Other,セラ（左）,\C[4]セラ（左）,"ぷるぷる震えて怯えています。
そんな顔をされては、食べたくなってしまいます。",Run bần bật vì sợ hãi kìa. Biểu cảm đó làm em chỉ muốn ăn thịt ngay lập tức thôi.
CommonEvents,528,Hシーン27,,Other,セラ（左）,\C[4]セラ（左）,"私の方からおちんちんをしゃぶっても良いでしょうか。
良いですよね、私。","Để em mút cu cho anh ấy trước được không, Sera?"
CommonEvents,528,Hシーン27,,Other,セラ（右）,\C[4]セラ（右）,"私だって同じ気持ちなのですが……仕方ありませんね……。
先攻はお譲りします。",Em cũng muốn thế nhưng... Đành chịu thôi. Nhường chị lượt đầu đấy.
CommonEvents,528,Hシーン27,,Other,セラ（左）,\C[4]セラ（左）,自分に感謝するのは変ですが、ありがとうございます。,Tự cảm ơn chính mình thì hơi lạ nhưng cảm ơn chị nhé.
CommonEvents,528,Hシーン27,,Other,セラ（左）,\C[4]セラ（左）,それでは失礼して……あー……。,Thế thì em xin phép nhé... A~...
CommonEvents,528,Hシーン27,,Other,セラ（左）,\C[4]セラ（左）,ちゅ……っ♡,Chụt...♡
CommonEvents,528,Hシーン27,,Other,セラ（右）,\C[4]セラ（右）,"あっ。おちんちんにキスされた瞬間、
口をぎゅっと結んで快感に耐えようとしましたね。",Á. Ngay khoảnh khắc con cu được hôn một cái là anh cắn chặt môi chịu đựng sự sung sướng liền kìa.
CommonEvents,528,Hシーン27,,Other,セラ（右）,\C[4]セラ（右）,"普段は少し見づらいフェラ中の反応がよく見えます。
案外こちらのポジションも役得かもしれません。",Bình thường hơi khó nhìn phản ứng lúc mút cu giờ lại thấy rõ mồng một. Ở vị trí này coi bộ lại hời lớn nhỉ.
CommonEvents,528,Hシーン27,,Other,セラ（左）,\C[4]セラ（左）,"では舌を動かして……じゅるる……♡
れろれろ……ちゅっ……♡",Thế em di chuyển lưỡi nhé... Chụt chụt...♡ Liếm liếm... Chụt...♡
CommonEvents,528,Hシーン27,,Other,セラ（右）,\C[4]セラ（右）,"亀頭に舌が這う感覚はいかがでしょうか。
敏感な部分を磨かれて気持ちいいでしょう？",Cảm giác lưỡi lướt trên quy đầu thế nào? Nơi nhạy cảm được mài dũa sướng lắm đúng không?
CommonEvents,528,Hシーン27,,Other,セラ（右）,\C[4]セラ（右）,"それに、私にじっと観察されて恥ずかしいですね。
あなたの表情、全部見ていますよ。",Đã thế còn bị em nhìn chằm chằm quan sát nên xấu hổ lắm đúng không. Biểu cảm của anh em thấy sạch đấy nhé.
CommonEvents,528,Hシーン27,,Other,セラ（右）,\C[4]セラ（右）,"細かな感情の機微も簡単に読み取れてしまいます。
こんなのおちんちんに血が集まっちゃいますね。",Mọi biến chuyển cảm xúc nhỏ nhất cũng dễ dàng đọc vị được. Thế này máu dồn hết về con cu mất rồi.
CommonEvents,528,Hシーン27,,Other,セラ（右）,\C[4]セラ（右）,"ほら、カリがさらに大きく張ってきました。
良かったですね、快感をもっと感じやすくなりましたよ。","Kìa, rãnh quy đầu sưng to hơn nữa rồi. Tốt quá rồi nhé, cảm nhận sự sung sướng dễ hơn rồi nè."
CommonEvents,528,Hシーン27,,Other,セラ（右）,\C[4]セラ（右）,"舌の感触、たっぷり味わってください。
もう一人の私もあなたのおちんちんを丹念に味わっていますから。",Hãy thưởng thức trọn vẹn cảm giác của lưỡi nhé. Vì bản thể khác của em cũng đang tỉ mỉ thưởng thức con cu của anh mà.
CommonEvents,528,Hシーン27,,Other,セラ（右）,\C[4]セラ（右）,"……見ていたら羨ましくて自分に嫉妬してきました。
そろそろ代わってください。",...Nhìn em làm mà chị thèm muốn ghen tị với chính mình luôn rồi. Đổi lượt cho chị đi.
CommonEvents,528,Hシーン27,,Other,セラ（左）,\C[4]セラ（左）,"んっ、ちゅ……♡
あともうちょっとだけ……♡","Ưm, chụt...♡ Thêm chút xíu nữa thôi...♡"
CommonEvents,528,Hシーン27,,Other,セラ（右）,\C[4]セラ（右）,"だめです、代わりなさい。
その代わり彼を言葉でいじめる権利を差し上げます。","Không được, đổi lượt đi. Đổi lại chị trao cho em quyền dùng lời nói sỉ nhục anh ấy."
CommonEvents,528,Hシーン27,,Other,セラ（左）,\C[4]セラ（左）,"しょうがないですね……。
我ながら我慢の効かない人です。",Đành chịu vậy... Đúng là bản thân mình chẳng biết kiềm chế gì cả.
CommonEvents,528,Hシーン27,,Other,セラ（右）,\C[4]セラ（右）,"しつこくフェラを続けたあなたが言えたことではありません。
さて、ようやく私の番ですね。","Em liếm mút cu dai dẳng có quyền gì nói chị chứ. Được rồi, cuối cùng cũng tới lượt chị."
CommonEvents,528,Hシーン27,,Other,セラ（右）,\C[4]セラ（右）,"焦らされた分、じっくり楽しませていただきます。
あー……。",Bắt anh đợi lâu nên chị sẽ tận hưởng từ từ nhé. A~...
CommonEvents,528,Hシーン27,,Other,セラ（右）,\C[4]セラ（右）,"あむ……っ♡
れろ……ちゅっ……♡",Chụt...♡ Liếm liếm... Chụt...♡
CommonEvents,528,Hシーン27,,Other,セラ（左）,\C[4]セラ（左）,"なるほど、確かにこの視点だとあなたのお顔がよく見えます。
それに、かすかな喘ぎ声も聞こえましたよ。","Ra là vậy, góc nhìn này đúng là thấy rõ nét mặt của anh thật. Lại còn nghe thấy tiếng rên khe khẽ nữa chứ."
CommonEvents,528,Hシーン27,,Other,セラ（左）,\C[4]セラ（左）,"しかし、私の方も美味しそうにおちんちんを舐めていて
少々恥ずかしいですね。",Nhưng bản thân em nhìn mình mút cu ngon lành thế kia cũng hơi xấu hổ đấy.
CommonEvents,528,Hシーン27,,Other,セラ（左）,\C[4]セラ（左）,"あなたの味や温度、大きさを確かめたくて
絶え間なく舌を這わせています。","Vì muốn xác nhận hương vị, nhiệt độ và kích thước của anh nên lưỡi cứ liên tục liếm lướt không dừng."
CommonEvents,528,Hシーン27,,Other,セラ（左）,\C[4]セラ（左）,"嬉しいですか？
自分のものを愛情たっぷりに舐めてもらえるのは。",Anh có vui không? Được liếm mút của quý bằng trọn vẹn tình yêu thương thế này.
CommonEvents,528,Hシーン27,,Other,セラ（左）,\C[4]セラ（左）,"一種の征服感のようなものを
感じられているかもしれませんね。",Có khi anh đang cảm nhận được cảm giác chinh phục nào đó đúng không.
CommonEvents,528,Hシーン27,,Other,セラ（左）,\C[4]セラ（左）,"いや、あなたの場合はどちらかと言えば
無防備なおちんちんを食べられていることに興奮を覚えるでしょうか。","Không, đối với anh thì có lẽ việc con cu không phòng bị bị ăn thịt lại làm anh hưng phấn hơn nhỉ."
CommonEvents,528,Hシーン27,,Other,セラ（左）,\C[4]セラ（左）,"……これ、両側からダブルフェラで
食べてしまったらどうなるんでしょうか。",...Thế nếu cả hai bọn mình cùng mút cu đôi từ hai phía thì sao nhỉ?
CommonEvents,528,Hシーン27,,Other,セラ（右）,\C[4]セラ（右）,"んっ……じゅるる……っ♡
それはいいアイデアですね。丁度同じことを考えていました。",Ưm... chụt...♡ Ý kiến hay đấy. Chị cũng đang nghĩ giống hệt em.
CommonEvents,528,Hシーン27,,Other,セラ（左）,\C[4]セラ（左）,"はい。
彼も期待で目がうるうるしています。",Vâng. Mắt anh ấy cũng rơm rớm ứa lệ vì trông chờ kìa.
CommonEvents,528,Hシーン27,,Other,セラ（左）,\C[4]セラ（左）,"眉も八の字に垂れて……。
これ以上気持ちよくなるの、ちょっと怖いんでしょうか。",Lông mày nhíu lại hình chữ Bát... Có vẻ sắp sửa sướng hơn nữa làm anh ấy hơi sợ nhỉ.
CommonEvents,528,Hシーン27,,Other,セラ（右）,\C[4]セラ（右）,"ですが、二対一なので多数決でダブルフェラ決定ですね。
れろれろ……ちゅっ……♡",Nhưng hai đấu một nên theo đa số quyết định làm mút cu đôi nhé. Liếm liếm... Chụt...♡
CommonEvents,528,Hシーン27,,Other,セラ（左）,\C[4]セラ（左）,"そうですね。
心苦しいですが少数派の意見は踏み倒させていただきます。",Đúng thế. Dù áy náy nhưng ý kiến phe thiểu số đành bị đè bẹp vậy.
CommonEvents,528,Hシーン27,,Other,セラ（左）,\C[4]セラ（左）,"あー……。
ほら、今から柔らかい唇に挟まれちゃいますよー……。","A~... Nào, bây giờ anh sẽ bị hai bờ môi mềm mại kẹp chặt đấy nhé~..."
CommonEvents,528,Hシーン27,,Other,セラ（左）,\C[4]セラ（左）,"あー、やばいやばい……。
挟み撃ちされたら絶対負けちゃうー……。","A~, nguy rồi nguy rồi... Bị kẹp gọng kìm thế này là chắc chắn thua đứt đuôi rồi~..."
CommonEvents,528,Hシーン27,,Other,セラ（左）,\C[4]セラ（左）,"はむっ……♡
ちゅっ……♡",Chụt...♡ Chụt...♡
CommonEvents,528,Hシーン27,,Other,セラ（左）,\C[4]セラ（左）,"じゅるるる……っ、ちゅっ……ずろろ♡
れろれろれろ……っ♡",Chụt chụt... chụt... chẹp chẹp♡ Liếm liếm liếm...♡
CommonEvents,528,Hシーン27,,Other,セラ（右）,\C[4]セラ（右）,"ずずっ、ちゅぱっ……♡
あむっ、ちゅうぅ……じゅるるるっ♡","Mút mút, chụt... Chụt, chẹp chẹp... chụt chụt♡"
CommonEvents,528,Hシーン27,,Other,,\N[1],くっ、ひっ、これやばっ、うぅぅっ！,"Ức, hích, cái này nguy quá, u a a...!"
CommonEvents,528,Hシーン27,,Other,セラ（右）,\C[4]セラ（右）,"私たちの亀さんいじめにもはやたじたじのようですね。
れろれろれろっ、ちゅぱっ、ずろろ……っ♡","Đòn tra tấn quy đầu của hai bọn em làm anh luống cuống hoàn toàn rồi nhỉ. Liếm liếm liếm, chụt, mút mút...♡"
CommonEvents,528,Hシーン27,,Other,セラ（左）,\C[4]セラ（左）,"おちんちんに両側からディープキスしてもらえて幸せですか？
じゅるるる……ちゅっ♡　ちゅぱっ、れろ……♡","Được hai môi hôn sâu vào con cu từ hai phía anh có hạnh phúc không? Chụt chụt... chụt♡ Chụt, liếm...♡"
CommonEvents,528,Hシーン27,,Other,セラ（右）,\C[4]セラ（右）,"んっ……こんな風にもみくちゃにされて
幸せじゃないわけないですよね。",Ưm... Bị làm cho tơi tả thế này làm sao mà không hạnh phúc được cơ chứ.
CommonEvents,528,Hシーン27,,Other,セラ（右）,\C[4]セラ（右）,"二人から精液出してってしつこく言い寄られたら、
おちんちんが射精の準備を始めるに決まっています。",Bị hai người liên tục vây quanh bảo bắn tinh đi thì con cu chắc chắn sẽ bắt đầu chuẩn bị bắn tinh rồi.
CommonEvents,528,Hシーン27,,Other,セラ（左）,\C[4]セラ（左）,"確かにそうですね。おちんちんが唇の間で
前後に跳ねようと頑張っているのもそのせいでしょうか。",Đúng thế thật. Con cu đang cố sức nảy lên xuống giữa hai làn môi cũng là vì thế nhỉ.
CommonEvents,528,Hシーン27,,Other,セラ（左）,\C[4]セラ（左）,"口に咥えていない分、押さえつけづらいですね……。
施術に支障がありますので少し固定させていただきます。",Không ngậm trong miệng nên hơi khó đè nén lại nhỉ... Ảnh hưởng tới việc trị liệu nên em xin phép cố định anh lại chút nhé.
CommonEvents,528,Hシーン27,,Other,セラ（右）,\C[4]セラ（右）,はい、これで1ミリたりとも動かすことができなくなりました。,"Được rồi, thế là anh không thể nhúc nhích dù chỉ 1 milimét nhé."
CommonEvents,528,Hシーン27,,Other,セラ（右）,\C[4]セラ（右）,"今はどれだけ強い快楽を与えられても
おちんちんを逃がすことができません。",Bây giờ dù có bị trao cho sự sung sướng mãnh liệt thế nào con cu cũng không thể trốn thoát được đâu.
CommonEvents,528,Hシーン27,,Other,セラ（左）,\C[4]セラ（左）,"お精子を我々に恵んでいただくまで、おちんちんは
この吐息交じりの幸せな空間から解放されませんよ。","Cho tới khi dâng nộp tinh dịch cho hai bọn em, con cu sẽ không được giải thoát khỏi không gian hạnh phúc tràn ngập hơi thở này đâu."
CommonEvents,528,Hシーン27,,Other,セラ（左）,\C[4]セラ（左）,"と言っても、その瞬間は既に
目の前まで迫ってきていると思いますが。",Mà nói thế chứ khoảnh khắc đó cũng đã đến ngay trước mắt rồi nhỉ.
CommonEvents,528,Hシーン27,,Other,セラ（右）,\C[4]セラ（右）,"常に唇が吸い付いてきて、さらに舌がねちっこく
絡まってくるのですから、仕方のないことです。","Lúc nào cũng có môi mút chặt, lưỡi lại quấn quít quánh dính thì đành chịu thôi."
CommonEvents,528,Hシーン27,,Other,セラ（右）,\C[4]セラ（右）,"二人になった分、私個人としては普段の半分の時間しか
ご奉仕できないのは残念ですが……。",Tách thành hai người nên cá nhân chị chỉ phục vụ được một nửa thời gian so với bình thường thì hơi tiếc nhỉ...
CommonEvents,528,Hシーン27,,Other,セラ（左）,\C[4]セラ（左）,"同意します。そうですね……、
なら、量ではなく質を高めるのはどうでしょうか。",Em đồng ý. Thế... Thay vì chất lượng thời gian chúng ta nâng cao chất lượng mút cu thì sao?
CommonEvents,528,Hシーン27,,Other,セラ（左）,\C[4]セラ（左）,"短時間でも、二人で濃密な本気フェラをして
彼のとっても可愛いところを目に焼き付けるのです。",Dù thời gian ngắn nhưng cả hai cùng mút cu thật sự đậm đặc để khắc sâu khoảnh khắc đáng yêu của anh ấy vào mắt.
CommonEvents,528,Hシーン27,,Other,セラ（右）,\C[4]セラ（右）,"素晴らしい。
さすが私です。ぜひそうしましょう。",Tuyệt vời. Đúng là chị có khác. Nhất trí làm thế nhé.
CommonEvents,528,Hシーン27,,Other,セラ（右）,\C[4]セラ（右）,ということなので……覚悟してくださいね。,"Cho nên em xao xuyến lắm...♡ Tinh dịch của anh, cho em hết đi nào...♡"
CommonEvents,528,Hシーン27,,Other,セラ（左）,\C[4]セラ（左）,"全力で射精させるつもりで舐めしゃぶりますので、
できるだけ耐えてください。",Nhìn biểu cảm của anh kiềm chế cắn môi sướng rần người kìa.
CommonEvents,528,Hシーン27,,Other,セラ（右&左）,\C[4]セラ（右&左）,では、いきますよ……♡,Được hai bọn em quấn quít thế này làm anh thấy sướng lắm đúng không.
CommonEvents,528,Hシーン27,,Other,セラ（右&左）,\C[4]セラ（右&左）,"れろれろれろれろ♡　じゅるるっ、ずろろ♡
んちゅっ、ちゅぅぅ……っ♡　じゅるじゅるじゅる♡",Thế thì hãy vừa thưởng thức trọn vẹn cảm giác này vừa mút cu nhé.
CommonEvents,528,Hシーン27,,Other,,\N[1],～～～～っ！,"Nào, a~..."
CommonEvents,528,Hシーン27,,Other,セラ（右）,\C[4]セラ（右）,"はむっ♡　ちゅっ♡
出して♡　イって♡　精液ください♡",Chụt chụt... chụt...♡
CommonEvents,528,Hシーン27,,Other,セラ（左）,\C[4]セラ（左）,"ちゅぅぅっ♡　れろれろれろ♡
出せ♡　イけ♡　濃いのひり出せ♡",Mút mút... chụt... chẹp chẹp...♡
CommonEvents,528,Hシーン27,,Other,セラ（右&左）,\C[4]セラ（右&左）,"射精して♡　じゅるるるっ♡
射精しろ♡　れろっ、ずろろっ♡","Ưm... ah♡
Bắn hết tinh dịch ngọt ngào ra đi nào...♡"
CommonEvents,528,Hシーン27,,Other,セラ（右&左）,\C[4]セラ（右&左）,"れろれろれろ♡
じゅるる、んちゅっ♡　ぢゅる～……っ♡",Ngoan lắm... bọn em đã nhận hết tinh dịch của anh rồi.
CommonEvents,528,Hシーン27,,Other,セラ（右）,\C[4]セラ（右）,"はぁ……♡　はぁ……♡
たくさん出せましたね……♡",Màn mút cu đôi tuyệt vời lắm đúng không?
CommonEvents,528,Hシーン27,,Other,セラ（左）,\C[4]セラ（左）,"ちゃんと二人分のお精子をいただけたようで
とっても嬉しいです……♡",Lần sau anh hãy cố gắng nhẫn nại giỏi hơn nhé...♡
CommonEvents,529,Hシーン28,,Other,セラ,\C[4]セラ,"もう観念してください。
このまま追加治療に移行します。",Trị liệu mút cu đôi hoàn tất!
CommonEvents,529,Hシーン28,,Other,,\N[1],"セ、セラさん待って……！
激しいです……っ！",Anh chịu đựng giỏi lắm.
CommonEvents,529,Hシーン28,,Other,セラ,\C[4]セラ,"激しいのは当然です。あなたがどれだけ無力なのか
教え込むためなのですから。",Bây giờ em sẽ thưởng cho anh bắn tinh thoải mái nhé.
CommonEvents,529,Hシーン28,,Other,セラ,\C[4]セラ,"これからもずっと、ずっと、ず～っと
私の治療が必要だって、身体に叩き込まないと。","Nào, bắn hết ra đi nào...♡"
CommonEvents,529,Hシーン28,,Other,セラ,\C[4]セラ,"なので、待ちませんし、待てません。
それにあなたもおちんちんも全然萎えていませんよ。",Chụtttt... chẹp chẹp...♡
CommonEvents,529,Hシーン28,,Other,セラ,\C[4]セラ,"逆レイプされるのが嬉しいんですね。
やはりあなたのマゾ性癖は重症です。","Ưm... ah♡
Bắn hết tinh dịch tích tụ ra đi nào...♡"
CommonEvents,529,Hシーン28,,Other,セラ,\C[4]セラ,"でも大丈夫ですよ。
私が全部上書きして、私だけのあなたにしますから……♡",Ngoan lắm... em đã nuốt hết rồi.
CommonEvents,529,Hシーン28,,Other,セラ,\C[4]セラ,"ん……っ♡
ほら、またピストン始まっちゃいましたね。",Trị liệu bổ sung hoàn tất!
CommonEvents,529,Hシーン28,,Other,セラ,\C[4]セラ,"ぱちゅんぱちゅんってお尻を打ち付けられるの、
大好きでしょう？",Cảm ơn anh đã vất vả trị liệu nhé.
CommonEvents,529,Hシーン28,,Other,セラ,\C[4]セラ,"わざと体重をかけてあなた好みの
乱暴なセックスをしてあげますからね。",Hôm nay anh làm tốt lắm.
CommonEvents,529,Hシーン28,,Other,セラ,\C[4]セラ,私の重た～い愛情、全部受け取ってください……♡,Hãy nghỉ ngơi cho khỏe nhé.
CommonEvents,529,Hシーン28,,Other,セラ,\C[4]セラ,"あっ……♡　奥にあなたのが当たってます。
私が強く腰を振るほど、あなたの気持ちも伝わってきて……んっ♡",Chào anh.
CommonEvents,529,Hシーン28,,Other,セラ,\C[4]セラ,"とっても硬くて、私を求めていることがよく分かります。
両想いですね。",Hẹn gặp lại anh lần sau.
CommonEvents,529,Hシーン28,,Other,セラ,\C[4]セラ,"嬉しくておまんこがきゅんきゅんしています。
こんなの、おちんちんをいつも以上に締め付けてしまいますね。",Trị liệu hoàn tất!
CommonEvents,529,Hシーン28,,Other,セラ,\C[4]セラ,"おかげでひだがあなたのカリ首にたくさん引っかかって、
より強い快楽を与えることができます。",Đã phục hồi hoàn toàn HP và MP!
CommonEvents,529,Hシーン28,,Other,セラ,\C[4]セラ,"んっ……♡　ほら、くびれのところまで
おまんこがみちみちに抱き着いてきてるの、感じますか？",Đã giải trừ toàn bộ trạng thái bất thường!
CommonEvents,529,Hシーン28,,Other,セラ,\C[4]セラ,"隙間なくおちんちんを囲い込み、
隅々まで可愛がっています。",Khả năng kháng Pheromone tăng lên!
CommonEvents,529,Hシーン28,,Other,セラ,\C[4]セラ,"こんなにぴっとり密着していたら、おちんちんに
私の愛液が染みついてマーキングされちゃいそうですね。",Chỉ số phòng thủ Monster Girl tăng lên!
CommonEvents,529,Hシーン28,,Other,セラ,\C[4]セラ,"……おや、あなたの乳首がぴんと勃起して
物欲しそうにしています。",Đã nhận được phần thưởng trị liệu!
CommonEvents,529,Hシーン28,,Other,セラ,\C[4]セラ,"相変わらずおねだりがお上手な人。
ここも、犯して欲しいんですね。",Cảm ơn anh đã sử dụng phòng khám.
CommonEvents,529,Hシーン28,,Other,セラ,\C[4]セラ,"大丈夫ですよ。おちんちんをしごき上げながら、
乳首もねっとり、しつこ～……くなぶってあげますから。",Hẹn gặp lại anh.
CommonEvents,529,Hシーン28,,Other,セラ,\C[4]セラ,"ふふ……想像してしまいましたか？
可愛いお顔になっていますよ。",Chúc anh phiêu lưu may mắn.
CommonEvents,529,Hシーン28,,Other,セラ,\C[4]セラ,"早く乳首食べて欲しいですね。
ではご期待通り、あなたの弱点を味わい尽くしてあげます。",Hãy cẩn thận với các Monster Girl nhé.
CommonEvents,529,Hシーン28,,Other,セラ,\C[4]セラ,"あむっ……♡　れろれろれろ……っ、じゅるるっ♡
ちゅぱっ、ちゅる、れろれろれろ……っ♡",Em sẽ luôn ở đây chờ anh.
CommonEvents,529,Hシーン28,,Other,セラ,\C[4]セラ,"マゾの大好きな三点責めですよ。
両乳首責め、効きますか？",Anh vất vả rồi.
CommonEvents,529,Hシーン28,,Other,セラ,\C[4]セラ,"くす。
のけぞって感じてる。可愛い。",Hôm nay trị liệu thế nào?
CommonEvents,529,Hシーン28,,Other,セラ,\C[4]セラ,"でも、ちゃんとこっち見て欲しいです。
私と目を合わせてください。",Có vẻ anh đã quen dần với sự kích thích rồi nhỉ.
CommonEvents,529,Hシーン28,,Other,セラ,\C[4]セラ,"……はい、お利巧さんです。
じゅるるっ……♡　れろっ、ちゅっ……♡",Cứ tiếp tục phát huy nhé.
CommonEvents,529,Hシーン28,,Other,セラ,\C[4]セラ,"じー……っと見つめられながら
追い込まれるの、お好きでしょう？",Vâng! Cảm ơn Sera!
CommonEvents,529,Hシーン28,,Other,セラ,\C[4]セラ,"自分はこの人に負かされるんだって思いながら勃起すると、
背筋がぞくぞくしちゃいますもんね。",Hôm nay anh muốn làm trị liệu nào?
CommonEvents,529,Hシーン28,,Other,セラ,\C[4]セラ,"それに、自分の表情を観察されて、
内心喜んでいるあさましい精神を見透かされるのが恥ずかしい……。",Mời anh chọn danh mục trị liệu.
CommonEvents,529,Hシーン28,,Other,セラ,\C[4]セラ,"恥ずかしくて恥ずかしくて、
頭とおちんちんに血がのぼっちゃう……。",\c[2]Trị liệu cơ bản\c[0]
CommonEvents,529,Hシーン28,,Other,セラ,\C[4]セラ,"このマーゾ……♡
変態すぎです……♡",\c[2]Trị liệu kẹp ngực\c[0]
CommonEvents,529,Hシーン28,,Other,セラ,\C[4]セラ,"ふふ……あなたの喜ぶ言葉責め、もう全部分かっていますよ。
言って欲しいタイミングも、口調も、全部。",\c[2]Trị liệu thôi miên\c[0]
CommonEvents,529,Hシーン28,,Other,セラ,\C[4]セラ,"これからも私があなたのことを大事に、丁寧に、
手のひらの上でもてあそんであげます。",\c[2]Trị liệu nhập vai\c[0]
CommonEvents,529,Hシーン28,,Other,セラ,\C[4]セラ,"意地悪されてる内に甘えんぼな気持ちが出てきても、
何も言わない内に私がよちよちって甘やかしちゃいます。",\c[2]Trị liệu cọ xát đùi\c[0]
CommonEvents,529,Hシーン28,,Other,セラ,\C[4]セラ,"依存してください。私にハマってください。
私のことだけ考えてください。",\c[2]Trị liệu mắng rủa Mazo\c[0]
CommonEvents,529,Hシーン28,,Other,セラ,\C[4]セラ,"それが私の治療です。
あなたへの、最大限の愛です……♡",\c[2]Trị liệu Bunny Girl\c[0]
CommonEvents,529,Hシーン28,,Other,セラ,\C[4]セラ,"あなたが受け止めきれないくらい注いであげます。
こんな風に……。",\c[2]Trị liệu trò chơi làm bé cưng\c[0]
CommonEvents,529,Hシーン28,,Other,セラ,\C[4]セラ,"じゅるるるっれろれろれろれろ♡
ずろろっ、ちゅっ、ちゅぱちゅぱ……っ♡",\c[2]Trị liệu Slime Lotion\c[0]
CommonEvents,529,Hシーン28,,Other,セラ,\C[4]セラ,"あぁ、そろそろイきそうですね。
表情とおちんちんの硬さで分かります。",\c[2]Trị liệu Onahole\c[0]
CommonEvents,529,Hシーン28,,Other,セラ,\C[4]セラ,"抵抗する隙も与えません。
このまま搾り取ります。",\c[2]Trị liệu ân ái mặn nồng\c[0]
CommonEvents,529,Hシーン28,,Other,セラ,\C[4]セラ,"ほら、イけ。射精しろ。
れろれろれろ……じゅるる……っ♡",\c[2]Trị liệu Cow Girl\c[0]
CommonEvents,529,Hシーン28,,Other,セラ,\C[4]セラ,"精液コキ出せ、このマゾヒスト。
ちゅっ、れろれろ……っ♡　ずろろ……っ♡",\c[2]Trị liệu Doppelganger\c[0]
CommonEvents,529,Hシーン28,,Other,セラ,\C[4]セラ,"子宮に濃いのをお出しいただいてありがとうございます。
まずは一発目、ですね。",Quay lại
CommonEvents,529,Hシーン28,,Other,セラ,\C[4]セラ,"どうしましたかその顔は。
これで終わりなわけないじゃないですか。",Anh muốn thử bài trị liệu nào?
CommonEvents,529,Hシーン28,,Other,セラ,\C[4]セラ,どれだけ無力なのか教え込むと最初に言ったでしょう。,Xin mời anh lựa chọn.
CommonEvents,529,Hシーン28,,Other,セラ,\C[4]セラ,"あなたはとっても弱っちくて、女性に誘惑されると
すぐ子種を差し出してしまう筋金入りの早漏マゾです。",Hôm nay em sẽ hết lòng hỗ trợ anh.
CommonEvents,529,Hシーン28,,Other,セラ,\C[4]セラ,"あなたが必死に金玉の中身を隠そうとしたって無駄だと
分かっていただかないと。",Cùng nhau cố gắng chữa khỏi bệnh nhé.
CommonEvents,529,Hシーン28,,Other,セラ,\C[4]セラ,"ほら、激しいピストン止まりませんよ。
大人しく次の射精の準備してください。",Vâng!
CommonEvents,529,Hシーン28,,Other,セラ,\C[4]セラ,"どうせ犯されながらマゾ精子たくさん作ってたんでしょう？
出せないなんて建て前はいりません。",Anh đã sẵn sàng chưa?
CommonEvents,529,Hシーン28,,Other,セラ,\C[4]セラ,"濃いので一気に尿道をかき分ける感覚、
また味合わせてあげますから。",Chúng ta bắt đầu nhé.
CommonEvents,529,Hシーン28,,Other,セラ,\C[4]セラ,"……ちょっとゆるんでいた勃起が
みるみるうちに硬さを取り戻してきましたね。",Hãy kiềm chế thật tốt nhé.
CommonEvents,529,Hシーン28,,Other,セラ,\C[4]セラ,"さすがにちょろすぎます。
まるでこちらのSっ気を誘発しようとしているかのようです。","Nào, lại đây với em nào...♡"
CommonEvents,529,Hシーン28,,Other,セラ,\C[4]セラ,"そんなだから襲われるんですよ、全く……。
本当に……可愛い人♡",Chụtttt... chẹp chẹp...♡
CommonEvents,529,Hシーン28,,Other,セラ,\C[4]セラ,"はぁ……はぁ……っ♡
もう我慢が利かなくなってきました……っ。","Ưm... ah♡
Sướng lắm đúng không?♡"
CommonEvents,529,Hシーン28,,Other,セラ,\C[4]セラ,"好きです……♡　大好き……♡
絶対私が金玉空っぽにする……っ♡",Bắn tinh dịch ra đi nào... ngoan lắm.
CommonEvents,529,Hシーン28,,Other,セラ,\C[4]セラ,"じゅるるるっ♡　れろれろれろっ♡
白いの出せ♡　ぴゅっぴゅしろ♡","Ưm... nuốt ực...♡
Cảm ơn anh vì buổi trị liệu tuyệt vời nhé...♡"
CommonEvents,529,Hシーン28,,Other,セラ,\C[4]セラ,"マゾ性癖刺激されて濃いの漏らせ♡
精液ひり出せ♡",Trị liệu hoàn thành!
CommonEvents,529,Hシーン28,,Other,セラ,\C[4]セラ,"んっ♡　もうイきますね♡　あっ♡
我慢できない……イくイくイく……♡",Hôm nay anh làm xuất sắc lắm.
CommonEvents,529,Hシーン28,,Other,セラ,\C[4]セラ,"イ……っくぅ……っ♡
～～～っ……♡",Bệnh xuất tinh sớm của anh đang tiến triển rất tốt đấy.
CommonEvents,529,Hシーン28,,Other,セラ,\C[4]セラ,"はぁ……♡　はぁ……♡
精液の量が衰えませんね……♡",Cứ tiếp tục cố gắng thế này nhé.
CommonEvents,529,Hシーン28,,Other,セラ,\C[4]セラ,"これは少し骨が折れそうですが、ご安心ください。
私が根こそぎ搾り取りますから♡",Vâng! Cảm ơn Sera nhiều!
CommonEvents,529,Hシーン28,,Other,セラ,\C[4]セラ,それでは、まだまだ楽しみましょうね……♡,Chúc anh một ngày phiêu lưu vui vẻ.
CommonEvents,530,Hシーン29,,Other,サキュバス,\C[5]サキュバス,"あー……♡
お兄さん、裏メニューに興味あるの？♡",Hẹn gặp lại anh.
CommonEvents,530,Hシーン29,,Other,,\N[1],"なんかあったからつい買っちゃいましたけど、
どういう商品ですか？",Tạm biệt anh.
CommonEvents,530,Hシーン29,,Other,サキュバス,\C[5]サキュバス,"んー、商品というか、癒しのサービスなんですけどぉ～、
きっと気に入ってもらえると思いますよぉ？",Hẹn gặp lại anh lần sau.
CommonEvents,530,Hシーン29,,Other,サキュバス,\C[5]サキュバス,"特にお兄さんみたいな人には♡
くすくすくす……♡",Vâng!
CommonEvents,530,Hシーン29,,Other,サキュバス,\C[5]サキュバス,それじゃあ、一緒に店の奥に行こっか♡,Anh vất vả rồi.
CommonEvents,530,Hシーン29,,Other,サキュバス,\C[5]サキュバス,お隣失礼しま～す♡,Anh cần mua thêm vật phẩm trị liệu không?
CommonEvents,530,Hシーン29,,Other,,\N[1],な、なんか近くないですか？,Ghé tiệm Succubus xem thử đi nhé.
CommonEvents,530,Hシーン29,,Other,サキュバス,\C[5]サキュバス,"気のせい気のせい♪
それでさ、お兄さんにずっと聞きたかったんだけど……、",Cô ấy bán nhiều đồ hữu ích cho trị liệu lắm đấy.
CommonEvents,530,Hシーン29,,Other,サキュバス,\C[5]サキュバス,"お兄さんって私に冷たいフリしてるけど、
本当は私のこと結構タイプだよね？♡","Vâng, tôi biết rồi!"
CommonEvents,530,Hシーン29,,Other,,\N[1],"へっ！？
な、なにを言い出すかと思えば……。",Vậy hẹn gặp lại anh lần sau nhé.
CommonEvents,530,Hシーン29,,Other,サキュバス,\C[5]サキュバス,だって私の誘惑に負けたことがあるのは事実でしょ？,Vâng!
CommonEvents,530,Hシーン29,,Other,サキュバス,\C[5]サキュバス,"本当は好きな癖に、ちっぽけなプライドがあるから
素っ気ない態度しちゃうんだよね♡",Chào anh.
CommonEvents,530,Hシーン29,,Other,,\N[1],そ、そんなことありません。,Chúc anh một ngày tốt lành.
CommonEvents,530,Hシーン29,,Other,サキュバス,\C[5]サキュバス,"ふーん……。
でもさ～……、",Tạm biệt anh.
CommonEvents,530,Hシーン29,,Other,サキュバス,\C[5]サキュバス,"もしできるならえっちなことしたいよね？♡
天使ちゃんに失望されたくないからしないだけでしょ？",Hẹn gặp lại anh.
CommonEvents,530,Hシーン29,,Other,サキュバス,\C[5]サキュバス,"お兄さんがしたいなら～、してあげてもいいよ？
天使ちゃんには秘密で♡",Trị liệu kết thúc!
CommonEvents,530,Hシーン29,,Other,,\N[1],"そ、そんなこと言って、本当は
レベルドレインするつもりなんでしょう！？",Đã hồi phục hoàn toàn HP và MP!
CommonEvents,530,Hシーン29,,Other,サキュバス,\C[5]サキュバス,"そんなことしないよ～。
心配なら私と契約しようよ。",Đã giải trừ toàn bộ trạng thái bất thường!
CommonEvents,530,Hシーン29,,Other,サキュバス,\C[5]サキュバス,"悪魔にとって契約は絶対……。
その内容を破ることは悪魔自身にもできない。",Tăng chỉ số phòng thủ trước Monster Girl!
CommonEvents,530,Hシーン29,,Other,サキュバス,\C[5]サキュバス,"「レベルドレインを含めた、お兄さんにとって
不利益になる行動はしない」って契約でどう？",Đã nhận phần thưởng trị liệu!
CommonEvents,530,Hシーン29,,Other,サキュバス,\C[5]サキュバス,契約の承認は～……じゃあ、私の唇にキスすることが条件で♡,Cảm ơn anh đã đến phòng khám.
CommonEvents,530,Hシーン29,,Other,,\N[1],"キスなんてしません！
やめてください！",Hẹn gặp lại anh.
CommonEvents,530,Hシーン29,,Other,サキュバス,\C[5]サキュバス,"もう、強情だなぁ。
私はただお兄さんといちゃいちゃしたいだけなのに。",Chúc anh phiêu lưu thuận lợi.
CommonEvents,530,Hシーン29,,Other,サキュバス,\C[5]サキュバス,"本当はお兄さんのこと、反応が良くて
可愛いって思ってるんだよぉ？♡",Hãy cẩn thận với quái vật nhé.
CommonEvents,530,Hシーン29,,Other,サキュバス,\C[5]サキュバス,"いつも天使ちゃんとラブラブで嫉妬しちゃったから、
ちょ～っとだけ、私と浮気して欲しいなぁ～……♡",Em sẽ luôn ở đây chờ anh.
CommonEvents,530,Hシーン29,,Other,,\N[1],"（うぅぅ……！　こんなの絶対嘘だ！
誘惑するための甘言に決まってる！）",Thế nên... Từ giờ trở đi cũng mong anh chiếu cố em thật nhiều nhé.
CommonEvents,530,Hシーン29,,Other,,\N[1],"（でも、くそ……っ！　胸が大きくて……っ！
顔も可愛い……っ！搾られた時のことを思い出してしまう……！）","Mời anh ngồi xuống giường, dang rộng hai chân và hướng phần nhạy cảm về phía em."
CommonEvents,530,Hシーン29,,Other,サキュバス,\C[5]サキュバス,"くす……♡　あれ～？　なんか股間が膨らんできたね♡
キスだけじゃなくてこっちも欲しい？♡",Sau đây... Trị liệu bắt đầu.
CommonEvents,530,Hシーン29,,Other,サキュバス,\C[5]サキュバス,"じゃあ、ちょっとだけ爪で……かりかりかり……♡
こしょこしょこしょ～……♡",Anh đã sẵn sàng chưa?
CommonEvents,530,Hシーン29,,Other,サキュバス,\C[5]サキュバス,"くすくすくす……♡　腰くねらせてる♡
そんな情けない動きじゃ私の爪から逃げられませんよー♡",Vâng! Tôi sẵn sàng rồi!
CommonEvents,530,Hシーン29,,Other,サキュバス,\C[5]サキュバス,"このままちゅーしてサキュバスとえっちしちゃう？♡
あー、でも私ちっちゃいからお兄さんの顔に届かなーい♡",Tốt lắm. Vậy chúng ta bắt đầu thôi.
CommonEvents,530,Hシーン29,,Other,サキュバス,\C[5]サキュバス,"こっち来て♡
お兄さんからキスして♡",Hôm nay em sẽ trị liệu tập trung vào điểm yếu của anh.
CommonEvents,530,Hシーン29,,Other,,\N[1],う、うぅぅ～……！,Hãy kiềm chế thật tốt nhé.
CommonEvents,530,Hシーン29,,Other,サキュバス,\C[5]サキュバス,"あっはは♡　ぎりぎりまで近づいたけど耐えてる♡
表情面白ーい♡","Nào, lại đây với em...♡"
CommonEvents,530,Hシーン29,,Other,サキュバス,\C[5]サキュバス,"じゃあ、頑張れたご褒美♡
ちゅっ……♡",Chụtttt... chẹp chẹp...♡
CommonEvents,530,Hシーン29,,Other,サキュバス,\C[5]サキュバス,"んふふ……♡
契約成立……♡","Ưm... ah♡
Sướng lắm đúng không?♡"
CommonEvents,530,Hシーン29,,Other,サキュバス,\C[5]サキュバス,"今日は天使ちゃんにごめんなさいしながら、
心置きなく負けちゃおっか♡",Bắn tinh dịch ra đi nào... ngoan lắm.
CommonEvents,530,Hシーン29,,Other,サキュバス,\C[5]サキュバス,"力は絶対お兄さんの方が強いのに、
あっさり押し倒されちゃったね……♡","Ưm... nuốt ực...♡
Cảm ơn anh vì buổi trị liệu tuyệt vời nhé...♡"
CommonEvents,530,Hシーン29,,Other,サキュバス,\C[5]サキュバス,"ドキドキしちゃって力が入らないのかな？
くすくす……♡",Hôm nay anh làm tốt lắm.
CommonEvents,530,Hシーン29,,Other,サキュバス,\C[5]サキュバス,"今からサキュバスちゃんに犯されるって思ったら、
期待で胸が張り裂けちゃいそうだもんねー？♡",Lần sau lại cố gắng tiếp nhé.
CommonEvents,530,Hシーン29,,Other,サキュバス,\C[5]サキュバス,"それじゃあお兄さんの悪ーい浮気おちんちん、
食べちゃうよ……♡",Vâng! Cảm ơn Sera!
CommonEvents,530,Hシーン29,,Other,サキュバス,\C[5]サキュバス,"ん……っ♡
お兄さんの、おっきい……♡",Chúc anh một ngày tốt lành.
CommonEvents,530,Hシーン29,,Other,サキュバス,\C[5]サキュバス,"私で興奮してくれたんだ♡
嬉しいな～……♡",Hẹn gặp lại anh.
CommonEvents,530,Hシーン29,,Other,サキュバス,\C[5]サキュバス,"それとも、天使ちゃんから自分を寝取ってもらうのが
嬉しかったりする？♡",Chào anh.
CommonEvents,530,Hシーン29,,Other,サキュバス,\C[5]サキュバス,"色仕掛けであっさり負けて、好きな人を裏切る
このシチュエーションに興奮してるの？♡",Trị liệu kết thúc!
CommonEvents,530,Hシーン29,,Other,サキュバス,\C[5]サキュバス,……このマーゾ♡,Đã hồi phục toàn bộ thể lực!
CommonEvents,530,Hシーン29,,Other,サキュバス,\C[5]サキュバス,"あははっ♡
びくびく～ってした～♡　可愛い～♡",Tăng khả năng chống chịu!
CommonEvents,530,Hシーン29,,Other,サキュバス,\C[5]サキュバス,天使ちゃんにも普段こういう風に遊ばれてるの？,Tăng phòng thủ!
CommonEvents,530,Hシーン29,,Other,サキュバス,\C[5]サキュバス,"ずるいよね天使ちゃんばっかり。
私だってお兄さんで遊びたいのに。",Đã nhận thưởng!
CommonEvents,530,Hシーン29,,Other,サキュバス,\C[5]サキュバス,"なのに二人はいっつも私の前で
いちゃいちゃいちゃいちゃ……。",Cảm ơn anh đã tới.
CommonEvents,530,Hシーン29,,Other,サキュバス,\C[5]サキュバス,"ムカついちゃうよね～。
だから今日は憂さ晴らししちゃう☆",Hẹn gặp lại anh.
CommonEvents,530,Hシーン29,,Other,サキュバス,\C[5]サキュバス,"ほーら、おちんちんに集中して？
私のおまんこ、どう？♡",Phiêu lưu may mắn nhé.
CommonEvents,530,Hシーン29,,Other,サキュバス,\C[5]サキュバス,"ねっとり絡みついてきて
腰が抜けちゃいそうでしょ？♡",Hãy cẩn thận nhé.
CommonEvents,530,Hシーン29,,Other,サキュバス,\C[5]サキュバス,"私って身体がちっちゃいから
中がキツくて刺激も強～いの♡",Em chờ anh quay về.
CommonEvents,530,Hシーン29,,Other,サキュバス,\C[5]サキュバス,"それに、サキュバスってここが人間よりも
ずっと器用だから色々できるんだよ？",Nhớ giữ gìn sức khỏe nhé.
CommonEvents,530,Hシーン29,,Other,サキュバス,\C[5]サキュバス,"例えば、腰を動かさなくても
おちんちんを舐めまわすようにヒダを動かせたり……♡",Vâng!
CommonEvents,530,Hシーン29,,Other,,\N[1],"うぁ……！？
な、なにこれ、やめ……うぅ……！",Tạm biệt anh.
CommonEvents,530,Hシーン29,,Other,サキュバス,\C[5]サキュバス,"くすくす……♡
セックスしながらフェラもされてるみたいな気持ちよさでしょ？♡",Chào anh.
CommonEvents,530,Hシーン29,,Other,サキュバス,\C[5]サキュバス,"他にも、カリ首のところをきゅって締めて
弱点を集中攻撃したり……♡",Trị liệu hoàn tất!
CommonEvents,530,Hシーン29,,Other,,\N[1],"うぅぅ……！？
ひ、あぁ……っ！",Hôm nay công việc thế nào?
CommonEvents,530,Hシーン29,,Other,サキュバス,\C[5]サキュバス,"よだれ垂らして可愛い～♡
お兄さんのおちんちん、ぼこぼこに負かされちゃってるね♡",Có gặp rắc rối gì không?
CommonEvents,530,Hシーン29,,Other,サキュバス,\C[5]サキュバス,"こうやって色んな責め方をして刺激に慣れさせてあげないよ♡
知らない快楽でず～っと悶えてようね～♡",Nếu thấy mệt mỏi cứ nói với em nhé.
CommonEvents,530,Hシーン29,,Other,サキュバス,\C[5]サキュバス,"ほらほら、もっと気持ちよくなっちゃえ♡
天使ちゃん以外のおまんこ好きになっちゃえ♡",Em sẽ chữa lành cho anh.
CommonEvents,530,Hシーン29,,Other,,\N[1],す、好きになんか……くぅ……っ！,Vâng! Cảm ơn Sera!
CommonEvents,530,Hシーン29,,Other,サキュバス,\C[5]サキュバス,"えー？　そんなこと言う？
傷ついちゃうな～。",Sera chu đáo quá.
CommonEvents,530,Hシーン29,,Other,サキュバス,\C[5]サキュバス,私はこんなにお兄さんのことが好きなのに……♡,Hì hì... Vì em là y tá của anh mà.
CommonEvents,530,Hシーン29,,Other,サキュバス,\C[5]サキュバス,お兄さんが私にガチ恋して作った精子、欲しいな～♡,Thế nên anh cứ việc dưa dẫm vào em nhé.
CommonEvents,530,Hシーン29,,Other,サキュバス,\C[5]サキュバス,"ぴゅるる～って中出しして、
両想いになっちゃおう？♡",Vâng!
CommonEvents,530,Hシーン29,,Other,,\N[1],す、好きとか、そんな嘘で惑わさないでください……！,"Nào, chúng ta bắt đầu trị liệu thôi."
CommonEvents,530,Hシーン29,,Other,サキュバス,\C[5]サキュバス,嘘じゃないよ？,Vâng!
CommonEvents,530,Hシーン29,,Other,サキュバス,\C[5]サキュバス,私、お兄さんのことお気に入りだもん。,Hãy kiềm chế thật tốt nhé.
CommonEvents,530,Hシーン29,,Other,サキュバス,\C[5]サキュバス,"お兄さんはチョロいから気づかなかったと思うけど、
私ってサキュバス特有のフェロモンがあんまり出ない体質なの。",Nào...♡
CommonEvents,530,Hシーン29,,Other,サキュバス,\C[5]サキュバス,"だから冒険者を誘惑しても
全然上手くいかなかったんだけど……、",Chụtttt... chẹp chẹp...♡
CommonEvents,530,Hシーン29,,Other,サキュバス,\C[5]サキュバス,"お兄さんは簡単に引っかかってくれて
嬉しかったんだよ？","Ưm... ah♡
Sướng lắm đúng không?♡"
CommonEvents,530,Hシーン29,,Other,サキュバス,\C[5]サキュバス,"私にメロメロになってくれる人って中々いなかったから、
それまで気づかなかったけど……、",Bắn tinh dịch ra đi nào... ngoan lắm.
CommonEvents,530,Hシーン29,,Other,サキュバス,\C[5]サキュバス,"私ってぇ、自分の手のひらの上で遊ばれてくれる人を見ると……、
すっごく興奮しちゃうの……♡","Ưm... nuốt ực...♡
Cảm ơn anh vì buổi trị liệu tuyệt vời nhé...♡"
CommonEvents,530,Hシーン29,,Other,サキュバス,\C[5]サキュバス,"こんな私にさえ負けちゃうなんて、
本当に雑魚くて可愛いなぁ、って♡",Hôm nay anh làm tuyệt lắm.
CommonEvents,530,Hシーン29,,Other,サキュバス,\C[5]サキュバス,ねぇ、ちゃんと私の目、見て？♡,Cố gắng lên nhé.
CommonEvents,530,Hシーン29,,Other,サキュバス,\C[5]サキュバス,今から私に屈服して降参お漏らしするマゾの顔、見・せ・て？♡,Vâng!
CommonEvents,530,Hシーン29,,Other,サキュバス,\C[5]サキュバス,"くすくす……♡　あはは……っ♡
本当にこっち見るんだぁ……♡　顔真っ赤♡",Tạm biệt anh.
CommonEvents,530,Hシーン29,,Other,サキュバス,\C[5]サキュバス,"恥ずかしい思いさせて欲しいんだ？♡
この変態♡",Hẹn gặp lại.
CommonEvents,530,Hシーン29,,Other,サキュバス,\C[5]サキュバス,"それじゃあお望み通り、
お兄さんの大事な精子、搾り取ってあげる♡",Chào anh.
CommonEvents,530,Hシーン29,,Other,サキュバス,\C[5]サキュバス,"ほーら、イけイけ……♡
情けなく負けちゃえ……♡",Trị liệu xong rồi!
CommonEvents,530,Hシーン29,,Other,サキュバス,\C[5]サキュバス,"射精しろ♡
このばーか……♡",Phục hồi HP MP hoàn toàn!
CommonEvents,530,Hシーン29,,Other,サキュバス,\C[5]サキュバス,"ん……っ♡
あーあ、出しちゃった～……♡",Giải trừ trạng thái xấu!
CommonEvents,530,Hシーン29,,Other,サキュバス,\C[5]サキュバス,"浮気射精お疲れ様♡
たっぷり出して気持ちよかったね～♡　くすくす……♡",Tăng chỉ số!
CommonEvents,530,Hシーン29,,Other,サキュバス,\C[5]サキュバス,"……私はいつでも待ってるから、
裏メニュー、また頼んでね？♡",Nhận phần thưởng!
CommonEvents,531,Hシーン30,,Other,サキュバス,\C[5]サキュバス,"あれ～？♡
お兄さん、また裏メニューやって欲しいのぉ？♡",Cảm ơn anh.
CommonEvents,531,Hシーン30,,Other,サキュバス,\C[5]サキュバス,"やっぱり私のことが好きなんだぁ♡
嬉しいな～♡　くすくすくす……♡",Hẹn gặp lại.
CommonEvents,531,Hシーン30,,Other,,\N[1],"ち、ちがっ、間違えただけです！
やっぱりキャンセルで！",Chúc may mắn.
CommonEvents,531,Hシーン30,,Other,サキュバス,\C[5]サキュバス,"えー？　本当にいいの？
間違えちゃったんならしょうがないでしょ？",Cẩn thận nhé.
CommonEvents,531,Hシーン30,,Other,サキュバス,\C[5]サキュバス,"今回はもうお金払っちゃったんだし、
サービス受けちゃおうよ……♡",Em chờ anh.
CommonEvents,531,Hシーン30,,Other,サキュバス,\C[5]サキュバス,また、気持ちよーく搾り取ってあげるから……♡,Tạm biệt.
CommonEvents,531,Hシーン30,,Other,？？？,？？？,そこの悪魔、待ちなさい。,Chào anh.
CommonEvents,531,Hシーン30,,Other,サキュバス,\C[5]サキュバス,げっ……この声は……。,Đã hồi phục hoàn toàn thể lực!
CommonEvents,531,Hシーン30,,Other,セラ,\C[4]セラ,"ついに本性を現しましたね。
やはり淫魔は淫魔でしたか。",Xem các phân cảnh H-Scene (Hồi tưởng).
CommonEvents,531,Hシーン30,,Other,サキュバス,\C[5]サキュバス,"天使も盗み聞きとかするんだ～。
うっざ～い☆",Xem lại câu chuyện trị liệu chính.
CommonEvents,531,Hシーン30,,Other,サキュバス,\C[5]サキュバス,"言っておくけどレベルドレインはしてないから。
前回もあくまで合意の上でやっただけだし！",Xem lại các bài trị liệu đặc biệt.
CommonEvents,531,Hシーン30,,Other,セラ,\C[4]セラ,"はぁ。
そうですか。",Xem lại các sự kiện bại trận H-Scene.
CommonEvents,531,Hシーン30,,Other,セラ,\C[4]セラ,ちなみに、「 前 回 」 と は な ん で す か ？,Xem lại các phân cảnh AfterCare.
CommonEvents,531,Hシーン30,,Other,セラ,\C[4]セラ,"目をそらさないでください。
サキュバスではなく、あなたに聞いているんです。",Mở khóa toàn bộ phân cảnh H-Scene.
CommonEvents,531,Hシーン30,,Other,サキュバス,\C[5]サキュバス,"あはははっ♡　お兄さんの顔面白～い♡
真っ青になってる～♡",Thoát phòng hồi tưởng.
CommonEvents,531,Hシーン30,,Other,セラ,\C[4]セラ,"私に治療されている身でありながら、誘惑に負けたんですね？
このサキュバスとえっちしたんですね？",Bạn có muốn mở khóa toàn bộ phân cảnh H-Scene không?
CommonEvents,531,Hシーン30,,Other,,\N[1],"……すみません。
本当にすみません。",\c[18]Lưu ý: Không thể khôi phục lại trạng thái chưa mở khóa sau khi mở.\c[0]
CommonEvents,531,Hシーン30,,Other,セラ,\C[4]セラ,"はぁ……全く……。
症状が改善していると思っていたらこれです。",\c[2]Đồng ý mở khóa\c[0]
CommonEvents,531,Hシーン30,,Other,セラ,\C[4]セラ,"分かりました。
これは専属ナースである私の責任でもあります。",Không mở khóa
CommonEvents,531,Hシーン30,,Other,セラ,\C[4]セラ,"ですので、後学のためにその「裏メニュー」とやらを
実施されている姿を私に見せてください。",Đã mở khóa toàn bộ phân cảnh H-Scene!
CommonEvents,531,Hシーン30,,Other,,\N[1],"えぇっ！？
サキュバスにされているところを見るってことですか……！？",Xem hồi tưởng bài Trị liệu Gland (Đầu quy đầu).
CommonEvents,531,Hシーン30,,Other,サキュバス,\C[5]サキュバス,"何それ面白そ～♡
私もさんせー♡",Xem hồi tưởng bài Trị liệu Kẹp ngực.
CommonEvents,531,Hシーン30,,Other,セラ,\C[4]セラ,ただし、射精することは禁止です。,Xem hồi tưởng bài Trị liệu Mẫn cảm / Thôi miên.
CommonEvents,531,Hシーン30,,Other,セラ,\C[4]セラ,"隣で𠮟りつけてあげますので、
私の前でサキュバスに勝利する姿を見せてください。",Xem hồi tưởng bài Trị liệu Nhập vai trang phục.
CommonEvents,531,Hシーン30,,Other,サキュバス,\C[5]サキュバス,"じゃあ私は、お兄さんの精液を
あざと～くおねだりしちゃおっと♡",Xem hồi tưởng bài Trị liệu Cọ xát đùi.
CommonEvents,531,Hシーン30,,Other,セラ,\C[4]セラ,"いいでしょう。
その程度の試練は必要ですから。",Xem hồi tưởng bài Trị liệu Mắng rủa Mazo.
CommonEvents,531,Hシーン30,,Other,セラ&サキュバス,\C[4]セラ\C[0]&\C[5]サキュバス,"それでは、覚悟してくださいね。
それじゃあ、覚悟してね♡",Xem hồi tưởng bài Trị liệu Bunny Girl sòng bài.
CommonEvents,531,Hシーン30,,Other,サキュバス,\C[5]サキュバス,"お兄さん、こんな状況でもしっかり勃起するんだね？
それとも本当は嬉しがってる？",Xem hồi tưởng bài Trị liệu Trò chơi làm bé cưng.
CommonEvents,531,Hシーン30,,Other,,\N[1],そ、そんなことはないです……。,Xem hồi tưởng bài Trị liệu Slime Lotion.
CommonEvents,531,Hシーン30,,Other,セラ,\C[4]セラ,"いえ、あなたのことですから、女性二人に追い詰められる状況に
おちんちんが大きくなってしまったに違いありません。",Xem hồi tưởng bài Trị liệu Onahole dâm mát.
CommonEvents,531,Hシーン30,,Other,セラ,\C[4]セラ,"自分の恥ずかしいところを見られる、というのも
あなたが好きそうなシチュエーションですしね？",Xem hồi tưởng bài Trị liệu Ân ái mặn nồng.
CommonEvents,531,Hシーン30,,Other,サキュバス,\C[5]サキュバス,"あははっ！　全部把握されて恥ずかしいね～？
でもここはぴくぴくしちゃってるよ♡",Xem hồi tưởng bài Trị liệu Cow Girl sữa tươi.
CommonEvents,531,Hシーン30,,Other,サキュバス,\C[5]サキュバス,"むずむずしてつらいよね？
じゃあ、優しいサキュバスちゃんがサービスしてあげる♡",Xem hồi tưởng bài Trị liệu Doppelganger (2 Seras).
CommonEvents,531,Hシーン30,,Other,サキュバス,\C[5]サキュバス,"ん……っ♡
とっても硬ぁい……♡",Xem hồi tưởng Bại trận trước Slime Girl.
CommonEvents,531,Hシーン30,,Other,サキュバス,\C[5]サキュバス,"「私と」セックスするの、そんなに楽しみだった？♡
嬉しいなぁ～♡",Xem hồi tưởng Bại trận trước Lamia.
CommonEvents,531,Hシーン30,,Other,セラ,\C[4]セラ,別に相手があなただからとは限りませんが。,Xem hồi tưởng Bại trận trước Harpy.
CommonEvents,531,Hシーン30,,Other,セラ,\C[4]セラ,"こら。あなたもデレデレした顔をしないでください。
そういうの、全部見られていますからね？",Xem hồi tưởng Bại trận trước Cow Girl / Minotaur.
CommonEvents,531,Hシーン30,,Other,セラ,\C[4]セラ,"あなたの情けない反応は専属ナースである私に
観察されているんですから、ちゃんと我慢してください。",Xem hồi tưởng Bại trận trước Succubus.
CommonEvents,531,Hシーン30,,Other,サキュバス,\C[5]サキュバス,お兄さんはむしろ見られて興奮しちゃうと思うけど？♡,Xem hồi tưởng Phân cảnh AfterCare sau trị liệu.
CommonEvents,531,Hシーン30,,Other,サキュバス,\C[5]サキュバス,"歯を食いしばって「イくイく～♡」って
してるところ見られて、顔赤くしたいもんね♡",Xem hồi tưởng Khen thưởng sau trị liệu.
CommonEvents,531,Hシーン30,,Other,サキュバス,\C[5]サキュバス,"ほら、もっとおちんちん硬くして♡
愛しの天使ちゃんに私たちのらぶらぶえっち見せつけちゃお♡",Xem hồi tưởng Trừng phạt khi bắn tinh sớm.
CommonEvents,531,Hシーン30,,Other,セラ,\C[4]セラ,"彼は私の治療を受けているんですよ？
サキュバス相手にそんなみっともないことはしません。",Xem hồi tưởng Sera ghen tuông sau khi ghé tiệm Succubus.
CommonEvents,531,Hシーン30,,Other,セラ,\C[4]セラ,"治療を思い出して耐えてください。
おちんちんに感覚を集中させてはいけません。",Xem hồi tưởng Sera say rượu / Khen nốt.
CommonEvents,531,Hシーン30,,Other,セラ,\C[4]セラ,"中のひだひだを意識してしまったら、
あっという間にぴゅっぴゅしちゃいますよ。",Xem hồi tưởng Đếm ngược đe dọa.
CommonEvents,531,Hシーン30,,Other,セラ,\C[4]セラ,"気持ちよくなっちゃだめ。
おまんこ味わっちゃだめです。",Xem hồi tưởng Sách kỹ năng Dạ kỹ Incubus.
CommonEvents,531,Hシーン30,,Other,サキュバス,\C[5]サキュバス,"そんなこと言われたら、余計におまんこのことで
頭いっぱいになっちゃうよね？♡",Xem hồi tưởng Tin đồn Thiên Sứ Sa Ngã.
CommonEvents,531,Hシーン30,,Other,サキュバス,\C[5]サキュバス,"ほら、お兄さんの格好いいカリ首でよーく感じて？
私の形を♡",Xem hồi tưởng Đánh bại Thiên Sứ Sa Ngã giả mạo.
CommonEvents,531,Hシーン30,,Other,サキュバス,\C[5]サキュバス,"引き抜く度に「おちんちんさん行かないで～♡」って
名残惜しそうに引っかかってくるよね♡",Xem hồi tưởng Đêm tại bãi biển / Tiệm Yakisoba.
CommonEvents,531,Hシーン30,,Other,サキュバス,\C[5]サキュバス,"入れる時はみっちり詰まった膣をかき分ける感覚で
背筋がぞくぞく～……♡",Xem hồi tưởng Mùa động dục của Sera.
CommonEvents,531,Hシーン30,,Other,サキュバス,\C[5]サキュバス,"こんなの好きになっちゃう～……♡
サキュバスちゃんに恋しちゃう～……♡",Xem hồi tưởng Vòng halo biến dạng & Luật Thiên Sứ.
CommonEvents,531,Hシーン30,,Other,セラ,\C[4]セラ,"勝手にアテレコしないでください。
彼はそんなこと考えていません。",Xem hồi tưởng Đôi cánh đen bầu máu của Succubus.
CommonEvents,531,Hシーン30,,Other,セラ,\C[4]セラ,"「セラさんのおまんこの方が気持ちいい、
淫魔のおまんこなんかに負けないぞ～」って考えてるに決まってます。",Xem hồi tưởng Thông báo bài trị liệu cuối cùng.
CommonEvents,531,Hシーン30,,Other,サキュバス,\C[5]サキュバス,"本当に？
お兄さんにそんな強～い気持ちがあるのかな？",Xem hồi tưởng Phá cửa tỏ tình & Sera Yandere.
CommonEvents,531,Hシーン30,,Other,サキュバス,\C[5]サキュバス,考えてるとしても、もっと弱々しい感じだと思うよ♡,Xem hồi tưởng True Ending Epilogue.
CommonEvents,531,Hシーン30,,Other,サキュバス,\C[5]サキュバス,"「んっ、あっ♡　ま、負けないぞっ、やぁんっ♡　やめっ、助けてぇ♡
セラさんの前で負けちゃうぅっ♡」みたいな♡　くすくす……♡",Bạn muốn xem phân cảnh nào?
CommonEvents,531,Hシーン30,,Other,セラ,\C[4]セラ,"しれっと喘ぎ声で興奮を煽らないでください。
こら、あなたもぴくぴくして反応しない。",Xin mời chọn phân cảnh hồi tưởng.
CommonEvents,531,Hシーン30,,Other,セラ,\C[4]セラ,"今のは淫魔のわざとらしい誘惑です。
こんなので気持ちよくなるなんてマゾ丸出しですよ？",Đang tải phân cảnh...
CommonEvents,531,Hシーン30,,Other,セラ,\C[4]セラ,"おちんちん硬くしないでください。
金玉の中でお精子作っちゃだめです。",Trở về menu chính.
CommonEvents,531,Hシーン30,,Other,セラ,\C[4]セラ,"興奮するな。
よだれ垂らすの禁止。セックス耐えろ。",Trở về phòng hồi tưởng.
CommonEvents,531,Hシーン30,,Other,サキュバス,\C[5]サキュバス,"そんな厳しいこと言っちゃ可哀そうだよ？♡
もっと優しく接してあげないと♡",Chế độ xem toàn bộ H-Scene đã kích hoạt.
CommonEvents,531,Hシーン30,,Other,サキュバス,\C[5]サキュバス,"気持ちよくなっていいよ♡
勃起させちゃえ♡　精液濃くして♡",Tất cả nội dung đã được mở khóa hoàn toàn.
CommonEvents,531,Hシーン30,,Other,サキュバス,\C[5]サキュバス,"ほら、特別に私の可愛い乳首も見せちゃおうかな♡
オカズにしちゃっていいよ♡",Chúc bạn thưởng thức game vui vẻ!
CommonEvents,531,Hシーン30,,Other,サキュバス,\C[5]サキュバス,"このまま私にメロメロになって、
天使ちゃんにごめんなさいしようね～♡",Vâng!
CommonEvents,531,Hシーン30,,Other,セラ,\C[4]セラ,"そんなのはぜっっったいにだめです。
彼は私の患者なんですよ？",Cảm ơn bạn đã chơi game!
CommonEvents,531,Hシーン30,,Other,セラ,\C[4]セラ,"私以外のおまんこで射精しないでください。
あなたの精液を搾り取っていいのは私だけです。",Cảm ơn bạn đã ủng hộ tác giả!
CommonEvents,531,Hシーン30,,Other,セラ,\C[4]セラ,"これは、もっと強めに言い聞かせる必要が
あるみたいですね。",Game được thực hiện bởi Clinic Team.
CommonEvents,531,Hシーン30,,Other,サキュバス,\C[5]サキュバス,"なになに？　言うこと聞かせるつもり？
じゃあ私は逆のこと言ってあげよーっと♡",Bản dịch tiếng Việt được thực hiện chuẩn xác theo ngữ cảnh.
CommonEvents,531,Hシーン30,,Other,セラ&サキュバス,\C[4]セラ\C[0]&\C[5]サキュバス,"出すな。出すな。精液出すな。
出せ♡　 出せ♡　 精液出せ♡",Chúc bạn có những trải nghiệm tuyệt vời!
CommonEvents,531,Hシーン30,,Other,セラ&サキュバス,\C[4]セラ\C[0]&\C[5]サキュバス,"気持ちよくなるな。金玉持ち上げるな。
気持ちよくなれ♡　 金玉持ち上げろ♡",Vâng!
CommonEvents,531,Hシーン30,,Other,サキュバス,\C[5]サキュバス,"お兄さん苦しそう……♡
そんな顔されたら興奮しちゃう♡",Tạm biệt!
CommonEvents,531,Hシーン30,,Other,サキュバス,\C[5]サキュバス,"ほらほら……♡
私の本気ピストンで負けちゃえ……♡",Nào nào...♡ Hãy chịu thua trước những nhịp dập hết sức của em đi nào...♡
CommonEvents,531,Hシーン30,,Other,セラ,\C[4]セラ,"負けるなんて許しません。
腰に力を入れてください。",Em không cho phép anh chịu thua đâu. Hãy dồn lực vào hông đi.
CommonEvents,531,Hシーン30,,Other,セラ,\C[4]セラ,"我慢です。我慢ですよ。
私にお漏らしする恥ずかしいところ見られていいんですか？",Phải nhẫn nại. Nhẫn nại đi nhé. Anh có muốn em nhìn thấy cảnh anh rỉ tinh dịch xấu hổ thế này không?
CommonEvents,531,Hシーン30,,Other,セラ&サキュバス,\C[4]セラ\C[0]&\C[5]サキュバス,"出しちゃだめ。我慢しろ。　　射精するな。
出していいよ♡ 我慢しないで♡ 射精して♡","Không được bắn. Hãy chịu đựng. Đừng xuất tinh.
Cho phép anh bắn đấy♡ Đừng chịu đựng nữa♡ Hãy xuất tinh đi♡"
CommonEvents,531,Hシーン30,,Other,セラ&サキュバス,\C[4]セラ\C[0]&\C[5]サキュバス,"イくな。イくな。精液出すな。
イけ♡　 イけ♡　 精液出せ♡","Đừng lên đỉnh. Đừng lên đỉnh. Đừng bắn tinh dịch.
Lên đỉnh đi♡ Lên đỉnh đi♡ Bắn tinh dịch ra đi♡"
CommonEvents,531,Hシーン30,,Other,セラ&サキュバス,\C[4]セラ\C[0]&\C[5]サキュバス,"絶対イくな、このマゾ。
さっさとイけ、このマゾ♡","Tuyệt đối không được lên đỉnh, đồ cuồng M này.
Mau lên đỉnh đi, đồ cuồng M này♡"
CommonEvents,531,Hシーン30,,Other,サキュバス,\C[5]サキュバス,"あーあ、イっちゃった～♡
お兄さん弱っちい～♡","Ôi dội, lên đỉnh mất tiêu rồi~♡ Anh yếu ớt quá đi~♡"
CommonEvents,531,Hシーン30,,Other,セラ,\C[4]セラ,はぁ……あなたという人は本当に……。,Hà... Anh đúng là thật sự...
CommonEvents,531,Hシーン30,,Other,サキュバス,\C[5]サキュバス,やっぱりお兄さんが好きなのは私の方なんだぁ♪,Quả nhiên người mà anh thích nhất chính là em nhỉ♪
CommonEvents,531,Hシーン30,,Other,サキュバス,\C[5]サキュバス,"ま、誰かさんと違って私は愛嬌たっぷりで
甘え上手なサキュバスちゃんだもんね？","Mà, khác với ai đó, em là bé Succubus tràn đầy sự duyên dáng và biết làm nũng mà đúng không?"
CommonEvents,531,Hシーン30,,Other,サキュバス,\C[5]サキュバス,"不愛想で秘密主義な怪しい天使なんかより、
絶対私の方が良いもんねー！　あっはははは☆",So với cô Thiên Sứ mờ ám lạnh lùng đầy bí mật kia thì tuyệt đối em tốt hơn nhiều đúng không nào~! A ha ha ha ha☆
CommonEvents,531,Hシーン30,,Other,セラ,\C[4]セラ,……。,...
CommonEvents,531,Hシーン30,,Other,セラ,\C[4]セラ,"人間をたぶらかす悪質な魔物がいるみたいですね。
浄化します。",Có vẻ như đang có một con quái vật độc hại dụ dỗ con người nhỉ. Em sẽ thanh tẩy nó.
CommonEvents,531,Hシーン30,,Other,サキュバス,\C[5]サキュバス,へ？,Hả?
CommonEvents,531,Hシーン30,,Other,セラ,\C[4]セラ,エンジェルビーム。,Angel Beam.
CommonEvents,531,Hシーン30,,Other,サキュバス,\C[5]サキュバス,ピギャーーー！,Pigaaaa~!
CommonEvents,531,Hシーン30,,Other,,\N[1],（なんだその知らない技……）,(Tuyệt chiêu gì nghe lạ hoắc thế...)
CommonEvents,531,Hシーン30,,Other,セラ,\C[4]セラ,"良かったですね。
大好きな淫魔に気持ちよくしてもらえて。",Tốt cho anh quá rồi nhé. Được con dâm quỷ mà anh yêu thích làm cho sung sướng.
CommonEvents,531,Hシーン30,,Other,セラ,\C[4]セラ,"とっても幸せそうな顔をしていたので、
私も嬉しい気持ちになりました。",Khuôn mặt anh trông hạnh phúc đến thế làm em cũng thấy vui lây đấy.
CommonEvents,531,Hシーン30,,Other,サキュバス,\C[5]サキュバス,"あ ば ば ば ば……。
早 く 止 め てぇ……。",A ba ba ba ba... Mau dừng lại đi...
CommonEvents,531,Hシーン30,,Other,サキュバス,\C[5]サキュバス,ぐへぇ……。,Guhhh...
CommonEvents,531,Hシーン30,,Other,,\N[1],"本当にすみません……。
我慢できませんでした……。",Thật sự xin lỗi em... Anh không chịu đựng nổi...
CommonEvents,531,Hシーン30,,Other,セラ,\C[4]セラ,"全く。
この様子では、まだまだ治療が足りないようです。",Thật là. Tình hình này xem ra bài trị liệu vẫn chưa đủ rồi.
CommonEvents,531,Hシーン30,,Other,セラ,\C[4]セラ,"早くクリニックに行きますよ。
今から集中特訓です。",Mau đến phòng khám thôi. Từ bây giờ sẽ là buổi huấn luyện đặc biệt dồn dập.
CommonEvents,531,Hシーン30,,Other,,\N[1],は、はいぃ……。,V-Vâng...
CommonEvents,531,Hシーン30,,Other,サキュバス,\C[5]サキュバス,うぅ……。,Ưu...
CommonEvents,531,Hシーン30,,Other,,\N[1],"大丈夫ですか……？
エンジェルビーム？　が直撃してましたけど……。",Cô không sao chứ...? Hình như bị dính trọn Tia sáng Thiên Sứ thì phải...
CommonEvents,531,Hシーン30,,Other,サキュバス,\C[5]サキュバス,"私は良いサキュバス！
早く人間たちのために働かないと！",Tôi là một Succubus tốt! Phải mau chóng làm việc vì con người mới được!
CommonEvents,531,Hシーン30,,Other,,\N[1],（めっちゃ浄化されてる……）,(Bị thanh tẩy siêu nặng luôn...)
Map003,1,敗北イベント,敗北イベント,18+_Defeat,,,新たな\c[2]アフターケア\c[0]が解放された！,Mở khóa \c[2]Aftercare\c[0] mới!
Map004,3,クリック [p0],治療4,18+_治療,セラ,\C[4]セラ,"私のおまんこはこんなにもあなたのおちんちんを
求めているのに、残念です。","Cô bé của em đang khao khát con cu của anh đến nhường này mà, tiếc thật đấy."
Map004,3,クリック [p0],治療4,18+_治療,セラ,\C[4]セラ,……最後にもう一度だけお聞きします。,...Em xin hỏi anh lại một lần cuối cùng.
Map004,3,クリック [p0],治療4,18+_治療,セラ,\C[4]セラ,本当は私といちゃらぶ濃厚セックス、したいですか？,Thực sự anh có muốn làm tình nồng nàn mặn nồng với em không?
Map004,3,クリック [p0],治療4,18+_治療,[Choice],[Choice],\c[2]はい,\c[2]Có
Map004,3,クリック [p0],治療4,18+_治療,[Choice],[Choice],いいえ,Không
Map004,3,クリック [p0],治療4,18+_治療,セラ,\C[4]セラ,"ふふ。そうですか。
では、してしまいましょうか。",Hì hì. Thế sao. Vậy thì chúng ta hãy làm thôi nào.
Map004,3,クリック [p1],治療4,18+_治療,セラ,\C[4]セラ,"私のおまんこはこんなにもあなたのおちんちんを
求めているのに、残念です。","Cô bé của em đang khao khát con cu của anh đến nhường này mà, tiếc thật đấy."
Map004,3,クリック [p1],治療4,18+_治療,セラ,\C[4]セラ,……最後にもう一度だけお聞きします。,...Em xin hỏi anh lại một lần cuối cùng.
Map004,3,クリック [p1],治療4,18+_治療,セラ,\C[4]セラ,本当は私といちゃらぶ濃厚セックス、したいですか？,Thực sự anh có muốn làm tình nồng nàn mặn nồng với em không?
Map004,3,クリック [p1],治療4,18+_治療,[Choice],[Choice],\c[2]はい,\c[2]Có
Map004,3,クリック [p1],治療4,18+_治療,[Choice],[Choice],いいえ,Không
Map004,3,クリック [p1],治療4,18+_治療,セラ,\C[4]セラ,"ふふ。そうですか。
では、してしまいましょうか。",Hì hì. Thế sao. Vậy thì chúng ta hãy làm thôi nào.
Map006,3,クリック [p0],治療9,18+_治療,セラ,\C[4]セラ,"もうお時間ですか。
とっても残念です。",Đã đến giờ rồi sao. Tiếc thật đấy.
Map006,3,クリック [p0],治療9,18+_治療,セラ,\C[4]セラ,"延長していただけたら、
腰が抜けるようなフェラでいじめてあげるのに。","Nếu anh gia hạn thời gian, em sẽ mút cu tra tấn cho anh bủn rủn hông luôn cơ đấy."
Map006,3,クリック [p0],治療9,18+_治療,セラ,\C[4]セラ,"どうしますか？
延長、しますか？",Anh tính sao? Có gia hạn không?
Map006,3,クリック [p0],治療9,18+_治療,[Choice],[Choice],\c[2]はい,\c[2]Có
Map006,3,クリック [p0],治療9,18+_治療,[Choice],[Choice],いいえ,Không
Map006,3,クリック [p0],治療9,18+_治療,セラ,\C[4]セラ,"それでは、コースを強制敗北フェラチオコースに
変更しますね……？♡",Thế thì em sẽ chuyển sang gói mút cu cưỡng ép thua trận nhé...?♡
Map006,3,クリック [p1],治療9,18+_治療,セラ,\C[4]セラ,"もうお時間ですか。
とっても残念です。",Đã đến giờ rồi sao. Tiếc thật đấy.
Map006,3,クリック [p1],治療9,18+_治療,セラ,\C[4]セラ,"延長していただけたら、
腰が抜けるようなフェラでいじめてあげるのに。","Nếu anh gia hạn thời gian, em sẽ mút cu tra tấn cho anh bủn rủn hông luôn cơ đấy."
Map006,3,クリック [p1],治療9,18+_治療,セラ,\C[4]セラ,"どうしますか？
延長、しますか？",Anh tính sao? Có gia hạn không?
Map006,3,クリック [p1],治療9,18+_治療,[Choice],[Choice],\c[2]はい,\c[2]Có
Map006,3,クリック [p1],治療9,18+_治療,[Choice],[Choice],いいえ,Không
Map006,3,クリック [p1],治療9,18+_治療,セラ,\C[4]セラ,"それでは、コースを強制敗北フェラチオコースに
変更しますね……？♡",Thế thì em sẽ chuyển sang gói mút cu cưỡng ép thua trận nhé...?♡
Map007,3,クリック [p0],治療14,18+_治療,セラ,\C[4]セラ,ぎりぎりの状態なのによく耐えましたね。,Đang ở trạng thái suýt soát thế mà anh nhẫn nại giỏi thật đấy.
Map007,3,クリック [p0],治療14,18+_治療,セラ,\C[4]セラ,"ですが……おちんちんそのままでいいんですか？
もうイきたくてしょうがないんでしょう？",Nhưng mà... Để con cu như thế mà được sao? Anh đang thèm bắn tinh lắm rồi đúng không?
Map007,3,クリック [p0],治療14,18+_治療,セラ,\C[4]セラ,"たっぷり熟成した濃い精液、本気の乳首舐め手コキで
どぴゅ～……って射精させてほしいですか？",Anh có muốn em dùng màn sóc cu liếm núm vú hết sức làm tinh dịch đậm đặc ủ lâu trút ra phọt phọt... không?
Map007,3,クリック [p0],治療14,18+_治療,[Choice],[Choice],\c[2]はい,\c[2]Có
Map007,3,クリック [p0],治療14,18+_治療,[Choice],[Choice],いいえ,Không
Map007,3,クリック [p0],治療14,18+_治療,セラ,\C[4]セラ,"あーあ、寸止めで頭が回らなくなってしまいましたか。
可哀そうに。","Ôi dội, bị nhịn bắn tinh làm đầu óc không suy nghĩ nổi nữa rồi sao. Tội nghiệp chưa."
Map007,3,クリック [p0],治療14,18+_治療,セラ,\C[4]セラ,じゃあ、私が今からすっきりさせてあげますからね？♡,Thế thì bây giờ em sẽ giúp anh giải tỏa nhé?♡
Map007,3,クリック [p1],治療14,18+_治療,セラ,\C[4]セラ,ぎりぎりの状態なのによく耐えましたね。,Đang ở trạng thái suýt soát thế mà anh nhẫn nại giỏi thật đấy.
Map007,3,クリック [p1],治療14,18+_治療,セラ,\C[4]セラ,"ですが……おちんちんそのままでいいんですか？
もうイきたくてしょうがないんでしょう？",Nhưng mà... Để con cu như thế mà được sao? Anh đang thèm bắn tinh lắm rồi đúng không?
Map007,3,クリック [p1],治療14,18+_治療,セラ,\C[4]セラ,"たっぷり熟成した濃い精液、本気の乳首舐め手コキで
どぴゅ～……って射精させてほしいですか？",Anh có muốn em dùng màn sóc cu liếm núm vú hết sức làm tinh dịch đậm đặc ủ lâu trút ra phọt phọt... không?
Map007,3,クリック [p1],治療14,18+_治療,[Choice],[Choice],\c[2]はい,\c[2]Có
Map007,3,クリック [p1],治療14,18+_治療,[Choice],[Choice],いいえ,Không
Map007,3,クリック [p1],治療14,18+_治療,セラ,\C[4]セラ,"あーあ、寸止めで頭が回らなくなってしまいましたか。
可哀そうに。","Ôi dội, bị nhịn bắn tinh làm đầu óc không suy nghĩ nổi nữa rồi sao. Tội nghiệp chưa."
Map007,3,クリック [p1],治療14,18+_治療,セラ,\C[4]セラ,じゃあ、私が今からすっきりさせてあげますからね？♡,Thế thì bây giờ em sẽ giúp anh giải tỏa nhé?♡
Map008,1,スタート,OP,Story_OP,,,主人公の名前を入力してください。,Vui lòng nhập tên cho nhân vật chính.
Map008,1,スタート,OP,Story_OP,,,～あらすじ～,～ Tóm tắt cốt truyện ～
Map008,1,スタート,OP,Story_OP,,,"主人公は、早漏すぎてモンスター娘の誘惑に
すぐ負けてしまうことに悩んでいた。","Nhân vật chính vô cùng trăn trở vì chứng xuất tinh sớm, khiến anh dễ dàng đầu hàng trước sự quyến rũ của các Monster Girl."
Map008,1,スタート,OP,Story_OP,,,"彼がたまたま入った早漏治療専門クリニックで
無表情な天使のナース、セラと出会う。","Tình cờ bước vào một phòng khám chuyên trị xuất tinh sớm, anh đã gặp gỡ Sera — cô y tá Thiên Sứ với khuôn mặt lạnh lùng."
Map008,1,スタート,OP,Story_OP,,,"セラは主人公の早漏を治すために
「自分とHなことをして慣れてもらう」治療を
提案するのだった。","Để chữa trị chứng xuất tinh sớm cho nhân vật chính, Sera đã đề xuất liệu pháp trị liệu ""Tự mình làm chuyện dâm dục với anh để anh quen dần""."
Map010,3,クリック [p0],回想,Flashback,※注意※,\c[18]※注意※,"ゲームに進行度に関わらず、シーンを全開放できます。
ただし、\c[18]解放していない状態に戻すことはできません。","Bạn có thể mở khóa toàn bộ phân cảnh bất kể tiến độ chơi. Tuy nhiên, \c[18]không thể khôi phục lại trạng thái chưa mở khóa\c[0]."
Map010,3,クリック [p0],回想,Flashback,,,シーンを全開放しました。,Đã mở khóa toàn bộ phân cảnh.
Map013,3,クリック,アフターケアリスト,18+_AfterCare,※注意※,\c[18]※注意※,"ゲームに進行度に関わらず、シーンを全開放できます。
ただし、\c[18]解放していない状態に戻すことはできません。","Bạn có thể mở khóa toàn bộ phân cảnh bất kể tiến độ chơi. Tuy nhiên, \c[18]không thể khôi phục lại trạng thái chưa mở khóa\c[0]."
Map013,3,クリック,アフターケアリスト,18+_AfterCare,,,シーンを全開放しました。,Đã mở khóa toàn bộ phân cảnh.
Map014,3,クリック [p0],治療2,18+_治療,セラ,\C[4]セラ,"もう時間ですか。せっかく本気の足コキを
してあげようと思ったのに。",Đã đến giờ rồi sao. Đang tính thưởng cho anh màn sóc cu bằng chân hết sức cơ đấy.
Map014,3,クリック [p0],治療2,18+_治療,セラ,\C[4]セラ,"興味、おありですか？
最後にちょっとだけ体験してみます？",Anh có hứng thú không? Muốn trải nghiệm một chút vào phút cuối không?
Map014,3,クリック [p0],治療2,18+_治療,[Choice],[Choice],\c[2]はい,\c[2]Có
Map014,3,クリック [p0],治療2,18+_治療,[Choice],[Choice],いいえ,Không
Map014,3,クリック [p0],治療2,18+_治療,セラ,\C[4]セラ,くす。お馬鹿さんですね。,Hì hì. Anh đúng là đồ ngốc mà.
Map014,3,クリック [p1],治療2,18+_治療,セラ,\C[4]セラ,"もう時間ですか。せっかく本気の足コキを
してあげようと思ったのに。",Đã đến giờ rồi sao. Đang tính thưởng cho anh màn sóc cu bằng chân hết sức cơ đấy.
Map014,3,クリック [p1],治療2,18+_治療,セラ,\C[4]セラ,"興味、おありですか？
最後にちょっとだけ体験してみます？",Anh có hứng thú không? Muốn trải nghiệm một chút vào phút cuối không?
Map014,3,クリック [p1],治療2,18+_治療,[Choice],[Choice],\c[2]はい,\c[2]Có
Map014,3,クリック [p1],治療2,18+_治療,[Choice],[Choice],いいえ,Không
Map014,3,クリック [p1],治療2,18+_治療,セラ,\C[4]セラ,くす。お馬鹿さんですね。,Hì hì. Anh đúng là đồ ngốc mà.
Map017,3,クリック [p0],治療6,18+_治療,セラ,\C[4]セラ,あの……私の誘惑に負けてくれないんですか？,Ờm... Anh không chịu thua trước sự quyến rũ của em sao?
Map017,3,クリック [p0],治療6,18+_治療,セラ,\C[4]セラ,"この服にあなたのお精子かけてもらったって
良いと私は思っているんですが……。",Em nghĩ việc để anh bắn tinh lên bộ đồ này cũng không vấn đề gì đâu...
Map017,3,クリック [p0],治療6,18+_治療,セラ,\C[4]セラ,まだおちんちんしまっちゃわないですよね？,Anh chưa cất con cu vào quần ngay đúng không?
Map017,3,クリック [p0],治療6,18+_治療,[Choice],[Choice],\c[2]はい,\c[2]Có
Map017,3,クリック [p0],治療6,18+_治療,[Choice],[Choice],いいえ,Không
Map017,3,クリック [p0],治療6,18+_治療,セラ,\C[4]セラ,"なら、治療で煮えたぎったお精子、
私にください……♡","Thế thì tinh dịch sôi trào vì trị liệu, hãy cho em đi nào...♡"
Map017,3,クリック [p1],治療6,18+_治療,セラ,\C[4]セラ,あの……私の誘惑に負けてくれないんですか？,Ờm... Anh không chịu thua trước sự quyến rũ của em sao?
Map017,3,クリック [p1],治療6,18+_治療,セラ,\C[4]セラ,"この服にあなたのお精子かけてもらったって
良いと私は思っているんですが……。",Em nghĩ việc để anh bắn tinh lên bộ đồ này cũng không vấn đề gì đâu...
Map017,3,クリック [p1],治療6,18+_治療,セラ,\C[4]セラ,まだおちんちんしまっちゃわないですよね？,Anh chưa cất con cu vào quần ngay đúng không?
Map017,3,クリック [p1],治療6,18+_治療,[Choice],[Choice],\c[2]はい,\c[2]Có
Map017,3,クリック [p1],治療6,18+_治療,[Choice],[Choice],いいえ,Không
Map017,3,クリック [p1],治療6,18+_治療,セラ,\C[4]セラ,"なら、治療で煮えたぎったお精子、
私にください……♡","Thế thì tinh dịch sôi trào vì trị liệu, hãy cho em đi nào...♡"
Map019,3,クリック [p0],治療10,18+_治療,セラ,\C[4]セラ,おっと、あの数字でイく前にお時間が来てしまいましたね。,"Ôi chao, chưa kịp bắn tinh ở con số đó thì đã hết giờ mất rồi."
Map019,3,クリック [p0],治療10,18+_治療,セラ,\C[4]セラ,"……切なそうなお顔をしていますよ。
本当はカウントを下ろしきると同時に射精したかったんですね。",...Nét mặt tiếc nuối chưa kìa. Thực ra anh muốn vừa đếm hết số vừa bắn tinh đúng không.
Map019,3,クリック [p0],治療10,18+_治療,セラ,\C[4]セラ,"今ならまだ間に合いますよ。
あの数字……言ってあげましょうか？",Bây giờ vẫn còn kịp đấy. Con số đó... Anh có muốn em đọc cho không?
Map019,3,クリック [p0],治療10,18+_治療,[Choice],[Choice],\c[2]はい,\c[2]Có
Map019,3,クリック [p0],治療10,18+_治療,[Choice],[Choice],いいえ,Không
Map019,3,クリック [p0],治療10,18+_治療,セラ,\C[4]セラ,"いいでしょう。
では、しっかりと耳を澄まして聞いてくださいね。",Được thôi. Thế thì hãy vểnh tai lên nghe cho rõ nhé.
Map019,3,クリック [p1],治療10,18+_治療,セラ,\C[4]セラ,おっと、あの数字でイく前にお時間が来てしまいましたね。,"Ôi chao, chưa kịp bắn tinh ở con số đó thì đã hết giờ mất rồi."
Map019,3,クリック [p1],治療10,18+_治療,セラ,\C[4]セラ,"……切なそうなお顔をしていますよ。
本当はカウントを下ろしきると同時に射精したかったんですね。",...Nét mặt tiếc nuối chưa kìa. Thực ra anh muốn vừa đếm hết số vừa bắn tinh đúng không.
Map019,3,クリック [p1],治療10,18+_治療,セラ,\C[4]セラ,"今ならまだ間に合いますよ。
あの数字……言ってあげましょうか？",Bây giờ vẫn còn kịp đấy. Con số đó... Anh có muốn em đọc cho không?
Map019,3,クリック [p1],治療10,18+_治療,[Choice],[Choice],\c[2]はい,\c[2]Có
Map019,3,クリック [p1],治療10,18+_治療,[Choice],[Choice],いいえ,Không
Map019,3,クリック [p1],治療10,18+_治療,セラ,\C[4]セラ,"いいでしょう。
では、しっかりと耳を澄まして聞いてくださいね。",Được thôi. Thế thì hãy vểnh tai lên nghe cho rõ nhé.
Map023,3,クリック [p0],治療17,18+_治療,セラ,\C[4]セラ,"私の演技を見破りましたか。
でも良いんですか？　射精しなくて。",Anh nhìn thấu màn diễn xuất của em rồi sao. Nhưng không sao chứ? Không bắn tinh như thế.
Map023,3,クリック [p0],治療17,18+_治療,セラ,\C[4]セラ,"お情けの喘ぎ声をお耳に流し込まれながら
セックスごっこをしてする射精……。",Vừa nghe tiếng rên thương hại rót vào tai vừa làm tình giả lập rồi bắn tinh...
Map023,3,クリック [p0],治療17,18+_治療,セラ,\C[4]セラ,"とっても背徳的で気持ちいいと思いますよ。
だから……『たっぷり中出ししてぇ♡』","Em thấy cực kỳ cảm giác tội lỗi mà sướng lắm đấy. Cho nên... ""Hãy bắn đầy vào trong em đi♡"""
Map023,3,クリック [p0],治療17,18+_治療,[Choice],[Choice],\c[2]はい,\c[2]Có
Map023,3,クリック [p0],治療17,18+_治療,[Choice],[Choice],いいえ,Không
Map023,3,クリック [p0],治療17,18+_治療,セラ,\C[4]セラ,"くす……じゃあ、想像の中のいちゃらぶセックスで
イかせてあげますよ。",Hì hì... Thế em sẽ cho anh lên đỉnh trong màn làm tình nồng nàn trong tưởng tượng nhé.
Map023,3,クリック [p1],治療17,18+_治療,セラ,\C[4]セラ,"私の演技を見破りましたか。
でも良いんですか？　射精しなくて。",Anh nhìn thấu màn diễn xuất của em rồi sao. Nhưng không sao chứ? Không bắn tinh như thế.
Map023,3,クリック [p1],治療17,18+_治療,セラ,\C[4]セラ,"お情けの喘ぎ声をお耳に流し込まれながら
セックスごっこをしてする射精……。",Vừa nghe tiếng rên thương hại rót vào tai vừa làm tình giả lập rồi bắn tinh...
Map023,3,クリック [p1],治療17,18+_治療,セラ,\C[4]セラ,"とっても背徳的で気持ちいいと思いますよ。
だから……『たっぷり中出ししてぇ♡』","Em thấy cực kỳ cảm giác tội lỗi mà sướng lắm đấy. Cho nên... ""Hãy bắn đầy vào trong em đi♡"""
Map023,3,クリック [p1],治療17,18+_治療,[Choice],[Choice],\c[2]はい,\c[2]Có
Map023,3,クリック [p1],治療17,18+_治療,[Choice],[Choice],いいえ,Không
Map023,3,クリック [p1],治療17,18+_治療,セラ,\C[4]セラ,"くす……じゃあ、想像の中のいちゃらぶセックスで
イかせてあげますよ。",Hì hì... Thế em sẽ cho anh lên đỉnh trong màn làm tình nồng nàn trong tưởng tượng nhé.
Map026,3,クリック [p0],治療21,18+_治療,セラ,\C[4]セラ,"うぅ……もう時間ですか……？
まだ嫌です……。",Ưu... Đã hết giờ rồi sao...? Em vẫn chưa muốn đâu...
Map026,3,クリック [p0],治療21,18+_治療,セラ,\C[4]セラ,"ねぇ、もういいでしょう？
絶対怒らないから、負けてくれませんか……？","Này, thế được rồi đúng không? Em hứa không giận đâu, anh chịu thua em có được không...?"
Map026,3,クリック [p0],治療21,18+_治療,[Choice],[Choice],\c[2]はい,\c[2]Có
Map026,3,クリック [p0],治療21,18+_治療,[Choice],[Choice],いいえ,Không
Map026,3,クリック [p0],治療21,18+_治療,セラ,\C[4]セラ,"ふふ……♡
やっと折れてくれた……♡",Hì hì...♡ Cuối cùng anh cũng chịu khuất phục rồi...♡
Map026,3,クリック [p0],治療21,18+_治療,セラ,\C[4]セラ,じゃあ、しちゃいましょうか……♡,Thế chúng ta làm thôi nào...♡
Map026,3,クリック [p1],治療21,18+_治療,セラ,\C[4]セラ,"うぅ……もう時間ですか……？
まだ嫌です……。",Ưu... Đã hết giờ rồi sao...? Em vẫn chưa muốn đâu...
Map026,3,クリック [p1],治療21,18+_治療,セラ,\C[4]セラ,"ねぇ、もういいでしょう？
絶対怒らないから、負けてくれませんか……？","Này, thế được rồi đúng không? Em hứa không giận đâu, anh chịu thua em có được không...?"
Map026,3,クリック [p1],治療21,18+_治療,[Choice],[Choice],\c[2]はい,\c[2]Có
Map026,3,クリック [p1],治療21,18+_治療,[Choice],[Choice],いいえ,Không
Map026,3,クリック [p1],治療21,18+_治療,セラ,\C[4]セラ,"ふふ……♡
やっと折れてくれた……♡",Hì hì...♡ Cuối cùng anh cũng chịu khuất phục rồi...♡
Map026,3,クリック [p1],治療21,18+_治療,セラ,\C[4]セラ,じゃあ、しちゃいましょうか……♡,Thế chúng ta làm thôi nào...♡
Map029,3,クリック [p0],治療24,18+_治療,セラR,\C[4]セラR,"いいんですか？
もう終わってしまって",Anh có chắc không? Kết thúc thế này sao?
Map029,3,クリック [p0],治療24,18+_治療,セラL,\C[4]セラL,二人から搾り取ってもらえるチャンスですよ？,Cơ hội tốt để được cả hai bọn em vắt kiệt đấy nhé?
Map029,3,クリック [p0],治療24,18+_治療,セラR,\C[4]セラR,"今降参したら、二人がかりでいじめてもらう
最高の射精、させてあげますよ。","Nếu bây giờ đầu hàng, hai bọn em sẽ cùng hành hạ cho anh bắn tinh sướng nhất luôn."
Map029,3,クリック [p0],治療24,18+_治療,[Choice],[Choice],\c[2]はい,\c[2]Có
Map029,3,クリック [p0],治療24,18+_治療,[Choice],[Choice],いいえ,Không
Map029,3,クリック [p0],治療24,18+_治療,セラR&L,\C[4]セラR&L,"くす……♡
このばーか……♡",Hì hì...♡ Đồ ngốc này...♡
Map029,3,クリック [p1],治療24,18+_治療,セラR,\C[4]セラR,"いいんですか？
もう終わってしまって",Anh có chắc không? Kết thúc thế này sao?
Map029,3,クリック [p1],治療24,18+_治療,セラL,\C[4]セラL,二人から搾り取ってもらえるチャンスですよ？,Cơ hội tốt để được cả hai bọn em vắt kiệt đấy nhé?
Map029,3,クリック [p1],治療24,18+_治療,セラR,\C[4]セラR,"今降参したら、二人がかりでいじめてもらう
最高の射精、させてあげますよ。","Nếu bây giờ đầu hàng, hai bọn em sẽ cùng hành hạ cho anh bắn tinh sướng nhất luôn."
Map029,3,クリック [p1],治療24,18+_治療,[Choice],[Choice],\c[2]はい,\c[2]Có
Map029,3,クリック [p1],治療24,18+_治療,[Choice],[Choice],いいえ,Không
Map029,3,クリック [p1],治療24,18+_治療,セラR&L,\C[4]セラR&L,"くす……♡
このばーか……♡",Hì hì...♡ Đồ ngốc này...♡
Map032,1,メインストーリー,メインストーリー,Story_Main,,,ショップに新たな商品が追加された！,Cửa hàng đã bổ sung thêm sản phẩm mới!
